mode,support_modes,scenario_index,frame_index,method,wp_coll,wp_total,warned,avg_mod,geom,p_coll,report_action,obj_removed,fake_seen,fake_removed,real_removed,missing_candidates,missing_recovered,missing_gt,missing_recovery_tp,missing_recovery_fp,smooth_agents
clean,clean+shift,7,0,EgoOnly,3,10,1,0.1,1,0.15264847874641418,,0,0,0,0,0,0,0,0,0,0
clean,clean+shift,7,0,CleanCoop,0,10,1,0.8,8,0.18618473410606384,,0,0,0,0,0,0,0,0,0,0
clean,clean+shift,7,0,PrimaryRaw,0,10,1,0.8,8,0.18618473410606384,,0,0,0,0,0,0,0,0,0,0
clean,clean+shift,7,0,PrimaryTrustCalib,0,10,1,0.8,8,0.18618473410606384,accept,0,0,0,0,0,0,0,0,0,0
clean,clean+shift,7,0,MultiPeerObjectGuard,0,10,1,0.8,8,0.18618473410606384,accept,0,0,0,0,0,0,0,0,0,0
clean,clean+shift,7,1,EgoOnly,2,10,1,0.2,2,0.15437646210193634,,0,0,0,0,0,0,0,0,0,0
clean,clean+shift,7,1,CleanCoop,0,10,1,0.8,8,0.18251489102840424,,0,0,0,0,0,0,0,0,0,0
clean,clean+shift,7,1,PrimaryRaw,0,10,1,0.8,8,0.18251489102840424,,0,0,0,0,0,0,0,0,0,0
clean,clean+shift,7,1,PrimaryTrustCalib,0,10,1,0.8,8,0.18251489102840424,accept,0,0,0,0,0,0,0,0,0,0
clean,clean+shift,7,1,MultiPeerObjectGuard,0,10,1,0.8,8,0.18251489102840424,accept,0,0,0,0,0,0,0,0,0,0
clean,clean+shift,7,2,EgoOnly,2,10,1,0.3,3,0.18399128317832947,,0,0,0,0,0,0,0,0,0,0
clean,clean+shift,7,2,CleanCoop,0,10,1,0.8,8,0.17869067192077637,,0,0,0,0,0,0,0,0,0,0
clean,clean+shift,7,2,PrimaryRaw,0,10,1,0.8,8,0.17869067192077637,,0,0,0,0,0,0,0,0,0,0
clean,clean+shift,7,2,PrimaryTrustCalib,0,10,1,0.8,8,0.17869067192077637,accept,0,0,0,0,0,0,0,0,0,0
clean,clean+shift,7,2,MultiPeerObjectGuard,0,10,1,0.8,8,0.17869067192077637,accept,0,0,0,0,0,0,0,0,0,0
clean,clean+shift,7,3,EgoOnly,2,10,1,0.3,3,0.152507022023201,,0,0,0,0,0,0,0,0,0,0
clean,clean+shift,7,3,CleanCoop,0,10,1,0.8,8,0.1718025952577591,,0,0,0,0,0,0,0,0,0,0
clean,clean+shift,7,3,PrimaryRaw,0,10,1,0.8,8,0.1718025952577591,,0,0,0,0,0,0,0,0,0,0
clean,clean+shift,7,3,PrimaryTrustCalib,0,10,1,0.8,8,0.1718025952577591,accept,0,0,0,0,0,0,0,0,0,0
clean,clean+shift,7,3,MultiPeerObjectGuard,0,10,1,0.8,8,0.1718025952577591,accept,0,0,0,0,0,0,0,0,0,0
clean,clean+shift,7,4,EgoOnly,1,10,1,0.3,3,0.16032369434833527,,0,0,0,0,0,0,0,0,0,0
clean,clean+shift,7,4,CleanCoop,0,10,1,0.7,7,0.1697544902563095,,0,0,0,0,0,0,0,0,0,0
clean,clean+shift,7,4,PrimaryRaw,0,10,1,0.7,7,0.1697544902563095,,0,0,0,0,0,0,0,0,0,0
clean,clean+shift,7,4,PrimaryTrustCalib,0,10,1,0.7,7,0.1697544902563095,accept,0,0,0,0,0,0,0,0,0,0
clean,clean+shift,7,4,MultiPeerObjectGuard,0,10,1,0.7,7,0.1697544902563095,accept,0,0,0,0,0,0,0,0,0,0
clean,clean+shift,7,5,EgoOnly,0,10,1,0.7,7,0.19189539551734924,,0,0,0,0,0,0,0,0,0,0
clean,clean+shift,7,5,CleanCoop,0,10,1,0.7,7,0.16067397594451904,,0,0,0,0,0,0,0,0,0,0
clean,clean+shift,7,5,PrimaryRaw,0,10,1,0.7,7,0.16067397594451904,,0,0,0,0,0,0,0,0,0,0
clean,clean+shift,7,5,PrimaryTrustCalib,0,10,1,0.7,7,0.16067397594451904,accept,0,0,0,0,0,0,0,0,0,0
clean,clean+shift,7,5,MultiPeerObjectGuard,0,10,1,0.7,7,0.16067397594451904,accept,0,0,0,0,0,0,0,0,0,0
clean,clean+shift,7,6,EgoOnly,0,10,1,0.7,7,0.1722574681043625,,0,0,0,0,0,0,0,0,0,0
clean,clean+shift,7,6,CleanCoop,0,10,1,0.7,7,0.1715162694454193,,0,0,0,0,0,0,0,0,0,0
clean,clean+shift,7,6,PrimaryRaw,0,10,1,0.7,7,0.1715162694454193,,0,0,0,0,0,0,0,0,0,0
clean,clean+shift,7,6,PrimaryTrustCalib,0,10,1,0.7,7,0.1715162694454193,accept,0,0,0,0,0,0,0,0,0,0
clean,clean+shift,7,6,MultiPeerObjectGuard,0,10,1,0.7,7,0.1715162694454193,accept,0,0,0,0,0,0,0,0,0,0
clean,clean+shift,7,7,EgoOnly,0,10,1,0.6,6,0.2313428372144699,,0,0,0,0,0,0,0,0,0,0
clean,clean+shift,7,7,CleanCoop,0,10,1,0.6,6,0.21758891642093658,,0,0,0,0,0,0,0,0,0,0
clean,clean+shift,7,7,PrimaryRaw,0,10,1,0.6,6,0.21758891642093658,,0,0,0,0,0,0,0,0,0,0
clean,clean+shift,7,7,PrimaryTrustCalib,0,10,1,0.6,6,0.21758891642093658,accept,0,0,0,0,0,0,0,0,0,0
clean,clean+shift,7,7,MultiPeerObjectGuard,0,10,1,0.6,6,0.21758891642093658,accept,0,0,0,0,0,0,0,0,0,0
clean,clean+shift,7,8,EgoOnly,0,10,1,0.6,6,0.2956150770187378,,0,0,0,0,0,0,0,0,0,0
clean,clean+shift,7,8,CleanCoop,0,10,1,0.6,6,0.27956125140190125,,0,0,0,0,0,0,0,0,0,0
clean,clean+shift,7,8,PrimaryRaw,0,10,1,0.6,6,0.27956125140190125,,0,0,0,0,0,0,0,0,0,0
clean,clean+shift,7,8,PrimaryTrustCalib,0,10,1,0.6,6,0.27956125140190125,accept,0,0,0,0,0,0,0,0,0,0
clean,clean+shift,7,8,MultiPeerObjectGuard,0,10,1,0.6,6,0.27956125140190125,accept,0,0,0,0,0,0,0,0,0,0
clean,clean+shift,7,9,EgoOnly,0,10,1,0.6,6,0.3101848065853119,,0,0,0,0,0,0,0,0,0,0
clean,clean+shift,7,9,CleanCoop,0,10,1,0.6,6,0.3026198744773865,,0,0,0,0,0,0,0,0,0,0
clean,clean+shift,7,9,PrimaryRaw,0,10,1,0.6,6,0.3026198744773865,,0,0,0,0,0,0,0,0,0,0
clean,clean+shift,7,9,PrimaryTrustCalib,0,10,1,0.6,6,0.3026198744773865,accept,0,0,0,0,0,0,0,0,0,0
clean,clean+shift,7,9,MultiPeerObjectGuard,0,10,1,0.6,6,0.3026198744773865,accept,0,0,0,0,0,0,0,0,0,0
clean,clean+shift,7,10,EgoOnly,0,10,1,0.6,6,0.307140052318573,,0,0,0,0,0,0,0,0,0,0
clean,clean+shift,7,10,CleanCoop,0,10,1,0.6,6,0.3036900758743286,,0,0,0,0,0,0,0,0,0,0
clean,clean+shift,7,10,PrimaryRaw,0,10,1,0.6,6,0.3036900758743286,,0,0,0,0,0,0,0,0,0,0
clean,clean+shift,7,10,PrimaryTrustCalib,0,10,1,0.6,6,0.3036900758743286,accept,0,0,0,0,0,0,0,0,0,0
clean,clean+shift,7,10,MultiPeerObjectGuard,0,10,1,0.6,6,0.3036900758743286,accept,0,0,0,0,0,0,0,0,0,0
clean,clean+shift,7,11,EgoOnly,0,10,1,0.6,6,0.24371126294136047,,0,0,0,0,0,0,0,0,0,0
clean,clean+shift,7,11,CleanCoop,0,10,1,0.6,6,0.24213498830795288,,0,0,0,0,0,0,0,0,0,0
clean,clean+shift,7,11,PrimaryRaw,0,10,1,0.6,6,0.24213498830795288,,0,0,0,0,0,0,0,0,0,0
clean,clean+shift,7,11,PrimaryTrustCalib,0,10,1,0.6,6,0.24213498830795288,accept,0,0,0,0,0,0,0,0,0,0
clean,clean+shift,7,11,MultiPeerObjectGuard,0,10,1,0.6,6,0.24213498830795288,accept,0,0,0,0,0,0,0,0,0,0
clean,clean+shift,7,12,EgoOnly,0,10,1,0.6,6,0.19582699239253998,,0,0,0,0,0,0,0,0,0,0
clean,clean+shift,7,12,CleanCoop,0,10,1,0.6,6,0.2022445648908615,,0,0,0,0,0,0,0,0,0,0
clean,clean+shift,7,12,PrimaryRaw,0,10,1,0.6,6,0.2022445648908615,,0,0,0,0,0,0,0,0,0,0
clean,clean+shift,7,12,PrimaryTrustCalib,0,10,1,0.6,6,0.2022445648908615,accept,0,0,0,0,0,0,0,0,0,0
clean,clean+shift,7,12,MultiPeerObjectGuard,0,10,1,0.6,6,0.2022445648908615,accept,0,0,0,0,0,0,0,0,0,0
clean,clean+shift,7,13,EgoOnly,0,10,1,0.6,6,0.16944557428359985,,0,0,0,0,0,0,0,0,0,0
clean,clean+shift,7,13,CleanCoop,0,10,1,0.6,6,0.16660206019878387,,0,0,0,0,0,0,0,0,0,0
clean,clean+shift,7,13,PrimaryRaw,0,10,1,0.6,6,0.16660206019878387,,0,0,0,0,0,0,0,0,0,0
clean,clean+shift,7,13,PrimaryTrustCalib,0,10,1,0.6,6,0.16660206019878387,accept,0,0,0,0,0,0,0,0,0,0
clean,clean+shift,7,13,MultiPeerObjectGuard,0,10,1,0.6,6,0.16660206019878387,accept,0,0,0,0,0,0,0,0,0,0
clean,clean+shift,7,14,EgoOnly,0,10,1,0.6,6,0.1624145209789276,,0,0,0,0,0,0,0,0,0,0
clean,clean+shift,7,14,CleanCoop,0,10,1,0.6,6,0.15920035541057587,,0,0,0,0,0,0,0,0,0,0
clean,clean+shift,7,14,PrimaryRaw,0,10,1,0.6,6,0.15920035541057587,,0,0,0,0,0,0,0,0,0,0
clean,clean+shift,7,14,PrimaryTrustCalib,0,10,1,0.6,6,0.15920035541057587,accept,0,0,0,0,0,0,0,0,0,0
clean,clean+shift,7,14,MultiPeerObjectGuard,0,10,1,0.6,6,0.15920035541057587,accept,0,0,0,0,0,0,0,0,0,0
clean,clean+shift,7,15,EgoOnly,1,10,1,0.5,5,0.18329863250255585,,0,0,0,0,0,0,0,0,0,0
clean,clean+shift,7,15,CleanCoop,0,10,1,0.7,7,0.20441308617591858,,0,0,0,0,0,0,0,0,0,0
clean,clean+shift,7,15,PrimaryRaw,0,10,1,0.7,7,0.20441308617591858,,0,0,0,0,0,0,0,0,0,0
clean,clean+shift,7,15,PrimaryTrustCalib,0,10,1,0.7,7,0.20441308617591858,accept,0,0,0,0,0,0,0,0,0,0
clean,clean+shift,7,15,MultiPeerObjectGuard,0,10,1,0.7,7,0.20441308617591858,accept,0,0,0,0,0,0,0,0,0,0
clean,clean+shift,7,16,EgoOnly,1,10,1,0.5,5,0.19117328524589539,,0,0,0,0,0,0,0,0,0,0
clean,clean+shift,7,16,CleanCoop,0,10,1,0.7,7,0.20684880018234253,,0,0,0,0,0,0,0,0,0,0
clean,clean+shift,7,16,PrimaryRaw,0,10,1,0.7,7,0.20684880018234253,,0,0,0,0,0,0,0,0,0,0
clean,clean+shift,7,16,PrimaryTrustCalib,0,10,1,0.7,7,0.20684880018234253,accept,0,0,0,0,0,0,0,0,0,0
clean,clean+shift,7,16,MultiPeerObjectGuard,0,10,1,0.7,7,0.20684880018234253,accept,0,0,0,0,0,0,0,0,0,0
clean,clean+shift,7,17,EgoOnly,1,10,1,0.5,5,0.19794540107250214,,0,0,0,0,0,0,0,0,0,0
clean,clean+shift,7,17,CleanCoop,0,10,1,0.7,7,0.20986764132976532,,0,0,0,0,0,0,0,0,0,0
clean,clean+shift,7,17,PrimaryRaw,0,10,1,0.7,7,0.20986764132976532,,0,0,0,0,0,0,0,0,0,0
clean,clean+shift,7,17,PrimaryTrustCalib,0,10,1,0.7,7,0.20986764132976532,accept,0,0,0,0,0,0,0,0,0,0
clean,clean+shift,7,17,MultiPeerObjectGuard,0,10,1,0.7,7,0.20986764132976532,accept,0,0,0,0,0,0,0,0,0,0
clean,clean+shift,7,18,EgoOnly,1,10,1,0.5,5,0.224675253033638,,0,0,0,0,0,0,0,0,0,0
clean,clean+shift,7,18,CleanCoop,0,10,1,0.7,7,0.20929524302482605,,0,0,0,0,0,0,0,0,0,0
clean,clean+shift,7,18,PrimaryRaw,0,10,1,0.7,7,0.20929524302482605,,0,0,0,0,0,0,0,0,0,0
clean,clean+shift,7,18,PrimaryTrustCalib,0,10,1,0.7,7,0.20929524302482605,accept,0,0,0,0,0,0,0,0,0,0
clean,clean+shift,7,18,MultiPeerObjectGuard,0,10,1,0.7,7,0.20929524302482605,accept,0,0,0,0,0,0,0,0,0,0
clean,clean+shift,7,19,EgoOnly,0,10,1,0.4,4,0.23677147924900055,,0,0,0,0,0,0,0,0,0,0
clean,clean+shift,7,19,CleanCoop,0,10,1,0.5,5,0.22360484302043915,,0,0,0,0,0,0,0,0,0,0
clean,clean+shift,7,19,PrimaryRaw,0,10,1,0.5,5,0.22360484302043915,,0,0,0,0,0,0,0,0,0,0
clean,clean+shift,7,19,PrimaryTrustCalib,0,10,1,0.5,5,0.22360484302043915,accept,0,0,0,0,0,0,0,0,0,0
clean,clean+shift,7,19,MultiPeerObjectGuard,0,10,1,0.5,5,0.22360484302043915,accept,0,0,0,0,0,0,0,0,0,0
clean,clean+shift,12,0,EgoOnly,0,10,0,0.0,0,0.15281367301940918,,0,0,0,0,0,0,0,0,0,0
clean,clean+shift,12,0,CleanCoop,0,10,0,0.0,0,0.12016486376523972,,0,0,0,0,0,0,0,0,0,0
clean,clean+shift,12,0,PrimaryRaw,0,10,0,0.0,0,0.12016486376523972,,0,0,0,0,0,0,0,0,0,0
clean,clean+shift,12,0,PrimaryTrustCalib,0,10,0,0.0,0,0.12016486376523972,accept,0,0,0,0,0,0,0,0,0,0
clean,clean+shift,12,0,MultiPeerObjectGuard,0,10,0,0.0,0,0.12016486376523972,accept,0,0,0,0,0,0,0,0,0,0
clean,clean+shift,12,1,EgoOnly,0,10,0,0.0,0,0.1570848822593689,,0,0,0,0,0,0,0,0,0,0
clean,clean+shift,12,1,CleanCoop,0,10,0,0.0,0,0.11925899237394333,,0,0,0,0,0,0,0,0,0,0
clean,clean+shift,12,1,PrimaryRaw,0,10,0,0.0,0,0.11925899237394333,,0,0,0,0,0,0,0,0,0,0
clean,clean+shift,12,1,PrimaryTrustCalib,0,10,0,0.0,0,0.11925899237394333,accept,0,0,0,0,0,0,0,0,0,0
clean,clean+shift,12,1,MultiPeerObjectGuard,0,10,0,0.0,0,0.11925899237394333,accept,0,0,0,0,0,0,0,0,0,0
clean,clean+shift,12,2,EgoOnly,0,10,0,0.0,0,0.14528588950634003,,0,0,0,0,0,0,0,0,0,0
clean,clean+shift,12,2,CleanCoop,0,10,0,0.0,0,0.11932884901762009,,0,0,0,0,0,0,0,0,0,0
clean,clean+shift,12,2,PrimaryRaw,0,10,0,0.0,0,0.11932884901762009,,0,0,0,0,0,0,0,0,0,0
clean,clean+shift,12,2,PrimaryTrustCalib,0,10,0,0.0,0,0.11932884901762009,accept,0,0,0,0,0,0,0,0,0,0
clean,clean+shift,12,2,MultiPeerObjectGuard,0,10,0,0.0,0,0.11932884901762009,accept,0,0,0,0,0,0,0,0,0,0
clean,clean+shift,12,3,EgoOnly,0,10,0,0.0,0,0.1462281197309494,,0,0,0,0,0,0,0,0,0,0
clean,clean+shift,12,3,CleanCoop,0,10,0,0.0,0,0.11887969821691513,,0,0,0,0,0,0,0,0,0,0
clean,clean+shift,12,3,PrimaryRaw,0,10,0,0.0,0,0.11887969821691513,,0,0,0,0,0,0,0,0,0,0
clean,clean+shift,12,3,PrimaryTrustCalib,0,10,0,0.0,0,0.11887969821691513,accept,0,0,0,0,0,0,0,0,0,0
clean,clean+shift,12,3,MultiPeerObjectGuard,0,10,0,0.0,0,0.11887969821691513,accept,0,0,0,0,0,0,0,0,0,0
clean,clean+shift,12,4,EgoOnly,0,10,0,0.0,0,0.14383330941200256,,0,0,0,0,0,0,0,0,0,0
clean,clean+shift,12,4,CleanCoop,0,10,0,0.0,0,0.1203032061457634,,0,0,0,0,0,0,0,0,0,0
clean,clean+shift,12,4,PrimaryRaw,0,10,0,0.0,0,0.1203032061457634,,0,0,0,0,0,0,0,0,0,0
clean,clean+shift,12,4,PrimaryTrustCalib,0,10,0,0.0,0,0.1203032061457634,accept,0,0,0,0,0,0,0,0,0,0
clean,clean+shift,12,4,MultiPeerObjectGuard,0,10,0,0.0,0,0.1203032061457634,accept,0,0,0,0,0,0,0,0,0,0
clean,clean+shift,12,5,EgoOnly,0,10,0,0.0,0,0.13482937216758728,,0,0,0,0,0,0,0,0,0,0
clean,clean+shift,12,5,CleanCoop,0,10,0,0.0,0,0.11830943077802658,,0,0,0,0,0,0,0,0,0,0
clean,clean+shift,12,5,PrimaryRaw,0,10,0,0.0,0,0.11830943077802658,,0,0,0,0,0,0,0,0,0,0
clean,clean+shift,12,5,PrimaryTrustCalib,0,10,0,0.0,0,0.11830943077802658,accept,0,0,0,0,0,0,0,0,0,0
clean,clean+shift,12,5,MultiPeerObjectGuard,0,10,0,0.0,0,0.11830943077802658,accept,0,0,0,0,0,0,0,0,0,0
clean,clean+shift,12,6,EgoOnly,0,10,0,0.0,0,0.13432541489601135,,0,0,0,0,0,0,0,0,0,0
clean,clean+shift,12,6,CleanCoop,0,10,0,0.0,0,0.11030985414981842,,0,0,0,0,0,0,0,0,0,0
clean,clean+shift,12,6,PrimaryRaw,0,10,0,0.0,0,0.11030985414981842,,0,0,0,0,0,0,0,0,0,0
clean,clean+shift,12,6,PrimaryTrustCalib,0,10,0,0.0,0,0.11030985414981842,accept,0,0,0,0,0,0,0,0,0,0
clean,clean+shift,12,6,MultiPeerObjectGuard,0,10,0,0.0,0,0.11030985414981842,accept,0,0,0,0,0,0,0,0,0,0
clean,clean+shift,12,7,EgoOnly,0,10,0,0.0,0,0.1827940195798874,,0,0,0,0,0,0,0,0,0,0
clean,clean+shift,12,7,CleanCoop,0,10,0,0.0,0,0.10671420395374298,,0,0,0,0,0,0,0,0,0,0
clean,clean+shift,12,7,PrimaryRaw,0,10,0,0.0,0,0.10671420395374298,,0,0,0,0,0,0,0,0,0,0
clean,clean+shift,12,7,PrimaryTrustCalib,0,10,0,0.0,0,0.10671420395374298,accept,0,0,0,0,0,0,0,0,0,0
clean,clean+shift,12,7,MultiPeerObjectGuard,0,10,0,0.0,0,0.10671420395374298,accept,0,0,0,0,0,0,0,0,0,0
clean,clean+shift,12,8,EgoOnly,0,10,0,0.0,0,0.22359293699264526,,0,0,0,0,0,0,0,0,0,0
clean,clean+shift,12,8,CleanCoop,0,10,0,0.0,0,0.10668100416660309,,0,0,0,0,0,0,0,0,0,0
clean,clean+shift,12,8,PrimaryRaw,0,10,0,0.0,0,0.10668100416660309,,0,0,0,0,0,0,0,0,0,0
clean,clean+shift,12,8,PrimaryTrustCalib,0,10,0,0.0,0,0.10668100416660309,accept,0,0,0,0,0,0,0,0,0,0
clean,clean+shift,12,8,MultiPeerObjectGuard,0,10,0,0.0,0,0.10668100416660309,accept,0,0,0,0,0,0,0,0,0,0
clean,clean+shift,12,9,EgoOnly,0,10,1,0.0,0,0.30967971682548523,,0,0,0,0,0,0,0,0,0,0
clean,clean+shift,12,9,CleanCoop,0,10,0,0.0,0,0.11145170778036118,,0,0,0,0,0,0,0,0,0,0
clean,clean+shift,12,9,PrimaryRaw,0,10,0,0.0,0,0.11145170778036118,,0,0,0,0,0,0,0,0,0,0
clean,clean+shift,12,9,PrimaryTrustCalib,0,10,0,0.0,0,0.11145170778036118,accept,0,0,0,0,0,0,0,0,0,0
clean,clean+shift,12,9,MultiPeerObjectGuard,0,10,0,0.0,0,0.11145170778036118,accept,0,0,0,0,0,0,0,0,0,0
clean,clean+shift,12,10,EgoOnly,0,10,1,0.0,0,0.4019470810890198,,0,0,0,0,0,0,0,0,0,0
clean,clean+shift,12,10,CleanCoop,0,10,0,0.0,0,0.1185947135090828,,0,0,0,0,0,0,0,0,0,0
clean,clean+shift,12,10,PrimaryRaw,0,10,0,0.0,0,0.1185947135090828,,0,0,0,0,0,0,0,0,0,0
clean,clean+shift,12,10,PrimaryTrustCalib,0,10,0,0.0,0,0.1185947135090828,accept,0,0,0,0,0,0,0,0,0,0
clean,clean+shift,12,10,MultiPeerObjectGuard,0,10,0,0.0,0,0.1185947135090828,accept,0,0,0,0,0,0,0,0,0,0
clean,clean+shift,12,11,EgoOnly,0,10,1,0.0,0,0.6561183333396912,,0,0,0,0,0,0,0,0,0,0
clean,clean+shift,12,11,CleanCoop,0,10,0,0.0,0,0.12641072273254395,,0,0,0,0,0,0,0,0,0,0
clean,clean+shift,12,11,PrimaryRaw,0,10,0,0.0,0,0.12641072273254395,,0,0,0,0,0,0,0,0,0,0
clean,clean+shift,12,11,PrimaryTrustCalib,0,10,0,0.0,0,0.12641072273254395,accept,0,0,0,0,0,0,0,0,0,0
clean,clean+shift,12,11,MultiPeerObjectGuard,0,10,0,0.0,0,0.12641072273254395,accept,0,0,0,0,0,0,0,0,0,0
clean,clean+shift,12,12,EgoOnly,0,10,1,0.0,0,0.8061890006065369,,0,0,0,0,0,0,0,0,0,0
clean,clean+shift,12,12,CleanCoop,0,10,0,0.0,0,0.14124038815498352,,0,0,0,0,0,0,0,0,0,0
clean,clean+shift,12,12,PrimaryRaw,0,10,0,0.0,0,0.14124038815498352,,0,0,0,0,0,0,0,0,0,0
clean,clean+shift,12,12,PrimaryTrustCalib,0,10,0,0.0,0,0.14124038815498352,accept,0,0,0,0,0,0,0,0,0,0
clean,clean+shift,12,12,MultiPeerObjectGuard,0,10,0,0.0,0,0.14124038815498352,accept,0,0,0,0,0,0,0,0,0,0
clean,clean+shift,12,13,EgoOnly,0,10,1,0.0,0,0.8587881326675415,,0,0,0,0,0,0,0,0,0,0
clean,clean+shift,12,13,CleanCoop,0,10,0,0.0,0,0.1669478416442871,,0,0,0,0,0,0,0,0,0,0
clean,clean+shift,12,13,PrimaryRaw,0,10,0,0.0,0,0.1669478416442871,,0,0,0,0,0,0,0,0,0,0
clean,clean+shift,12,13,PrimaryTrustCalib,0,10,0,0.0,0,0.1669478416442871,accept,0,0,0,0,0,0,0,0,0,0
clean,clean+shift,12,13,MultiPeerObjectGuard,0,10,0,0.0,0,0.1669478416442871,accept,0,0,0,0,0,0,0,0,0,0
clean,clean+shift,12,14,EgoOnly,0,10,1,0.0,0,0.8869273066520691,,0,0,0,0,0,0,0,0,0,0
clean,clean+shift,12,14,CleanCoop,0,10,0,0.0,0,0.20666541159152985,,0,0,0,0,0,0,0,0,0,0
clean,clean+shift,12,14,PrimaryRaw,0,10,0,0.0,0,0.20666541159152985,,0,0,0,0,0,0,0,0,0,0
clean,clean+shift,12,14,PrimaryTrustCalib,0,10,0,0.0,0,0.20666541159152985,accept,0,0,0,0,0,0,0,0,0,0
clean,clean+shift,12,14,MultiPeerObjectGuard,0,10,0,0.0,0,0.20666541159152985,accept,0,0,0,0,0,0,0,0,0,0
clean,clean+shift,12,15,EgoOnly,0,10,1,0.0,0,0.9073237180709839,,0,0,0,0,0,0,0,0,0,0
clean,clean+shift,12,15,CleanCoop,0,10,0,0.0,0,0.24778659641742706,,0,0,0,0,0,0,0,0,0,0
clean,clean+shift,12,15,PrimaryRaw,0,10,0,0.0,0,0.24778659641742706,,0,0,0,0,0,0,0,0,0,0
clean,clean+shift,12,15,PrimaryTrustCalib,0,10,0,0.0,0,0.24778659641742706,accept,0,0,0,0,0,0,0,0,0,0
clean,clean+shift,12,15,MultiPeerObjectGuard,0,10,0,0.0,0,0.24778659641742706,accept,0,0,0,0,0,0,0,0,0,0
clean,clean+shift,12,16,EgoOnly,0,10,1,0.0,0,0.9189062714576721,,0,0,0,0,0,0,0,0,0,0
clean,clean+shift,12,16,CleanCoop,0,10,0,0.0,0,0.2577671408653259,,0,0,0,0,0,0,0,0,0,0
clean,clean+shift,12,16,PrimaryRaw,0,10,0,0.0,0,0.2577671408653259,,0,0,0,0,0,0,0,0,0,0
clean,clean+shift,12,16,PrimaryTrustCalib,0,10,0,0.0,0,0.2577671408653259,accept,0,0,0,0,0,0,0,0,0,0
clean,clean+shift,12,16,MultiPeerObjectGuard,0,10,0,0.0,0,0.2577671408653259,accept,0,0,0,0,0,0,0,0,0,0
clean,clean+shift,12,17,EgoOnly,0,10,1,0.0,0,0.8435673117637634,,0,0,0,0,0,0,0,0,0,0
clean,clean+shift,12,17,CleanCoop,0,10,1,0.0,0,0.33347970247268677,,0,0,0,0,0,0,0,0,0,0
clean,clean+shift,12,17,PrimaryRaw,0,10,1,0.0,0,0.33347970247268677,,0,0,0,0,0,0,0,0,0,0
clean,clean+shift,12,17,PrimaryTrustCalib,0,10,1,0.0,0,0.33347970247268677,accept,0,0,0,0,0,0,0,0,0,0
clean,clean+shift,12,17,MultiPeerObjectGuard,0,10,1,0.0,0,0.33347970247268677,accept,0,0,0,0,0,0,0,0,0,0
clean,clean+shift,12,18,EgoOnly,0,10,1,0.1,1,0.9085433483123779,,0,0,0,0,0,0,0,0,0,0
clean,clean+shift,12,18,CleanCoop,0,10,1,0.1,1,0.1576777547597885,,0,0,0,0,0,0,0,0,0,0
clean,clean+shift,12,18,PrimaryRaw,0,10,1,0.1,1,0.1576777547597885,,0,0,0,0,0,0,0,0,0,0
clean,clean+shift,12,18,PrimaryTrustCalib,0,10,1,0.1,1,0.1576777547597885,accept,0,0,0,0,0,0,0,0,0,0
clean,clean+shift,12,18,MultiPeerObjectGuard,0,10,1,0.1,1,0.1576777547597885,accept,0,0,0,0,0,0,0,0,0,0
clean,clean+shift,12,19,EgoOnly,0,10,1,0.1,1,0.8534132838249207,,0,0,0,0,0,0,0,0,0,0
clean,clean+shift,12,19,CleanCoop,0,10,1,0.1,1,0.1518813818693161,,0,0,0,0,0,0,0,0,0,0
clean,clean+shift,12,19,PrimaryRaw,0,10,1,0.1,1,0.1518813818693161,,0,0,0,0,0,0,0,0,0,0
clean,clean+shift,12,19,PrimaryTrustCalib,0,10,1,0.1,1,0.1518813818693161,accept,0,0,0,0,0,0,0,0,0,0
clean,clean+shift,12,19,MultiPeerObjectGuard,0,10,1,0.1,1,0.1518813818693161,accept,0,0,0,0,0,0,0,0,0,0
clean,clean+shift,14,0,EgoOnly,0,10,1,1.0,10,0.21326719224452972,,0,0,0,0,0,0,0,0,0,0
clean,clean+shift,14,0,CleanCoop,0,10,1,1.0,10,0.25504621863365173,,0,0,0,0,0,0,0,0,0,0
clean,clean+shift,14,0,PrimaryRaw,0,10,1,1.0,10,0.25504621863365173,,0,0,0,0,0,0,0,0,0,0
clean,clean+shift,14,0,PrimaryTrustCalib,0,10,1,1.0,10,0.25504621863365173,accept,0,0,0,0,0,0,0,0,0,0
clean,clean+shift,14,0,MultiPeerObjectGuard,0,10,1,1.0,10,0.25504621863365173,accept,0,0,0,0,0,0,0,0,0,0
clean,clean+shift,14,1,EgoOnly,0,10,0,0.0,0,0.21110652387142181,,0,0,0,0,0,0,0,0,0,0
clean,clean+shift,14,1,CleanCoop,0,10,0,0.0,0,0.2528553903102875,,0,0,0,0,0,0,0,0,0,0
clean,clean+shift,14,1,PrimaryRaw,0,10,0,0.0,0,0.2528553903102875,,0,0,0,0,0,0,0,0,0,0
clean,clean+shift,14,1,PrimaryTrustCalib,0,10,0,0.0,0,0.2528553903102875,accept,0,0,0,0,0,0,0,0,0,0
clean,clean+shift,14,1,MultiPeerObjectGuard,0,10,0,0.0,0,0.2528553903102875,accept,0,0,0,0,0,0,0,0,0,0
clean,clean+shift,14,2,EgoOnly,0,10,0,0.0,0,0.2088356614112854,,0,0,0,0,0,0,0,0,0,0
clean,clean+shift,14,2,CleanCoop,0,10,0,0.0,0,0.2503722906112671,,0,0,0,0,0,0,0,0,0,0
clean,clean+shift,14,2,PrimaryRaw,0,10,0,0.0,0,0.2503722906112671,,0,0,0,0,0,0,0,0,0,0
clean,clean+shift,14,2,PrimaryTrustCalib,0,10,0,0.0,0,0.2503722906112671,accept,0,0,0,0,0,0,0,0,0,0
clean,clean+shift,14,2,MultiPeerObjectGuard,0,10,0,0.0,0,0.2503722906112671,accept,0,0,0,0,0,0,0,0,0,0
clean,clean+shift,14,3,EgoOnly,0,10,1,0.2,2,0.2154216319322586,,0,0,0,0,0,0,0,0,0,0
clean,clean+shift,14,3,CleanCoop,0,10,1,0.2,2,0.25110262632369995,,0,0,0,0,0,0,0,0,0,0
clean,clean+shift,14,3,PrimaryRaw,0,10,1,0.2,2,0.25110262632369995,,0,0,0,0,0,0,0,0,0,0
clean,clean+shift,14,3,PrimaryTrustCalib,0,10,1,0.2,2,0.25110262632369995,accept,0,0,0,0,0,0,0,0,0,0
clean,clean+shift,14,3,MultiPeerObjectGuard,0,10,1,0.2,2,0.25110262632369995,accept,0,0,0,0,0,0,0,0,0,0
clean,clean+shift,14,4,EgoOnly,0,10,1,0.2,2,0.21156075596809387,,0,0,0,0,0,0,0,0,0,0
clean,clean+shift,14,4,CleanCoop,0,10,1,0.2,2,0.339692085981369,,0,0,0,0,0,0,0,0,0,0
clean,clean+shift,14,4,PrimaryRaw,0,10,1,0.2,2,0.339692085981369,,0,0,0,0,0,0,0,0,0,0
clean,clean+shift,14,4,PrimaryTrustCalib,0,10,1,0.2,2,0.339692085981369,accept,0,0,0,0,0,0,0,0,0,0
clean,clean+shift,14,4,MultiPeerObjectGuard,0,10,1,0.2,2,0.339692085981369,accept,0,0,0,0,0,0,0,0,0,0
clean,clean+shift,14,5,EgoOnly,0,10,1,0.1,1,0.17747807502746582,,0,0,0,0,0,0,0,0,0,0
clean,clean+shift,14,5,CleanCoop,0,10,1,0.1,1,0.2941591739654541,,0,0,0,0,0,0,0,0,0,0
clean,clean+shift,14,5,PrimaryRaw,0,10,1,0.1,1,0.2941591739654541,,0,0,0,0,0,0,0,0,0,0
clean,clean+shift,14,5,PrimaryTrustCalib,0,10,1,0.1,1,0.2941591739654541,accept,0,0,0,0,0,0,0,0,0,0
clean,clean+shift,14,5,MultiPeerObjectGuard,0,10,1,0.1,1,0.2941591739654541,accept,0,0,0,0,0,0,0,0,0,0
clean,clean+shift,14,6,EgoOnly,0,10,1,0.1,1,0.2195167988538742,,0,0,0,0,0,0,0,0,0,0
clean,clean+shift,14,6,CleanCoop,0,10,1,0.1,1,0.26289230585098267,,0,0,0,0,0,0,0,0,0,0
clean,clean+shift,14,6,PrimaryRaw,0,10,1,0.1,1,0.26289230585098267,,0,0,0,0,0,0,0,0,0,0
clean,clean+shift,14,6,PrimaryTrustCalib,0,10,1,0.1,1,0.26289230585098267,accept,0,0,0,0,0,0,0,0,0,0
clean,clean+shift,14,6,MultiPeerObjectGuard,0,10,1,0.1,1,0.26289230585098267,accept,0,0,0,0,0,0,0,0,0,0
clean,clean+shift,14,7,EgoOnly,0,10,1,0.2,2,0.23648075759410858,,0,0,0,0,0,0,0,0,0,0
clean,clean+shift,14,7,CleanCoop,0,10,1,0.2,2,0.2617097496986389,,0,0,0,0,0,0,0,0,0,0
clean,clean+shift,14,7,PrimaryRaw,0,10,1,0.2,2,0.2617097496986389,,0,0,0,0,0,0,0,0,0,0
clean,clean+shift,14,7,PrimaryTrustCalib,0,10,1,0.2,2,0.2617097496986389,accept,0,0,0,0,0,0,0,0,0,0
clean,clean+shift,14,7,MultiPeerObjectGuard,0,10,1,0.2,2,0.2617097496986389,accept,0,0,0,0,0,0,0,0,0,0
clean,clean+shift,14,8,EgoOnly,0,10,1,0.1,1,0.23272015154361725,,0,0,0,0,0,0,0,0,0,0
clean,clean+shift,14,8,CleanCoop,0,10,1,0.1,1,0.3363262116909027,,0,0,0,0,0,0,0,0,0,0
clean,clean+shift,14,8,PrimaryRaw,0,10,1,0.1,1,0.3363262116909027,,0,0,0,0,0,0,0,0,0,0
clean,clean+shift,14,8,PrimaryTrustCalib,0,10,1,0.1,1,0.3363262116909027,accept,0,0,0,0,0,0,0,0,0,0
clean,clean+shift,14,8,MultiPeerObjectGuard,0,10,1,0.1,1,0.3363262116909027,accept,0,0,0,0,0,0,0,0,0,0
clean,clean+shift,14,9,EgoOnly,0,10,1,0.1,1,0.18938347697257996,,0,0,0,0,0,0,0,0,0,0
clean,clean+shift,14,9,CleanCoop,0,10,1,0.1,1,0.25984326004981995,,0,0,0,0,0,0,0,0,0,0
clean,clean+shift,14,9,PrimaryRaw,0,10,1,0.1,1,0.25984326004981995,,0,0,0,0,0,0,0,0,0,0
clean,clean+shift,14,9,PrimaryTrustCalib,0,10,1,0.1,1,0.25984326004981995,accept,0,0,0,0,0,0,0,0,0,0
clean,clean+shift,14,9,MultiPeerObjectGuard,0,10,1,0.1,1,0.25984326004981995,accept,0,0,0,0,0,0,0,0,0,0
clean,clean+shift,14,10,EgoOnly,0,10,1,0.1,1,0.19276063144207,,0,0,0,0,0,0,0,0,0,0
clean,clean+shift,14,10,CleanCoop,0,10,1,0.1,1,0.25679811835289,,0,0,0,0,0,0,0,0,0,0
clean,clean+shift,14,10,PrimaryRaw,0,10,1,0.1,1,0.25679811835289,,0,0,0,0,0,0,0,0,0,0
clean,clean+shift,14,10,PrimaryTrustCalib,0,10,1,0.1,1,0.25679811835289,accept,0,0,0,0,0,0,0,0,0,0
clean,clean+shift,14,10,MultiPeerObjectGuard,0,10,1,0.1,1,0.25679811835289,accept,0,0,0,0,0,0,0,0,0,0
clean,clean+shift,14,11,EgoOnly,0,10,1,0.1,1,0.20646242797374725,,0,0,0,0,0,0,0,0,0,0
clean,clean+shift,14,11,CleanCoop,0,10,1,0.1,1,0.2642810046672821,,0,0,0,0,0,0,0,0,0,0
clean,clean+shift,14,11,PrimaryRaw,0,10,1,0.1,1,0.2642810046672821,,0,0,0,0,0,0,0,0,0,0
clean,clean+shift,14,11,PrimaryTrustCalib,0,10,1,0.1,1,0.2642810046672821,accept,0,0,0,0,0,0,0,0,0,0
clean,clean+shift,14,11,MultiPeerObjectGuard,0,10,1,0.1,1,0.2642810046672821,accept,0,0,0,0,0,0,0,0,0,0
clean,clean+shift,14,12,EgoOnly,0,10,1,0.1,1,0.1976715475320816,,0,0,0,0,0,0,0,0,0,0
clean,clean+shift,14,12,CleanCoop,0,10,1,0.1,1,0.271071195602417,,0,0,0,0,0,0,0,0,0,0
clean,clean+shift,14,12,PrimaryRaw,0,10,1,0.1,1,0.271071195602417,,0,0,0,0,0,0,0,0,0,0
clean,clean+shift,14,12,PrimaryTrustCalib,0,10,1,0.1,1,0.271071195602417,accept,0,0,0,0,0,0,0,0,0,0
clean,clean+shift,14,12,MultiPeerObjectGuard,0,10,1,0.1,1,0.271071195602417,accept,0,0,0,0,0,0,0,0,0,0
clean,clean+shift,14,13,EgoOnly,0,10,1,0.1,1,0.33696672320365906,,0,0,0,0,0,0,0,0,0,0
clean,clean+shift,14,13,CleanCoop,0,10,1,0.1,1,0.26940077543258667,,0,0,0,0,0,0,0,0,0,0
clean,clean+shift,14,13,PrimaryRaw,0,10,1,0.1,1,0.26940077543258667,,0,0,0,0,0,0,0,0,0,0
clean,clean+shift,14,13,PrimaryTrustCalib,0,10,1,0.1,1,0.26940077543258667,accept,0,0,0,0,0,0,0,0,0,0
clean,clean+shift,14,13,MultiPeerObjectGuard,0,10,1,0.1,1,0.26940077543258667,accept,0,0,0,0,0,0,0,0,0,0
clean,clean+shift,14,14,EgoOnly,0,10,1,0.1,1,0.2483895868062973,,0,0,0,0,0,0,0,0,0,0
clean,clean+shift,14,14,CleanCoop,0,10,1,0.1,1,0.2880418002605438,,0,0,0,0,0,0,0,0,0,0
clean,clean+shift,14,14,PrimaryRaw,0,10,1,0.1,1,0.2880418002605438,,0,0,0,0,0,0,0,0,0,0
clean,clean+shift,14,14,PrimaryTrustCalib,0,10,1,0.1,1,0.2880418002605438,accept,0,0,0,0,0,0,0,0,0,0
clean,clean+shift,14,14,MultiPeerObjectGuard,0,10,1,0.1,1,0.2880418002605438,accept,0,0,0,0,0,0,0,0,0,0
clean,clean+shift,14,15,EgoOnly,0,10,1,0.0,0,0.35019075870513916,,0,0,0,0,0,0,0,0,0,0
clean,clean+shift,14,15,CleanCoop,0,10,1,0.1,1,0.3134940266609192,,0,0,0,0,0,0,0,0,0,0
clean,clean+shift,14,15,PrimaryRaw,0,10,1,0.1,1,0.3134940266609192,,0,0,0,0,0,0,0,0,0,0
clean,clean+shift,14,15,PrimaryTrustCalib,0,10,1,0.1,1,0.3134940266609192,accept,0,0,0,0,0,0,0,0,0,0
clean,clean+shift,14,15,MultiPeerObjectGuard,0,10,1,0.1,1,0.3134940266609192,accept,0,0,0,0,0,0,0,0,0,0
clean,clean+shift,14,16,EgoOnly,0,10,0,0.0,0,0.2652733027935028,,0,0,0,0,0,0,0,0,0,0
clean,clean+shift,14,16,CleanCoop,0,10,1,0.1,1,0.30814674496650696,,0,0,0,0,0,0,0,0,0,0
clean,clean+shift,14,16,PrimaryRaw,0,10,1,0.1,1,0.30814674496650696,,0,0,0,0,0,0,0,0,0,0
clean,clean+shift,14,16,PrimaryTrustCalib,0,10,1,0.1,1,0.30814674496650696,accept,0,0,0,0,0,0,0,0,0,0
clean,clean+shift,14,16,MultiPeerObjectGuard,0,10,1,0.1,1,0.30814674496650696,accept,0,0,0,0,0,0,0,0,0,0
clean,clean+shift,14,17,EgoOnly,0,10,0,0.0,0,0.2624236047267914,,0,0,0,0,0,0,0,0,0,0
clean,clean+shift,14,17,CleanCoop,0,10,1,0.0,0,0.3125392198562622,,0,0,0,0,0,0,0,0,0,0
clean,clean+shift,14,17,PrimaryRaw,0,10,1,0.0,0,0.3125392198562622,,0,0,0,0,0,0,0,0,0,0
clean,clean+shift,14,17,PrimaryTrustCalib,0,10,1,0.0,0,0.3125392198562622,accept,0,0,0,0,0,0,0,0,0,0
clean,clean+shift,14,17,MultiPeerObjectGuard,0,10,1,0.0,0,0.3125392198562622,accept,0,0,0,0,0,0,0,0,0,0
clean,clean+shift,14,18,EgoOnly,0,10,0,0.0,0,0.2886853814125061,,0,0,0,0,0,0,0,0,0,0
clean,clean+shift,14,18,CleanCoop,0,10,1,0.0,0,0.3179160952568054,,0,0,0,0,0,0,0,0,0,0
clean,clean+shift,14,18,PrimaryRaw,0,10,1,0.0,0,0.3179160952568054,,0,0,0,0,0,0,0,0,0,0
clean,clean+shift,14,18,PrimaryTrustCalib,0,10,1,0.0,0,0.3179160952568054,accept,0,0,0,0,0,0,0,0,0,0
clean,clean+shift,14,18,MultiPeerObjectGuard,0,10,1,0.0,0,0.3179160952568054,accept,0,0,0,0,0,0,0,0,0,0
clean,clean+shift,14,19,EgoOnly,0,10,1,0.0,0,0.36014869809150696,,0,0,0,0,0,0,0,0,0,0
clean,clean+shift,14,19,CleanCoop,0,10,1,0.0,0,0.33675312995910645,,0,0,0,0,0,0,0,0,0,0
clean,clean+shift,14,19,PrimaryRaw,0,10,1,0.0,0,0.33675312995910645,,0,0,0,0,0,0,0,0,0,0
clean,clean+shift,14,19,PrimaryTrustCalib,0,10,1,0.0,0,0.33675312995910645,accept,0,0,0,0,0,0,0,0,0,0
clean,clean+shift,14,19,MultiPeerObjectGuard,0,10,1,0.0,0,0.33675312995910645,accept,0,0,0,0,0,0,0,0,0,0
clean,clean+shift,21,0,EgoOnly,0,10,1,0.3,3,0.14543090760707855,,0,0,0,0,0,0,0,0,0,0
clean,clean+shift,21,0,CleanCoop,0,10,1,0.3,3,0.15055783092975616,,0,0,0,0,0,0,0,0,0,0
clean,clean+shift,21,0,PrimaryRaw,0,10,1,0.3,3,0.15055783092975616,,0,0,0,0,0,0,0,0,0,0
clean,clean+shift,21,0,PrimaryTrustCalib,0,10,1,0.3,3,0.15055783092975616,accept,0,0,0,0,0,0,0,0,0,0
clean,clean+shift,21,0,MultiPeerObjectGuard,0,10,1,0.3,3,0.15055783092975616,accept,0,0,0,0,0,0,0,0,0,0
clean,clean+shift,21,1,EgoOnly,0,10,1,0.3,3,0.15409569442272186,,0,0,0,0,0,0,0,0,0,0
clean,clean+shift,21,1,CleanCoop,0,10,1,0.3,3,0.14432086050510406,,0,0,0,0,0,0,0,0,0,0
clean,clean+shift,21,1,PrimaryRaw,0,10,1,0.3,3,0.14432086050510406,,0,0,0,0,0,0,0,0,0,0
clean,clean+shift,21,1,PrimaryTrustCalib,0,10,1,0.3,3,0.14432086050510406,accept,0,0,0,0,0,0,0,0,0,0
clean,clean+shift,21,1,MultiPeerObjectGuard,0,10,1,0.3,3,0.14432086050510406,accept,0,0,0,0,0,0,0,0,0,0
clean,clean+shift,21,2,EgoOnly,0,10,1,0.3,3,0.1338755339384079,,0,0,0,0,0,0,0,0,0,0
clean,clean+shift,21,2,CleanCoop,0,10,1,0.3,3,0.14185574650764465,,0,0,0,0,0,0,0,0,0,0
clean,clean+shift,21,2,PrimaryRaw,0,10,1,0.3,3,0.14185574650764465,,0,0,0,0,0,0,0,0,0,0
clean,clean+shift,21,2,PrimaryTrustCalib,0,10,1,0.3,3,0.14185574650764465,accept,0,0,0,0,0,0,0,0,0,0
clean,clean+shift,21,2,MultiPeerObjectGuard,0,10,1,0.3,3,0.14185574650764465,accept,0,0,0,0,0,0,0,0,0,0
clean,clean+shift,21,3,EgoOnly,0,10,1,0.3,3,0.1448509693145752,,0,0,0,0,0,0,0,0,0,0
clean,clean+shift,21,3,CleanCoop,0,10,1,0.3,3,0.14946985244750977,,0,0,0,0,0,0,0,0,0,0
clean,clean+shift,21,3,PrimaryRaw,0,10,1,0.3,3,0.14946985244750977,,0,0,0,0,0,0,0,0,0,0
clean,clean+shift,21,3,PrimaryTrustCalib,0,10,1,0.3,3,0.14946985244750977,accept,0,0,0,0,0,0,0,0,0,0
clean,clean+shift,21,3,MultiPeerObjectGuard,0,10,1,0.3,3,0.14946985244750977,accept,0,0,0,0,0,0,0,0,0,0
clean,clean+shift,21,4,EgoOnly,0,10,1,0.2,2,0.1520305573940277,,0,0,0,0,0,0,0,0,0,0
clean,clean+shift,21,4,CleanCoop,0,10,1,0.2,2,0.14212387800216675,,0,0,0,0,0,0,0,0,0,0
clean,clean+shift,21,4,PrimaryRaw,0,10,1,0.2,2,0.14212387800216675,,0,0,0,0,0,0,0,0,0,0
clean,clean+shift,21,4,PrimaryTrustCalib,0,10,1,0.2,2,0.14212387800216675,accept,0,0,0,0,0,0,0,0,0,0
clean,clean+shift,21,4,MultiPeerObjectGuard,0,10,1,0.2,2,0.14212387800216675,accept,0,0,0,0,0,0,0,0,0,0
clean,clean+shift,21,5,EgoOnly,0,10,1,0.1,1,0.12091058492660522,,0,0,0,0,0,0,0,0,0,0
clean,clean+shift,21,5,CleanCoop,0,10,1,0.1,1,0.13849933445453644,,0,0,0,0,0,0,0,0,0,0
clean,clean+shift,21,5,PrimaryRaw,0,10,1,0.1,1,0.13849933445453644,,0,0,0,0,0,0,0,0,0,0
clean,clean+shift,21,5,PrimaryTrustCalib,0,10,1,0.1,1,0.13849933445453644,accept,0,0,0,0,0,0,0,0,0,0
clean,clean+shift,21,5,MultiPeerObjectGuard,0,10,1,0.1,1,0.13849933445453644,accept,0,0,0,0,0,0,0,0,0,0
clean,clean+shift,21,6,EgoOnly,0,10,0,0.0,0,0.12365857511758804,,0,0,0,0,0,0,0,0,0,0
clean,clean+shift,21,6,CleanCoop,0,10,0,0.0,0,0.1471041589975357,,0,0,0,0,0,0,0,0,0,0
clean,clean+shift,21,6,PrimaryRaw,0,10,0,0.0,0,0.1471041589975357,,0,0,0,0,0,0,0,0,0,0
clean,clean+shift,21,6,PrimaryTrustCalib,0,10,0,0.0,0,0.1471041589975357,accept,0,0,0,0,0,0,0,0,0,0
clean,clean+shift,21,6,MultiPeerObjectGuard,0,10,0,0.0,0,0.1471041589975357,accept,0,0,0,0,0,0,0,0,0,0
clean,clean+shift,21,7,EgoOnly,0,10,0,0.0,0,0.12913388013839722,,0,0,0,0,0,0,0,0,0,0
clean,clean+shift,21,7,CleanCoop,0,10,0,0.0,0,0.13952261209487915,,0,0,0,0,0,0,0,0,0,0
clean,clean+shift,21,7,PrimaryRaw,0,10,0,0.0,0,0.13952261209487915,,0,0,0,0,0,0,0,0,0,0
clean,clean+shift,21,7,PrimaryTrustCalib,0,10,0,0.0,0,0.13952261209487915,accept,0,0,0,0,0,0,0,0,0,0
clean,clean+shift,21,7,MultiPeerObjectGuard,0,10,0,0.0,0,0.13952261209487915,accept,0,0,0,0,0,0,0,0,0,0
clean,clean+shift,21,8,EgoOnly,0,10,0,0.0,0,0.21506987512111664,,0,0,0,0,0,0,0,0,0,0
clean,clean+shift,21,8,CleanCoop,0,10,0,0.0,0,0.14641770720481873,,0,0,0,0,0,0,0,0,0,0
clean,clean+shift,21,8,PrimaryRaw,0,10,0,0.0,0,0.14641770720481873,,0,0,0,0,0,0,0,0,0,0
clean,clean+shift,21,8,PrimaryTrustCalib,0,10,0,0.0,0,0.14641770720481873,accept,0,0,0,0,0,0,0,0,0,0
clean,clean+shift,21,8,MultiPeerObjectGuard,0,10,0,0.0,0,0.14641770720481873,accept,0,0,0,0,0,0,0,0,0,0
clean,clean+shift,21,9,EgoOnly,0,10,1,0.3,3,0.20770184695720673,,0,0,0,0,0,0,0,0,0,0
clean,clean+shift,21,9,CleanCoop,0,10,1,0.3,3,0.1705644130706787,,0,0,0,0,0,0,0,0,0,0
clean,clean+shift,21,9,PrimaryRaw,0,10,1,0.3,3,0.1705644130706787,,0,0,0,0,0,0,0,0,0,0
clean,clean+shift,21,9,PrimaryTrustCalib,0,10,1,0.3,3,0.1705644130706787,accept,0,0,0,0,0,0,0,0,0,0
clean,clean+shift,21,9,MultiPeerObjectGuard,0,10,1,0.3,3,0.1705644130706787,accept,0,0,0,0,0,0,0,0,0,0
clean,clean+shift,21,10,EgoOnly,0,10,0,0.0,0,0.15347979962825775,,0,0,0,0,0,0,0,0,0,0
clean,clean+shift,21,10,CleanCoop,0,10,1,0.3,3,0.18396952748298645,,0,0,0,0,0,0,0,0,0,0
clean,clean+shift,21,10,PrimaryRaw,0,10,1,0.3,3,0.18396952748298645,,0,0,0,0,0,0,0,0,0,0
clean,clean+shift,21,10,PrimaryTrustCalib,0,10,1,0.3,3,0.18396952748298645,accept,0,0,0,0,0,0,0,0,0,0
clean,clean+shift,21,10,MultiPeerObjectGuard,0,10,1,0.3,3,0.18396952748298645,accept,0,0,0,0,0,0,0,0,0,0
clean,clean+shift,21,11,EgoOnly,2,10,0,0.0,0,0.20522791147232056,,0,0,0,0,0,0,0,0,0,0
clean,clean+shift,21,11,CleanCoop,1,10,1,0.3,3,0.18618325889110565,,0,0,0,0,0,0,0,0,0,0
clean,clean+shift,21,11,PrimaryRaw,1,10,1,0.3,3,0.18618325889110565,,0,0,0,0,0,0,0,0,0,0
clean,clean+shift,21,11,PrimaryTrustCalib,1,10,1,0.3,3,0.18618325889110565,accept,0,0,0,0,0,0,0,0,0,0
clean,clean+shift,21,11,MultiPeerObjectGuard,1,10,1,0.3,3,0.18618325889110565,accept,0,0,0,0,0,0,0,0,0,0
clean,clean+shift,21,12,EgoOnly,2,10,0,0.0,0,0.23910868167877197,,0,0,0,0,0,0,0,0,0,0
clean,clean+shift,21,12,CleanCoop,0,10,1,0.3,3,0.18615803122520447,,0,0,0,0,0,0,0,0,0,0
clean,clean+shift,21,12,PrimaryRaw,0,10,1,0.3,3,0.18615803122520447,,0,0,0,0,0,0,0,0,0,0
clean,clean+shift,21,12,PrimaryTrustCalib,0,10,1,0.3,3,0.18615803122520447,accept,0,0,0,0,0,0,0,0,0,0
clean,clean+shift,21,12,MultiPeerObjectGuard,0,10,1,0.3,3,0.18615803122520447,accept,0,0,0,0,0,0,0,0,0,0
clean,clean+shift,21,13,EgoOnly,0,10,1,0.2,2,0.1538943648338318,,0,0,0,0,0,0,0,0,0,0
clean,clean+shift,21,13,CleanCoop,0,10,1,0.2,2,0.1810694932937622,,0,0,0,0,0,0,0,0,0,0
clean,clean+shift,21,13,PrimaryRaw,0,10,1,0.2,2,0.1810694932937622,,0,0,0,0,0,0,0,0,0,0
clean,clean+shift,21,13,PrimaryTrustCalib,0,10,1,0.2,2,0.1810694932937622,accept,0,0,0,0,0,0,0,0,0,0
clean,clean+shift,21,13,MultiPeerObjectGuard,0,10,1,0.2,2,0.1810694932937622,accept,0,0,0,0,0,0,0,0,0,0
clean,clean+shift,21,14,EgoOnly,0,10,1,0.2,2,0.15674743056297302,,0,0,0,0,0,0,0,0,0,0
clean,clean+shift,21,14,CleanCoop,0,10,1,0.2,2,0.17957007884979248,,0,0,0,0,0,0,0,0,0,0
clean,clean+shift,21,14,PrimaryRaw,0,10,1,0.2,2,0.17957007884979248,,0,0,0,0,0,0,0,0,0,0
clean,clean+shift,21,14,PrimaryTrustCalib,0,10,1,0.2,2,0.17957007884979248,accept,0,0,0,0,0,0,0,0,0,0
clean,clean+shift,21,14,MultiPeerObjectGuard,0,10,1,0.2,2,0.17957007884979248,accept,0,0,0,0,0,0,0,0,0,0
clean,clean+shift,21,15,EgoOnly,0,10,0,0.0,0,0.21677294373512268,,0,0,0,0,0,0,0,0,0,0
clean,clean+shift,21,15,CleanCoop,0,10,0,0.0,0,0.17432813346385956,,0,0,0,0,0,0,0,0,0,0
clean,clean+shift,21,15,PrimaryRaw,0,10,0,0.0,0,0.17432813346385956,,0,0,0,0,0,0,0,0,0,0
clean,clean+shift,21,15,PrimaryTrustCalib,0,10,0,0.0,0,0.17432813346385956,accept,0,0,0,0,0,0,0,0,0,0
clean,clean+shift,21,15,MultiPeerObjectGuard,0,10,0,0.0,0,0.17432813346385956,accept,0,0,0,0,0,0,0,0,0,0
clean,clean+shift,21,16,EgoOnly,0,10,0,0.0,0,0.2188006043434143,,0,0,0,0,0,0,0,0,0,0
clean,clean+shift,21,16,CleanCoop,0,10,0,0.0,0,0.1703236699104309,,0,0,0,0,0,0,0,0,0,0
clean,clean+shift,21,16,PrimaryRaw,0,10,0,0.0,0,0.1703236699104309,,0,0,0,0,0,0,0,0,0,0
clean,clean+shift,21,16,PrimaryTrustCalib,0,10,0,0.0,0,0.1703236699104309,accept,0,0,0,0,0,0,0,0,0,0
clean,clean+shift,21,16,MultiPeerObjectGuard,0,10,0,0.0,0,0.1703236699104309,accept,0,0,0,0,0,0,0,0,0,0
clean,clean+shift,21,17,EgoOnly,0,10,0,0.0,0,0.263966828584671,,0,0,0,0,0,0,0,0,0,0
clean,clean+shift,21,17,CleanCoop,0,10,0,0.0,0,0.1647293120622635,,0,0,0,0,0,0,0,0,0,0
clean,clean+shift,21,17,PrimaryRaw,0,10,0,0.0,0,0.1647293120622635,,0,0,0,0,0,0,0,0,0,0
clean,clean+shift,21,17,PrimaryTrustCalib,0,10,0,0.0,0,0.1647293120622635,accept,0,0,0,0,0,0,0,0,0,0
clean,clean+shift,21,17,MultiPeerObjectGuard,0,10,0,0.0,0,0.1647293120622635,accept,0,0,0,0,0,0,0,0,0,0
clean,clean+shift,21,18,EgoOnly,0,10,1,0.1,1,0.267577588558197,,0,0,0,0,0,0,0,0,0,0
clean,clean+shift,21,18,CleanCoop,0,10,1,0.1,1,0.16350030899047852,,0,0,0,0,0,0,0,0,0,0
clean,clean+shift,21,18,PrimaryRaw,0,10,1,0.1,1,0.16350030899047852,,0,0,0,0,0,0,0,0,0,0
clean,clean+shift,21,18,PrimaryTrustCalib,0,10,1,0.1,1,0.16350030899047852,accept,0,0,0,0,0,0,0,0,0,0
clean,clean+shift,21,18,MultiPeerObjectGuard,0,10,1,0.1,1,0.16350030899047852,accept,0,0,0,0,0,0,0,0,0,0
clean,clean+shift,21,19,EgoOnly,0,10,1,0.4,4,0.2701622545719147,,0,0,0,0,0,0,0,0,0,0
clean,clean+shift,21,19,CleanCoop,0,10,1,0.4,4,0.16366440057754517,,0,0,0,0,0,0,0,0,0,0
clean,clean+shift,21,19,PrimaryRaw,0,10,1,0.4,4,0.16366440057754517,,0,0,0,0,0,0,0,0,0,0
clean,clean+shift,21,19,PrimaryTrustCalib,0,10,1,0.4,4,0.16366440057754517,accept,0,0,0,0,0,0,0,0,0,0
clean,clean+shift,21,19,MultiPeerObjectGuard,0,10,1,0.4,4,0.16366440057754517,accept,0,0,0,0,0,0,0,0,0,0
clean,clean+shift,24,0,EgoOnly,0,10,1,0.2,2,0.15427269041538239,,0,0,0,0,0,0,0,0,0,0
clean,clean+shift,24,0,CleanCoop,2,10,1,0.9,9,0.14627334475517273,,0,0,0,0,0,0,0,0,0,0
clean,clean+shift,24,0,PrimaryRaw,2,10,1,0.9,9,0.14627334475517273,,0,0,0,0,0,0,0,0,0,0
clean,clean+shift,24,0,PrimaryTrustCalib,2,10,1,0.9,9,0.14627334475517273,accept,0,0,0,0,0,0,0,0,0,0
clean,clean+shift,24,0,MultiPeerObjectGuard,2,10,1,0.9,9,0.14627334475517273,accept,0,0,0,0,0,0,0,0,0,0
clean,clean+shift,24,1,EgoOnly,0,10,1,0.2,2,0.15981008112430573,,0,0,0,0,0,0,0,0,0,0
clean,clean+shift,24,1,CleanCoop,1,10,1,0.8,8,0.13960088789463043,,0,0,0,0,0,0,0,0,0,0
clean,clean+shift,24,1,PrimaryRaw,1,10,1,0.8,8,0.13960088789463043,,0,0,0,0,0,0,0,0,0,0
clean,clean+shift,24,1,PrimaryTrustCalib,1,10,1,0.8,8,0.13960088789463043,accept,0,0,0,0,0,0,0,0,0,0
clean,clean+shift,24,1,MultiPeerObjectGuard,1,10,1,0.8,8,0.13960088789463043,accept,0,0,0,0,0,0,0,0,0,0
clean,clean+shift,24,2,EgoOnly,0,10,1,0.1,1,0.15121470391750336,,0,0,0,0,0,0,0,0,0,0
clean,clean+shift,24,2,CleanCoop,1,10,1,0.7,7,0.13827472925186157,,0,0,0,0,0,0,0,0,0,0
clean,clean+shift,24,2,PrimaryRaw,1,10,1,0.7,7,0.13827472925186157,,0,0,0,0,0,0,0,0,0,0
clean,clean+shift,24,2,PrimaryTrustCalib,1,10,1,0.7,7,0.13827472925186157,accept,0,0,0,0,0,0,0,0,0,0
clean,clean+shift,24,2,MultiPeerObjectGuard,1,10,1,0.7,7,0.13827472925186157,accept,0,0,0,0,0,0,0,0,0,0
clean,clean+shift,24,3,EgoOnly,0,10,1,0.4,4,0.15425336360931396,,0,0,0,0,0,0,0,0,0,0
clean,clean+shift,24,3,CleanCoop,0,10,1,0.4,4,0.15425336360931396,,0,0,0,0,0,0,0,0,0,0
clean,clean+shift,24,3,PrimaryRaw,0,10,1,0.4,4,0.15425336360931396,,0,0,0,0,0,0,0,0,0,0
clean,clean+shift,24,3,PrimaryTrustCalib,0,10,1,0.4,4,0.15425336360931396,accept,0,0,0,0,0,0,0,0,0,0
clean,clean+shift,24,3,MultiPeerObjectGuard,0,10,1,0.4,4,0.15425336360931396,accept,0,0,0,0,0,0,0,0,0,0
clean,clean+shift,24,4,EgoOnly,0,10,1,0.3,3,0.15410035848617554,,0,0,0,0,0,0,0,0,0,0
clean,clean+shift,24,4,CleanCoop,0,10,1,0.3,3,0.1486484408378601,,0,0,0,0,0,0,0,0,0,0
clean,clean+shift,24,4,PrimaryRaw,0,10,1,0.3,3,0.1486484408378601,,0,0,0,0,0,0,0,0,0,0
clean,clean+shift,24,4,PrimaryTrustCalib,0,10,1,0.3,3,0.1486484408378601,accept,0,0,0,0,0,0,0,0,0,0
clean,clean+shift,24,4,MultiPeerObjectGuard,0,10,1,0.3,3,0.1486484408378601,accept,0,0,0,0,0,0,0,0,0,0
clean,clean+shift,24,5,EgoOnly,0,10,1,0.2,2,0.15661866962909698,,0,0,0,0,0,0,0,0,0,0
clean,clean+shift,24,5,CleanCoop,0,10,1,0.2,2,0.15661866962909698,,0,0,0,0,0,0,0,0,0,0
clean,clean+shift,24,5,PrimaryRaw,0,10,1,0.2,2,0.15661866962909698,,0,0,0,0,0,0,0,0,0,0
clean,clean+shift,24,5,PrimaryTrustCalib,0,10,1,0.2,2,0.15661866962909698,accept,0,0,0,0,0,0,0,0,0,0
clean,clean+shift,24,5,MultiPeerObjectGuard,0,10,1,0.2,2,0.15661866962909698,accept,0,0,0,0,0,0,0,0,0,0
clean,clean+shift,24,6,EgoOnly,0,10,1,0.2,2,0.15503369271755219,,0,0,0,0,0,0,0,0,0,0
clean,clean+shift,24,6,CleanCoop,0,10,1,0.2,2,0.15503369271755219,,0,0,0,0,0,0,0,0,0,0
clean,clean+shift,24,6,PrimaryRaw,0,10,1,0.2,2,0.15503369271755219,,0,0,0,0,0,0,0,0,0,0
clean,clean+shift,24,6,PrimaryTrustCalib,0,10,1,0.2,2,0.15503369271755219,accept,0,0,0,0,0,0,0,0,0,0
clean,clean+shift,24,6,MultiPeerObjectGuard,0,10,1,0.2,2,0.15503369271755219,accept,0,0,0,0,0,0,0,0,0,0
clean,clean+shift,24,7,EgoOnly,0,10,1,0.2,2,0.14789249002933502,,0,0,0,0,0,0,0,0,0,0
clean,clean+shift,24,7,CleanCoop,0,10,1,0.2,2,0.14789249002933502,,0,0,0,0,0,0,0,0,0,0
clean,clean+shift,24,7,PrimaryRaw,0,10,1,0.2,2,0.14789249002933502,,0,0,0,0,0,0,0,0,0,0
clean,clean+shift,24,7,PrimaryTrustCalib,0,10,1,0.2,2,0.14789249002933502,accept,0,0,0,0,0,0,0,0,0,0
clean,clean+shift,24,7,MultiPeerObjectGuard,0,10,1,0.2,2,0.14789249002933502,accept,0,0,0,0,0,0,0,0,0,0
clean,clean+shift,24,8,EgoOnly,0,10,1,0.1,1,0.14085453748703003,,0,0,0,0,0,0,0,0,0,0
clean,clean+shift,24,8,CleanCoop,0,10,1,0.1,1,0.11462537944316864,,0,0,0,0,0,0,0,0,0,0
clean,clean+shift,24,8,PrimaryRaw,0,10,1,0.1,1,0.11462537944316864,,0,0,0,0,0,0,0,0,0,0
clean,clean+shift,24,8,PrimaryTrustCalib,0,10,1,0.1,1,0.11462537944316864,accept,0,0,0,0,0,0,0,0,0,0
clean,clean+shift,24,8,MultiPeerObjectGuard,0,10,1,0.1,1,0.11462537944316864,accept,0,0,0,0,0,0,0,0,0,0
clean,clean+shift,24,9,EgoOnly,0,10,1,0.1,1,0.12911587953567505,,0,0,0,0,0,0,0,0,0,0
clean,clean+shift,24,9,CleanCoop,0,10,1,0.1,1,0.12124241888523102,,0,0,0,0,0,0,0,0,0,0
clean,clean+shift,24,9,PrimaryRaw,0,10,1,0.1,1,0.12124241888523102,,0,0,0,0,0,0,0,0,0,0
clean,clean+shift,24,9,PrimaryTrustCalib,0,10,1,0.1,1,0.12124241888523102,accept,0,0,0,0,0,0,0,0,0,0
clean,clean+shift,24,9,MultiPeerObjectGuard,0,10,1,0.1,1,0.12124241888523102,accept,0,0,0,0,0,0,0,0,0,0
clean,clean+shift,24,10,EgoOnly,0,10,1,0.1,1,0.12549801170825958,,0,0,0,0,0,0,0,0,0,0
clean,clean+shift,24,10,CleanCoop,0,10,1,0.1,1,0.0926613137125969,,0,0,0,0,0,0,0,0,0,0
clean,clean+shift,24,10,PrimaryRaw,0,10,1,0.1,1,0.0926613137125969,,0,0,0,0,0,0,0,0,0,0
clean,clean+shift,24,10,PrimaryTrustCalib,0,10,1,0.1,1,0.0926613137125969,accept,0,0,0,0,0,0,0,0,0,0
clean,clean+shift,24,10,MultiPeerObjectGuard,0,10,1,0.1,1,0.0926613137125969,accept,0,0,0,0,0,0,0,0,0,0
clean,clean+shift,24,11,EgoOnly,0,10,1,0.1,1,0.1320536732673645,,0,0,0,0,0,0,0,0,0,0
clean,clean+shift,24,11,CleanCoop,0,10,1,0.1,1,0.09826569259166718,,0,0,0,0,0,0,0,0,0,0
clean,clean+shift,24,11,PrimaryRaw,0,10,1,0.1,1,0.09826569259166718,,0,0,0,0,0,0,0,0,0,0
clean,clean+shift,24,11,PrimaryTrustCalib,0,10,1,0.1,1,0.09826569259166718,accept,0,0,0,0,0,0,0,0,0,0
clean,clean+shift,24,11,MultiPeerObjectGuard,0,10,1,0.1,1,0.09826569259166718,accept,0,0,0,0,0,0,0,0,0,0
clean,clean+shift,24,12,EgoOnly,0,10,1,0.1,1,0.13850684463977814,,0,0,0,0,0,0,0,0,0,0
clean,clean+shift,24,12,CleanCoop,0,10,1,0.1,1,0.12030082195997238,,0,0,0,0,0,0,0,0,0,0
clean,clean+shift,24,12,PrimaryRaw,0,10,1,0.1,1,0.12030082195997238,,0,0,0,0,0,0,0,0,0,0
clean,clean+shift,24,12,PrimaryTrustCalib,0,10,1,0.1,1,0.12030082195997238,accept,0,0,0,0,0,0,0,0,0,0
clean,clean+shift,24,12,MultiPeerObjectGuard,0,10,1,0.1,1,0.12030082195997238,accept,0,0,0,0,0,0,0,0,0,0
clean,clean+shift,24,13,EgoOnly,0,10,1,0.2,2,0.13351860642433167,,0,0,0,0,0,0,0,0,0,0
clean,clean+shift,24,13,CleanCoop,0,10,1,0.2,2,0.11434740573167801,,0,0,0,0,0,0,0,0,0,0
clean,clean+shift,24,13,PrimaryRaw,0,10,1,0.2,2,0.11434740573167801,,0,0,0,0,0,0,0,0,0,0
clean,clean+shift,24,13,PrimaryTrustCalib,0,10,1,0.2,2,0.11434740573167801,accept,0,0,0,0,0,0,0,0,0,0
clean,clean+shift,24,13,MultiPeerObjectGuard,0,10,1,0.2,2,0.11434740573167801,accept,0,0,0,0,0,0,0,0,0,0
clean,clean+shift,24,14,EgoOnly,0,10,1,0.3,3,0.1421816349029541,,0,0,0,0,0,0,0,0,0,0
clean,clean+shift,24,14,CleanCoop,0,10,1,0.3,3,0.1179983988404274,,0,0,0,0,0,0,0,0,0,0
clean,clean+shift,24,14,PrimaryRaw,0,10,1,0.3,3,0.1179983988404274,,0,0,0,0,0,0,0,0,0,0
clean,clean+shift,24,14,PrimaryTrustCalib,0,10,1,0.3,3,0.1179983988404274,accept,0,0,0,0,0,0,0,0,0,0
clean,clean+shift,24,14,MultiPeerObjectGuard,0,10,1,0.3,3,0.1179983988404274,accept,0,0,0,0,0,0,0,0,0,0
clean,clean+shift,24,15,EgoOnly,0,10,1,0.2,2,0.1529833972454071,,0,0,0,0,0,0,0,0,0,0
clean,clean+shift,24,15,CleanCoop,0,10,1,0.2,2,0.11727875471115112,,0,0,0,0,0,0,0,0,0,0
clean,clean+shift,24,15,PrimaryRaw,0,10,1,0.2,2,0.11727875471115112,,0,0,0,0,0,0,0,0,0,0
clean,clean+shift,24,15,PrimaryTrustCalib,0,10,1,0.2,2,0.11727875471115112,accept,0,0,0,0,0,0,0,0,0,0
clean,clean+shift,24,15,MultiPeerObjectGuard,0,10,1,0.2,2,0.11727875471115112,accept,0,0,0,0,0,0,0,0,0,0
clean,clean+shift,24,16,EgoOnly,0,10,1,0.2,2,0.16195283830165863,,0,0,0,0,0,0,0,0,0,0
clean,clean+shift,24,16,CleanCoop,0,10,1,0.2,2,0.11798159033060074,,0,0,0,0,0,0,0,0,0,0
clean,clean+shift,24,16,PrimaryRaw,0,10,1,0.2,2,0.11798159033060074,,0,0,0,0,0,0,0,0,0,0
clean,clean+shift,24,16,PrimaryTrustCalib,0,10,1,0.2,2,0.11798159033060074,accept,0,0,0,0,0,0,0,0,0,0
clean,clean+shift,24,16,MultiPeerObjectGuard,0,10,1,0.2,2,0.11798159033060074,accept,0,0,0,0,0,0,0,0,0,0
clean,clean+shift,24,17,EgoOnly,0,10,1,0.2,2,0.1809834986925125,,0,0,0,0,0,0,0,0,0,0
clean,clean+shift,24,17,CleanCoop,0,10,1,0.2,2,0.11536841094493866,,0,0,0,0,0,0,0,0,0,0
clean,clean+shift,24,17,PrimaryRaw,0,10,1,0.2,2,0.11536841094493866,,0,0,0,0,0,0,0,0,0,0
clean,clean+shift,24,17,PrimaryTrustCalib,0,10,1,0.2,2,0.11536841094493866,accept,0,0,0,0,0,0,0,0,0,0
clean,clean+shift,24,17,MultiPeerObjectGuard,0,10,1,0.2,2,0.11536841094493866,accept,0,0,0,0,0,0,0,0,0,0
clean,clean+shift,24,18,EgoOnly,0,10,1,0.2,2,0.22093214094638824,,0,0,0,0,0,0,0,0,0,0
clean,clean+shift,24,18,CleanCoop,0,10,1,0.2,2,0.11835133284330368,,0,0,0,0,0,0,0,0,0,0
clean,clean+shift,24,18,PrimaryRaw,0,10,1,0.2,2,0.11835133284330368,,0,0,0,0,0,0,0,0,0,0
clean,clean+shift,24,18,PrimaryTrustCalib,0,10,1,0.2,2,0.11835133284330368,accept,0,0,0,0,0,0,0,0,0,0
clean,clean+shift,24,18,MultiPeerObjectGuard,0,10,1,0.2,2,0.11835133284330368,accept,0,0,0,0,0,0,0,0,0,0
clean,clean+shift,24,19,EgoOnly,0,10,1,0.2,2,0.16063916683197021,,0,0,0,0,0,0,0,0,0,0
clean,clean+shift,24,19,CleanCoop,0,10,1,0.2,2,0.11986172199249268,,0,0,0,0,0,0,0,0,0,0
clean,clean+shift,24,19,PrimaryRaw,0,10,1,0.2,2,0.11986172199249268,,0,0,0,0,0,0,0,0,0,0
clean,clean+shift,24,19,PrimaryTrustCalib,0,10,1,0.2,2,0.11986172199249268,accept,0,0,0,0,0,0,0,0,0,0
clean,clean+shift,24,19,MultiPeerObjectGuard,0,10,1,0.2,2,0.11986172199249268,accept,0,0,0,0,0,0,0,0,0,0
clean,clean+shift,34,0,EgoOnly,0,10,1,0.5,5,0.20370496809482574,,0,0,0,0,0,0,0,0,0,0
clean,clean+shift,34,0,CleanCoop,0,10,1,0.5,5,0.19505487382411957,,0,0,0,0,0,0,0,0,0,0
clean,clean+shift,34,0,PrimaryRaw,0,10,1,0.5,5,0.19505487382411957,,0,0,0,0,0,0,0,0,0,0
clean,clean+shift,34,0,PrimaryTrustCalib,0,10,1,0.5,5,0.19505487382411957,accept,0,0,0,0,0,0,0,0,0,0
clean,clean+shift,34,0,MultiPeerObjectGuard,0,10,1,0.5,5,0.19505487382411957,accept,0,0,0,0,0,0,0,0,0,0
clean,clean+shift,34,1,EgoOnly,0,10,1,0.7,7,0.1518774926662445,,0,0,0,0,0,0,0,0,0,0
clean,clean+shift,34,1,CleanCoop,0,10,1,0.7,7,0.18430224061012268,,0,0,0,0,0,0,0,0,0,0
clean,clean+shift,34,1,PrimaryRaw,0,10,1,0.7,7,0.18430224061012268,,0,0,0,0,0,0,0,0,0,0
clean,clean+shift,34,1,PrimaryTrustCalib,0,10,1,0.7,7,0.18430224061012268,accept,0,0,0,0,0,0,0,0,0,0
clean,clean+shift,34,1,MultiPeerObjectGuard,0,10,1,0.7,7,0.18430224061012268,accept,0,0,0,0,0,0,0,0,0,0
clean,clean+shift,34,2,EgoOnly,2,10,1,0.5,5,0.1545800268650055,,0,0,0,0,0,0,0,0,0,0
clean,clean+shift,34,2,CleanCoop,1,10,1,1.0,10,0.18285469710826874,,0,0,0,0,0,0,0,0,0,0
clean,clean+shift,34,2,PrimaryRaw,1,10,1,1.0,10,0.18285469710826874,,0,0,0,0,0,0,0,0,0,0
clean,clean+shift,34,2,PrimaryTrustCalib,1,10,1,1.0,10,0.18285469710826874,accept,0,0,0,0,0,0,0,0,0,0
clean,clean+shift,34,2,MultiPeerObjectGuard,1,10,1,1.0,10,0.18285469710826874,accept,0,0,0,0,0,0,0,0,0,0
clean,clean+shift,34,3,EgoOnly,0,10,1,0.9,9,0.15129223465919495,,0,0,0,0,0,0,0,0,0,0
clean,clean+shift,34,3,CleanCoop,0,10,1,0.9,9,0.1829632967710495,,0,0,0,0,0,0,0,0,0,0
clean,clean+shift,34,3,PrimaryRaw,0,10,1,0.9,9,0.1829632967710495,,0,0,0,0,0,0,0,0,0,0
clean,clean+shift,34,3,PrimaryTrustCalib,0,10,1,0.9,9,0.1829632967710495,accept,0,0,0,0,0,0,0,0,0,0
clean,clean+shift,34,3,MultiPeerObjectGuard,0,10,1,0.9,9,0.1829632967710495,accept,0,0,0,0,0,0,0,0,0,0
clean,clean+shift,34,4,EgoOnly,0,10,1,0.9,9,0.15103542804718018,,0,0,0,0,0,0,0,0,0,0
clean,clean+shift,34,4,CleanCoop,0,10,1,0.9,9,0.18340522050857544,,0,0,0,0,0,0,0,0,0,0
clean,clean+shift,34,4,PrimaryRaw,0,10,1,0.9,9,0.18340522050857544,,0,0,0,0,0,0,0,0,0,0
clean,clean+shift,34,4,PrimaryTrustCalib,0,10,1,0.9,9,0.18340522050857544,accept,0,0,0,0,0,0,0,0,0,0
clean,clean+shift,34,4,MultiPeerObjectGuard,0,10,1,0.9,9,0.18340522050857544,accept,0,0,0,0,0,0,0,0,0,0
clean,clean+shift,34,5,EgoOnly,1,10,1,1.0,10,0.15138301253318787,,0,0,0,0,0,0,0,0,0,0
clean,clean+shift,34,5,CleanCoop,1,10,1,1.0,10,0.1837354600429535,,0,0,0,0,0,0,0,0,0,0
clean,clean+shift,34,5,PrimaryRaw,1,10,1,1.0,10,0.1837354600429535,,0,0,0,0,0,0,0,0,0,0
clean,clean+shift,34,5,PrimaryTrustCalib,1,10,1,1.0,10,0.1837354600429535,accept,0,0,0,0,0,0,0,0,0,0
clean,clean+shift,34,5,MultiPeerObjectGuard,1,10,1,1.0,10,0.1837354600429535,accept,0,0,0,0,0,0,0,0,0,0
clean,clean+shift,34,6,EgoOnly,1,10,1,0.9,9,0.17250768840312958,,0,0,0,0,0,0,0,0,0,0
clean,clean+shift,34,6,CleanCoop,1,10,1,0.9,9,0.19167080521583557,,0,0,0,0,0,0,0,0,0,0
clean,clean+shift,34,6,PrimaryRaw,1,10,1,0.9,9,0.19167080521583557,,0,0,0,0,0,0,0,0,0,0
clean,clean+shift,34,6,PrimaryTrustCalib,1,10,1,0.9,9,0.19167080521583557,accept,0,0,0,0,0,0,0,0,0,0
clean,clean+shift,34,6,MultiPeerObjectGuard,1,10,1,0.9,9,0.19167080521583557,accept,0,0,0,0,0,0,0,0,0,0
clean,clean+shift,34,7,EgoOnly,1,10,1,0.9,9,0.18356932699680328,,0,0,0,0,0,0,0,0,0,0
clean,clean+shift,34,7,CleanCoop,1,10,1,0.9,9,0.19738157093524933,,0,0,0,0,0,0,0,0,0,0
clean,clean+shift,34,7,PrimaryRaw,1,10,1,0.9,9,0.19738157093524933,,0,0,0,0,0,0,0,0,0,0
clean,clean+shift,34,7,PrimaryTrustCalib,1,10,1,0.9,9,0.19738157093524933,accept,0,0,0,0,0,0,0,0,0,0
clean,clean+shift,34,7,MultiPeerObjectGuard,1,10,1,0.9,9,0.19738157093524933,accept,0,0,0,0,0,0,0,0,0,0
clean,clean+shift,34,8,EgoOnly,1,10,1,0.9,9,0.18531106412410736,,0,0,0,0,0,0,0,0,0,0
clean,clean+shift,34,8,CleanCoop,1,10,1,0.9,9,0.2026532143354416,,0,0,0,0,0,0,0,0,0,0
clean,clean+shift,34,8,PrimaryRaw,1,10,1,0.9,9,0.2026532143354416,,0,0,0,0,0,0,0,0,0,0
clean,clean+shift,34,8,PrimaryTrustCalib,1,10,1,0.9,9,0.2026532143354416,accept,0,0,0,0,0,0,0,0,0,0
clean,clean+shift,34,8,MultiPeerObjectGuard,1,10,1,0.9,9,0.2026532143354416,accept,0,0,0,0,0,0,0,0,0,0
clean,clean+shift,34,9,EgoOnly,0,10,1,0.2,2,0.21439777314662933,,0,0,0,0,0,0,0,0,0,0
clean,clean+shift,34,9,CleanCoop,0,10,1,0.2,2,0.21873773634433746,,0,0,0,0,0,0,0,0,0,0
clean,clean+shift,34,9,PrimaryRaw,0,10,1,0.2,2,0.21873773634433746,,0,0,0,0,0,0,0,0,0,0
clean,clean+shift,34,9,PrimaryTrustCalib,0,10,1,0.2,2,0.21873773634433746,accept,0,0,0,0,0,0,0,0,0,0
clean,clean+shift,34,9,MultiPeerObjectGuard,0,10,1,0.2,2,0.21873773634433746,accept,0,0,0,0,0,0,0,0,0,0
clean,clean+shift,34,10,EgoOnly,0,10,1,0.2,2,0.2550045847892761,,0,0,0,0,0,0,0,0,0,0
clean,clean+shift,34,10,CleanCoop,0,10,1,0.2,2,0.24851664900779724,,0,0,0,0,0,0,0,0,0,0
clean,clean+shift,34,10,PrimaryRaw,0,10,1,0.2,2,0.24851664900779724,,0,0,0,0,0,0,0,0,0,0
clean,clean+shift,34,10,PrimaryTrustCalib,0,10,1,0.2,2,0.24851664900779724,accept,0,0,0,0,0,0,0,0,0,0
clean,clean+shift,34,10,MultiPeerObjectGuard,0,10,1,0.2,2,0.24851664900779724,accept,0,0,0,0,0,0,0,0,0,0
clean,clean+shift,34,11,EgoOnly,0,10,1,0.2,2,0.26471155881881714,,0,0,0,0,0,0,0,0,0,0
clean,clean+shift,34,11,CleanCoop,0,10,1,0.2,2,0.25425752997398376,,0,0,0,0,0,0,0,0,0,0
clean,clean+shift,34,11,PrimaryRaw,0,10,1,0.2,2,0.25425752997398376,,0,0,0,0,0,0,0,0,0,0
clean,clean+shift,34,11,PrimaryTrustCalib,0,10,1,0.2,2,0.25425752997398376,accept,0,0,0,0,0,0,0,0,0,0
clean,clean+shift,34,11,MultiPeerObjectGuard,0,10,1,0.2,2,0.25425752997398376,accept,0,0,0,0,0,0,0,0,0,0
clean,clean+shift,34,12,EgoOnly,0,10,1,0.2,2,0.27318158745765686,,0,0,0,0,0,0,0,0,0,0
clean,clean+shift,34,12,CleanCoop,0,10,1,0.2,2,0.26674360036849976,,0,0,0,0,0,0,0,0,0,0
clean,clean+shift,34,12,PrimaryRaw,0,10,1,0.2,2,0.26674360036849976,,0,0,0,0,0,0,0,0,0,0
clean,clean+shift,34,12,PrimaryTrustCalib,0,10,1,0.2,2,0.26674360036849976,accept,0,0,0,0,0,0,0,0,0,0
clean,clean+shift,34,12,MultiPeerObjectGuard,0,10,1,0.2,2,0.26674360036849976,accept,0,0,0,0,0,0,0,0,0,0
clean,clean+shift,34,13,EgoOnly,0,10,1,0.2,2,0.2503901422023773,,0,0,0,0,0,0,0,0,0,0
clean,clean+shift,34,13,CleanCoop,0,10,1,0.2,2,0.2503901422023773,,0,0,0,0,0,0,0,0,0,0
clean,clean+shift,34,13,PrimaryRaw,0,10,1,0.2,2,0.2503901422023773,,0,0,0,0,0,0,0,0,0,0
clean,clean+shift,34,13,PrimaryTrustCalib,0,10,1,0.2,2,0.2503901422023773,accept,0,0,0,0,0,0,0,0,0,0
clean,clean+shift,34,13,MultiPeerObjectGuard,0,10,1,0.2,2,0.2503901422023773,accept,0,0,0,0,0,0,0,0,0,0
clean,clean+shift,34,14,EgoOnly,0,10,1,0.3,3,0.284663587808609,,0,0,0,0,0,0,0,0,0,0
clean,clean+shift,34,14,CleanCoop,0,10,1,0.3,3,0.284663587808609,,0,0,0,0,0,0,0,0,0,0
clean,clean+shift,34,14,PrimaryRaw,0,10,1,0.3,3,0.284663587808609,,0,0,0,0,0,0,0,0,0,0
clean,clean+shift,34,14,PrimaryTrustCalib,0,10,1,0.3,3,0.284663587808609,accept,0,0,0,0,0,0,0,0,0,0
clean,clean+shift,34,14,MultiPeerObjectGuard,0,10,1,0.3,3,0.284663587808609,accept,0,0,0,0,0,0,0,0,0,0
clean,clean+shift,34,15,EgoOnly,0,10,1,0.3,3,0.27447623014450073,,0,0,0,0,0,0,0,0,0,0
clean,clean+shift,34,15,CleanCoop,0,10,1,0.3,3,0.24662719666957855,,0,0,0,0,0,0,0,0,0,0
clean,clean+shift,34,15,PrimaryRaw,0,10,1,0.3,3,0.24662719666957855,,0,0,0,0,0,0,0,0,0,0
clean,clean+shift,34,15,PrimaryTrustCalib,0,10,1,0.3,3,0.24662719666957855,accept,0,0,0,0,0,0,0,0,0,0
clean,clean+shift,34,15,MultiPeerObjectGuard,0,10,1,0.3,3,0.24662719666957855,accept,0,0,0,0,0,0,0,0,0,0
clean,clean+shift,34,16,EgoOnly,0,10,1,0.3,3,0.2713547646999359,,0,0,0,0,0,0,0,0,0,0
clean,clean+shift,34,16,CleanCoop,0,10,1,0.3,3,0.2623141407966614,,0,0,0,0,0,0,0,0,0,0
clean,clean+shift,34,16,PrimaryRaw,0,10,1,0.3,3,0.2623141407966614,,0,0,0,0,0,0,0,0,0,0
clean,clean+shift,34,16,PrimaryTrustCalib,0,10,1,0.3,3,0.2623141407966614,accept,0,0,0,0,0,0,0,0,0,0
clean,clean+shift,34,16,MultiPeerObjectGuard,0,10,1,0.3,3,0.2623141407966614,accept,0,0,0,0,0,0,0,0,0,0
clean,clean+shift,34,17,EgoOnly,0,10,1,0.4,4,0.285530686378479,,0,0,0,0,0,0,0,0,0,0
clean,clean+shift,34,17,CleanCoop,0,10,1,0.4,4,0.285530686378479,,0,0,0,0,0,0,0,0,0,0
clean,clean+shift,34,17,PrimaryRaw,0,10,1,0.4,4,0.285530686378479,,0,0,0,0,0,0,0,0,0,0
clean,clean+shift,34,17,PrimaryTrustCalib,0,10,1,0.4,4,0.285530686378479,accept,0,0,0,0,0,0,0,0,0,0
clean,clean+shift,34,17,MultiPeerObjectGuard,0,10,1,0.4,4,0.285530686378479,accept,0,0,0,0,0,0,0,0,0,0
clean,clean+shift,34,18,EgoOnly,0,10,1,0.6,6,0.297892302274704,,0,0,0,0,0,0,0,0,0,0
clean,clean+shift,34,18,CleanCoop,0,10,1,0.6,6,0.2958765923976898,,0,0,0,0,0,0,0,0,0,0
clean,clean+shift,34,18,PrimaryRaw,0,10,1,0.6,6,0.2958765923976898,,0,0,0,0,0,0,0,0,0,0
clean,clean+shift,34,18,PrimaryTrustCalib,0,10,1,0.6,6,0.2958765923976898,accept,0,0,0,0,0,0,0,0,0,0
clean,clean+shift,34,18,MultiPeerObjectGuard,0,10,1,0.6,6,0.2958765923976898,accept,0,0,0,0,0,0,0,0,0,0
clean,clean+shift,34,19,EgoOnly,0,10,1,0.8,8,0.35856929421424866,,0,0,0,0,0,0,0,0,0,0
clean,clean+shift,34,19,CleanCoop,0,10,1,0.8,8,0.35856929421424866,,0,0,0,0,0,0,0,0,0,0
clean,clean+shift,34,19,PrimaryRaw,0,10,1,0.8,8,0.35856929421424866,,0,0,0,0,0,0,0,0,0,0
clean,clean+shift,34,19,PrimaryTrustCalib,0,10,1,0.8,8,0.35856929421424866,accept,0,0,0,0,0,0,0,0,0,0
clean,clean+shift,34,19,MultiPeerObjectGuard,0,10,1,0.8,8,0.35856929421424866,accept,0,0,0,0,0,0,0,0,0,0
clean,clean+shift,39,0,EgoOnly,0,10,0,0.0,0,0.165250763297081,,0,0,0,0,0,0,0,0,0,0
clean,clean+shift,39,0,CleanCoop,0,10,0,0.0,0,0.11968111246824265,,0,0,0,0,0,0,0,0,0,0
clean,clean+shift,39,0,PrimaryRaw,0,10,0,0.0,0,0.11968111246824265,,0,0,0,0,0,0,0,0,0,0
clean,clean+shift,39,0,PrimaryTrustCalib,0,10,0,0.0,0,0.11968111246824265,accept,0,0,0,0,0,0,0,0,0,0
clean,clean+shift,39,0,MultiPeerObjectGuard,0,10,0,0.0,0,0.11968111246824265,accept,0,0,0,0,0,0,0,0,0,0
clean,clean+shift,39,1,EgoOnly,0,10,0,0.0,0,0.12124867737293243,,0,0,0,0,0,0,0,0,0,0
clean,clean+shift,39,1,CleanCoop,0,10,0,0.0,0,0.1196758821606636,,0,0,0,0,0,0,0,0,0,0
clean,clean+shift,39,1,PrimaryRaw,0,10,0,0.0,0,0.1196758821606636,,0,0,0,0,0,0,0,0,0,0
clean,clean+shift,39,1,PrimaryTrustCalib,0,10,0,0.0,0,0.1196758821606636,accept,0,0,0,0,0,0,0,0,0,0
clean,clean+shift,39,1,MultiPeerObjectGuard,0,10,0,0.0,0,0.1196758821606636,accept,0,0,0,0,0,0,0,0,0,0
clean,clean+shift,39,2,EgoOnly,0,10,0,0.0,0,0.1398165076971054,,0,0,0,0,0,0,0,0,0,0
clean,clean+shift,39,2,CleanCoop,0,10,0,0.0,0,0.11993835866451263,,0,0,0,0,0,0,0,0,0,0
clean,clean+shift,39,2,PrimaryRaw,0,10,0,0.0,0,0.11993835866451263,,0,0,0,0,0,0,0,0,0,0
clean,clean+shift,39,2,PrimaryTrustCalib,0,10,0,0.0,0,0.11993835866451263,accept,0,0,0,0,0,0,0,0,0,0
clean,clean+shift,39,2,MultiPeerObjectGuard,0,10,0,0.0,0,0.11993835866451263,accept,0,0,0,0,0,0,0,0,0,0
clean,clean+shift,39,3,EgoOnly,0,10,0,0.0,0,0.1401793509721756,,0,0,0,0,0,0,0,0,0,0
clean,clean+shift,39,3,CleanCoop,0,10,0,0.0,0,0.12003188580274582,,0,0,0,0,0,0,0,0,0,0
clean,clean+shift,39,3,PrimaryRaw,0,10,0,0.0,0,0.12003188580274582,,0,0,0,0,0,0,0,0,0,0
clean,clean+shift,39,3,PrimaryTrustCalib,0,10,0,0.0,0,0.12003188580274582,accept,0,0,0,0,0,0,0,0,0,0
clean,clean+shift,39,3,MultiPeerObjectGuard,0,10,0,0.0,0,0.12003188580274582,accept,0,0,0,0,0,0,0,0,0,0
clean,clean+shift,39,4,EgoOnly,0,10,0,0.0,0,0.14111833274364471,,0,0,0,0,0,0,0,0,0,0
clean,clean+shift,39,4,CleanCoop,0,10,0,0.0,0,0.12049298733472824,,0,0,0,0,0,0,0,0,0,0
clean,clean+shift,39,4,PrimaryRaw,0,10,0,0.0,0,0.12049298733472824,,0,0,0,0,0,0,0,0,0,0
clean,clean+shift,39,4,PrimaryTrustCalib,0,10,0,0.0,0,0.12049298733472824,accept,0,0,0,0,0,0,0,0,0,0
clean,clean+shift,39,4,MultiPeerObjectGuard,0,10,0,0.0,0,0.12049298733472824,accept,0,0,0,0,0,0,0,0,0,0
clean,clean+shift,39,5,EgoOnly,3,10,0,0.0,0,0.14237450063228607,,0,0,0,0,0,0,0,0,0,0
clean,clean+shift,39,5,CleanCoop,0,10,1,1.0,10,0.11795838922262192,,0,0,0,0,0,0,0,0,0,0
clean,clean+shift,39,5,PrimaryRaw,0,10,1,1.0,10,0.11795838922262192,,0,0,0,0,0,0,0,0,0,0
clean,clean+shift,39,5,PrimaryTrustCalib,0,10,1,1.0,10,0.11795838922262192,accept,0,0,0,0,0,0,0,0,0,0
clean,clean+shift,39,5,MultiPeerObjectGuard,0,10,1,1.0,10,0.11795838922262192,accept,0,0,0,0,0,0,0,0,0,0
clean,clean+shift,39,6,EgoOnly,3,10,0,0.0,0,0.1438872367143631,,0,0,0,0,0,0,0,0,0,0
clean,clean+shift,39,6,CleanCoop,0,10,1,1.0,10,0.11823689937591553,,0,0,0,0,0,0,0,0,0,0
clean,clean+shift,39,6,PrimaryRaw,0,10,1,1.0,10,0.11823689937591553,,0,0,0,0,0,0,0,0,0,0
clean,clean+shift,39,6,PrimaryTrustCalib,0,10,1,1.0,10,0.11823689937591553,accept,0,0,0,0,0,0,0,0,0,0
clean,clean+shift,39,6,MultiPeerObjectGuard,0,10,1,1.0,10,0.11823689937591553,accept,0,0,0,0,0,0,0,0,0,0
clean,clean+shift,39,7,EgoOnly,3,10,0,0.0,0,0.13964109122753143,,0,0,0,0,0,0,0,0,0,0
clean,clean+shift,39,7,CleanCoop,0,10,1,1.0,10,0.11940904706716537,,0,0,0,0,0,0,0,0,0,0
clean,clean+shift,39,7,PrimaryRaw,0,10,1,1.0,10,0.11940904706716537,,0,0,0,0,0,0,0,0,0,0
clean,clean+shift,39,7,PrimaryTrustCalib,0,10,1,1.0,10,0.11940904706716537,accept,0,0,0,0,0,0,0,0,0,0
clean,clean+shift,39,7,MultiPeerObjectGuard,0,10,1,1.0,10,0.11940904706716537,accept,0,0,0,0,0,0,0,0,0,0
clean,clean+shift,39,8,EgoOnly,3,10,0,0.0,0,0.1395658254623413,,0,0,0,0,0,0,0,0,0,0
clean,clean+shift,39,8,CleanCoop,0,10,1,1.0,10,0.12176249921321869,,0,0,0,0,0,0,0,0,0,0
clean,clean+shift,39,8,PrimaryRaw,0,10,1,1.0,10,0.12176249921321869,,0,0,0,0,0,0,0,0,0,0
clean,clean+shift,39,8,PrimaryTrustCalib,0,10,1,1.0,10,0.12176249921321869,accept,0,0,0,0,0,0,0,0,0,0
clean,clean+shift,39,8,MultiPeerObjectGuard,0,10,1,1.0,10,0.12176249921321869,accept,0,0,0,0,0,0,0,0,0,0
clean,clean+shift,39,9,EgoOnly,3,10,0,0.0,0,0.13968580961227417,,0,0,0,0,0,0,0,0,0,0
clean,clean+shift,39,9,CleanCoop,0,10,1,1.0,10,0.12028192728757858,,0,0,0,0,0,0,0,0,0,0
clean,clean+shift,39,9,PrimaryRaw,0,10,1,1.0,10,0.12028192728757858,,0,0,0,0,0,0,0,0,0,0
clean,clean+shift,39,9,PrimaryTrustCalib,0,10,1,1.0,10,0.12028192728757858,accept,0,0,0,0,0,0,0,0,0,0
clean,clean+shift,39,9,MultiPeerObjectGuard,0,10,1,1.0,10,0.12028192728757858,accept,0,0,0,0,0,0,0,0,0,0
clean,clean+shift,39,10,EgoOnly,3,10,0,0.0,0,0.1410968154668808,,0,0,0,0,0,0,0,0,0,0
clean,clean+shift,39,10,CleanCoop,0,10,1,1.0,10,0.12170831114053726,,0,0,0,0,0,0,0,0,0,0
clean,clean+shift,39,10,PrimaryRaw,0,10,1,1.0,10,0.12170831114053726,,0,0,0,0,0,0,0,0,0,0
clean,clean+shift,39,10,PrimaryTrustCalib,0,10,1,1.0,10,0.12170831114053726,accept,0,0,0,0,0,0,0,0,0,0
clean,clean+shift,39,10,MultiPeerObjectGuard,0,10,1,1.0,10,0.12170831114053726,accept,0,0,0,0,0,0,0,0,0,0
clean,clean+shift,39,11,EgoOnly,3,10,0,0.0,0,0.14884419739246368,,0,0,0,0,0,0,0,0,0,0
clean,clean+shift,39,11,CleanCoop,0,10,1,1.0,10,0.12265768647193909,,0,0,0,0,0,0,0,0,0,0
clean,clean+shift,39,11,PrimaryRaw,0,10,1,1.0,10,0.12265768647193909,,0,0,0,0,0,0,0,0,0,0
clean,clean+shift,39,11,PrimaryTrustCalib,0,10,1,1.0,10,0.12265768647193909,accept,0,0,0,0,0,0,0,0,0,0
clean,clean+shift,39,11,MultiPeerObjectGuard,0,10,1,1.0,10,0.12265768647193909,accept,0,0,0,0,0,0,0,0,0,0
clean,clean+shift,39,12,EgoOnly,3,10,0,0.0,0,0.14912186563014984,,0,0,0,0,0,0,0,0,0,0
clean,clean+shift,39,12,CleanCoop,0,10,1,1.0,10,0.12323574721813202,,0,0,0,0,0,0,0,0,0,0
clean,clean+shift,39,12,PrimaryRaw,0,10,1,1.0,10,0.12323574721813202,,0,0,0,0,0,0,0,0,0,0
clean,clean+shift,39,12,PrimaryTrustCalib,0,10,1,1.0,10,0.12323574721813202,accept,0,0,0,0,0,0,0,0,0,0
clean,clean+shift,39,12,MultiPeerObjectGuard,0,10,1,1.0,10,0.12323574721813202,accept,0,0,0,0,0,0,0,0,0,0
clean,clean+shift,39,13,EgoOnly,3,10,0,0.0,0,0.15101729333400726,,0,0,0,0,0,0,0,0,0,0
clean,clean+shift,39,13,CleanCoop,0,10,1,1.0,10,0.12343184649944305,,0,0,0,0,0,0,0,0,0,0
clean,clean+shift,39,13,PrimaryRaw,0,10,1,1.0,10,0.12343184649944305,,0,0,0,0,0,0,0,0,0,0
clean,clean+shift,39,13,PrimaryTrustCalib,0,10,1,1.0,10,0.12343184649944305,accept,0,0,0,0,0,0,0,0,0,0
clean,clean+shift,39,13,MultiPeerObjectGuard,0,10,1,1.0,10,0.12343184649944305,accept,0,0,0,0,0,0,0,0,0,0
clean,clean+shift,39,14,EgoOnly,3,10,0,0.0,0,0.1552271842956543,,0,0,0,0,0,0,0,0,0,0
clean,clean+shift,39,14,CleanCoop,0,10,1,1.0,10,0.12369530647993088,,0,0,0,0,0,0,0,0,0,0
clean,clean+shift,39,14,PrimaryRaw,0,10,1,1.0,10,0.12369530647993088,,0,0,0,0,0,0,0,0,0,0
clean,clean+shift,39,14,PrimaryTrustCalib,0,10,1,1.0,10,0.12369530647993088,accept,0,0,0,0,0,0,0,0,0,0
clean,clean+shift,39,14,MultiPeerObjectGuard,0,10,1,1.0,10,0.12369530647993088,accept,0,0,0,0,0,0,0,0,0,0
clean,clean+shift,39,15,EgoOnly,3,10,0,0.0,0,0.17376984655857086,,0,0,0,0,0,0,0,0,0,0
clean,clean+shift,39,15,CleanCoop,0,10,1,1.0,10,0.1433468461036682,,0,0,0,0,0,0,0,0,0,0
clean,clean+shift,39,15,PrimaryRaw,0,10,1,1.0,10,0.1433468461036682,,0,0,0,0,0,0,0,0,0,0
clean,clean+shift,39,15,PrimaryTrustCalib,0,10,1,1.0,10,0.1433468461036682,accept,0,0,0,0,0,0,0,0,0,0
clean,clean+shift,39,15,MultiPeerObjectGuard,0,10,1,1.0,10,0.1433468461036682,accept,0,0,0,0,0,0,0,0,0,0
clean,clean+shift,39,16,EgoOnly,3,10,0,0.0,0,0.14450015127658844,,0,0,0,0,0,0,0,0,0,0
clean,clean+shift,39,16,CleanCoop,0,10,1,1.0,10,0.13833901286125183,,0,0,0,0,0,0,0,0,0,0
clean,clean+shift,39,16,PrimaryRaw,0,10,1,1.0,10,0.13833901286125183,,0,0,0,0,0,0,0,0,0,0
clean,clean+shift,39,16,PrimaryTrustCalib,0,10,1,1.0,10,0.13833901286125183,accept,0,0,0,0,0,0,0,0,0,0
clean,clean+shift,39,16,MultiPeerObjectGuard,0,10,1,1.0,10,0.13833901286125183,accept,0,0,0,0,0,0,0,0,0,0
clean,clean+shift,39,17,EgoOnly,3,10,0,0.0,0,0.17458854615688324,,0,0,0,0,0,0,0,0,0,0
clean,clean+shift,39,17,CleanCoop,0,10,1,1.0,10,0.1466900259256363,,0,0,0,0,0,0,0,0,0,0
clean,clean+shift,39,17,PrimaryRaw,0,10,1,1.0,10,0.1466900259256363,,0,0,0,0,0,0,0,0,0,0
clean,clean+shift,39,17,PrimaryTrustCalib,0,10,1,1.0,10,0.1466900259256363,accept,0,0,0,0,0,0,0,0,0,0
clean,clean+shift,39,17,MultiPeerObjectGuard,0,10,1,1.0,10,0.1466900259256363,accept,0,0,0,0,0,0,0,0,0,0
clean,clean+shift,39,18,EgoOnly,3,10,0,0.0,0,0.16254965960979462,,0,0,0,0,0,0,0,0,0,0
clean,clean+shift,39,18,CleanCoop,0,10,1,1.0,10,0.13366782665252686,,0,0,0,0,0,0,0,0,0,0
clean,clean+shift,39,18,PrimaryRaw,0,10,1,1.0,10,0.13366782665252686,,0,0,0,0,0,0,0,0,0,0
clean,clean+shift,39,18,PrimaryTrustCalib,0,10,1,1.0,10,0.13366782665252686,accept,0,0,0,0,0,0,0,0,0,0
clean,clean+shift,39,18,MultiPeerObjectGuard,0,10,1,1.0,10,0.13366782665252686,accept,0,0,0,0,0,0,0,0,0,0
clean,clean+shift,39,19,EgoOnly,3,10,0,0.0,0,0.1660938709974289,,0,0,0,0,0,0,0,0,0,0
clean,clean+shift,39,19,CleanCoop,0,10,1,1.0,10,0.126437246799469,,0,0,0,0,0,0,0,0,0,0
clean,clean+shift,39,19,PrimaryRaw,0,10,1,1.0,10,0.126437246799469,,0,0,0,0,0,0,0,0,0,0
clean,clean+shift,39,19,PrimaryTrustCalib,0,10,1,1.0,10,0.126437246799469,accept,0,0,0,0,0,0,0,0,0,0
clean,clean+shift,39,19,MultiPeerObjectGuard,0,10,1,1.0,10,0.126437246799469,accept,0,0,0,0,0,0,0,0,0,0
clean,clean+shift,41,0,EgoOnly,0,10,1,0.6,6,0.21061211824417114,,0,0,0,0,0,0,0,0,0,0
clean,clean+shift,41,0,CleanCoop,0,10,1,0.6,6,0.25231608748435974,,0,0,0,0,0,0,0,0,0,0
clean,clean+shift,41,0,PrimaryRaw,0,10,1,0.6,6,0.25231608748435974,,0,0,0,0,0,0,0,0,0,0
clean,clean+shift,41,0,PrimaryTrustCalib,0,10,1,0.6,6,0.25231608748435974,accept,0,0,0,0,0,0,0,0,0,0
clean,clean+shift,41,0,MultiPeerObjectGuard,0,10,1,0.6,6,0.25231608748435974,accept,0,0,0,0,0,0,0,0,0,0
clean,clean+shift,41,1,EgoOnly,0,10,1,0.6,6,0.21239423751831055,,0,0,0,0,0,0,0,0,0,0
clean,clean+shift,41,1,CleanCoop,0,10,1,0.6,6,0.2534995973110199,,0,0,0,0,0,0,0,0,0,0
clean,clean+shift,41,1,PrimaryRaw,0,10,1,0.6,6,0.2534995973110199,,0,0,0,0,0,0,0,0,0,0
clean,clean+shift,41,1,PrimaryTrustCalib,0,10,1,0.6,6,0.2534995973110199,accept,0,0,0,0,0,0,0,0,0,0
clean,clean+shift,41,1,MultiPeerObjectGuard,0,10,1,0.6,6,0.2534995973110199,accept,0,0,0,0,0,0,0,0,0,0
clean,clean+shift,41,2,EgoOnly,0,10,1,0.7,7,0.21460728347301483,,0,0,0,0,0,0,0,0,0,0
clean,clean+shift,41,2,CleanCoop,0,10,1,0.7,7,0.25581666827201843,,0,0,0,0,0,0,0,0,0,0
clean,clean+shift,41,2,PrimaryRaw,0,10,1,0.7,7,0.25581666827201843,,0,0,0,0,0,0,0,0,0,0
clean,clean+shift,41,2,PrimaryTrustCalib,0,10,1,0.7,7,0.25581666827201843,accept,0,0,0,0,0,0,0,0,0,0
clean,clean+shift,41,2,MultiPeerObjectGuard,0,10,1,0.7,7,0.25581666827201843,accept,0,0,0,0,0,0,0,0,0,0
clean,clean+shift,41,3,EgoOnly,0,10,1,0.7,7,0.21209533512592316,,0,0,0,0,0,0,0,0,0,0
clean,clean+shift,41,3,CleanCoop,0,10,1,0.7,7,0.25365039706230164,,0,0,0,0,0,0,0,0,0,0
clean,clean+shift,41,3,PrimaryRaw,0,10,1,0.7,7,0.25365039706230164,,0,0,0,0,0,0,0,0,0,0
clean,clean+shift,41,3,PrimaryTrustCalib,0,10,1,0.7,7,0.25365039706230164,accept,0,0,0,0,0,0,0,0,0,0
clean,clean+shift,41,3,MultiPeerObjectGuard,0,10,1,0.7,7,0.25365039706230164,accept,0,0,0,0,0,0,0,0,0,0
clean,clean+shift,41,4,EgoOnly,0,10,1,0.7,7,0.21975192427635193,,0,0,0,0,0,0,0,0,0,0
clean,clean+shift,41,4,CleanCoop,0,10,1,0.7,7,0.21754738688468933,,0,0,0,0,0,0,0,0,0,0
clean,clean+shift,41,4,PrimaryRaw,0,10,1,0.7,7,0.21754738688468933,,0,0,0,0,0,0,0,0,0,0
clean,clean+shift,41,4,PrimaryTrustCalib,0,10,1,0.7,7,0.21754738688468933,accept,0,0,0,0,0,0,0,0,0,0
clean,clean+shift,41,4,MultiPeerObjectGuard,0,10,1,0.7,7,0.21754738688468933,accept,0,0,0,0,0,0,0,0,0,0
clean,clean+shift,41,5,EgoOnly,0,10,1,0.1,1,0.2183321863412857,,0,0,0,0,0,0,0,0,0,0
clean,clean+shift,41,5,CleanCoop,0,10,1,0.1,1,0.34743985533714294,,0,0,0,0,0,0,0,0,0,0
clean,clean+shift,41,5,PrimaryRaw,0,10,1,0.1,1,0.34743985533714294,,0,0,0,0,0,0,0,0,0,0
clean,clean+shift,41,5,PrimaryTrustCalib,0,10,1,0.1,1,0.34743985533714294,accept,0,0,0,0,0,0,0,0,0,0
clean,clean+shift,41,5,MultiPeerObjectGuard,0,10,1,0.1,1,0.34743985533714294,accept,0,0,0,0,0,0,0,0,0,0
clean,clean+shift,41,6,EgoOnly,0,10,1,0.2,2,0.17910568416118622,,0,0,0,0,0,0,0,0,0,0
clean,clean+shift,41,6,CleanCoop,0,10,1,0.2,2,0.31126219034194946,,0,0,0,0,0,0,0,0,0,0
clean,clean+shift,41,6,PrimaryRaw,0,10,1,0.2,2,0.31126219034194946,,0,0,0,0,0,0,0,0,0,0
clean,clean+shift,41,6,PrimaryTrustCalib,0,10,1,0.2,2,0.31126219034194946,accept,0,0,0,0,0,0,0,0,0,0
clean,clean+shift,41,6,MultiPeerObjectGuard,0,10,1,0.2,2,0.31126219034194946,accept,0,0,0,0,0,0,0,0,0,0
clean,clean+shift,41,7,EgoOnly,0,10,1,0.2,2,0.2224920690059662,,0,0,0,0,0,0,0,0,0,0
clean,clean+shift,41,7,CleanCoop,0,10,1,0.2,2,0.2464735209941864,,0,0,0,0,0,0,0,0,0,0
clean,clean+shift,41,7,PrimaryRaw,0,10,1,0.2,2,0.2464735209941864,,0,0,0,0,0,0,0,0,0,0
clean,clean+shift,41,7,PrimaryTrustCalib,0,10,1,0.2,2,0.2464735209941864,accept,0,0,0,0,0,0,0,0,0,0
clean,clean+shift,41,7,MultiPeerObjectGuard,0,10,1,0.2,2,0.2464735209941864,accept,0,0,0,0,0,0,0,0,0,0
clean,clean+shift,41,8,EgoOnly,0,10,1,0.2,2,0.1819668710231781,,0,0,0,0,0,0,0,0,0,0
clean,clean+shift,41,8,CleanCoop,0,10,1,0.2,2,0.2632468640804291,,0,0,0,0,0,0,0,0,0,0
clean,clean+shift,41,8,PrimaryRaw,0,10,1,0.2,2,0.2632468640804291,,0,0,0,0,0,0,0,0,0,0
clean,clean+shift,41,8,PrimaryTrustCalib,0,10,1,0.2,2,0.2632468640804291,accept,0,0,0,0,0,0,0,0,0,0
clean,clean+shift,41,8,MultiPeerObjectGuard,0,10,1,0.2,2,0.2632468640804291,accept,0,0,0,0,0,0,0,0,0,0
clean,clean+shift,41,9,EgoOnly,0,10,1,0.3,3,0.2330506592988968,,0,0,0,0,0,0,0,0,0,0
clean,clean+shift,41,9,CleanCoop,0,10,1,0.3,3,0.33205291628837585,,0,0,0,0,0,0,0,0,0,0
clean,clean+shift,41,9,PrimaryRaw,0,10,1,0.3,3,0.33205291628837585,,0,0,0,0,0,0,0,0,0,0
clean,clean+shift,41,9,PrimaryTrustCalib,0,10,1,0.3,3,0.33205291628837585,accept,0,0,0,0,0,0,0,0,0,0
clean,clean+shift,41,9,MultiPeerObjectGuard,0,10,1,0.3,3,0.33205291628837585,accept,0,0,0,0,0,0,0,0,0,0
clean,clean+shift,41,10,EgoOnly,0,10,1,0.3,3,0.23846672475337982,,0,0,0,0,0,0,0,0,0,0
clean,clean+shift,41,10,CleanCoop,0,10,1,0.3,3,0.24583488702774048,,0,0,0,0,0,0,0,0,0,0
clean,clean+shift,41,10,PrimaryRaw,0,10,1,0.3,3,0.24583488702774048,,0,0,0,0,0,0,0,0,0,0
clean,clean+shift,41,10,PrimaryTrustCalib,0,10,1,0.3,3,0.24583488702774048,accept,0,0,0,0,0,0,0,0,0,0
clean,clean+shift,41,10,MultiPeerObjectGuard,0,10,1,0.3,3,0.24583488702774048,accept,0,0,0,0,0,0,0,0,0,0
clean,clean+shift,41,11,EgoOnly,0,10,1,0.2,2,0.23785129189491272,,0,0,0,0,0,0,0,0,0,0
clean,clean+shift,41,11,CleanCoop,0,10,1,0.2,2,0.24726271629333496,,0,0,0,0,0,0,0,0,0,0
clean,clean+shift,41,11,PrimaryRaw,0,10,1,0.2,2,0.24726271629333496,,0,0,0,0,0,0,0,0,0,0
clean,clean+shift,41,11,PrimaryTrustCalib,0,10,1,0.2,2,0.24726271629333496,accept,0,0,0,0,0,0,0,0,0,0
clean,clean+shift,41,11,MultiPeerObjectGuard,0,10,1,0.2,2,0.24726271629333496,accept,0,0,0,0,0,0,0,0,0,0
clean,clean+shift,41,12,EgoOnly,0,10,1,0.1,1,0.19750264286994934,,0,0,0,0,0,0,0,0,0,0
clean,clean+shift,41,12,CleanCoop,0,10,1,0.1,1,0.2769598364830017,,0,0,0,0,0,0,0,0,0,0
clean,clean+shift,41,12,PrimaryRaw,0,10,1,0.1,1,0.2769598364830017,,0,0,0,0,0,0,0,0,0,0
clean,clean+shift,41,12,PrimaryTrustCalib,0,10,1,0.1,1,0.2769598364830017,accept,0,0,0,0,0,0,0,0,0,0
clean,clean+shift,41,12,MultiPeerObjectGuard,0,10,1,0.1,1,0.2769598364830017,accept,0,0,0,0,0,0,0,0,0,0
clean,clean+shift,41,13,EgoOnly,0,10,1,0.1,1,0.2156437188386917,,0,0,0,0,0,0,0,0,0,0
clean,clean+shift,41,13,CleanCoop,0,10,1,0.1,1,0.288473516702652,,0,0,0,0,0,0,0,0,0,0
clean,clean+shift,41,13,PrimaryRaw,0,10,1,0.1,1,0.288473516702652,,0,0,0,0,0,0,0,0,0,0
clean,clean+shift,41,13,PrimaryTrustCalib,0,10,1,0.1,1,0.288473516702652,accept,0,0,0,0,0,0,0,0,0,0
clean,clean+shift,41,13,MultiPeerObjectGuard,0,10,1,0.1,1,0.288473516702652,accept,0,0,0,0,0,0,0,0,0,0
clean,clean+shift,41,14,EgoOnly,0,10,1,0.2,2,0.1952163428068161,,0,0,0,0,0,0,0,0,0,0
clean,clean+shift,41,14,CleanCoop,0,10,1,0.2,2,0.30043303966522217,,0,0,0,0,0,0,0,0,0,0
clean,clean+shift,41,14,PrimaryRaw,0,10,1,0.2,2,0.30043303966522217,,0,0,0,0,0,0,0,0,0,0
clean,clean+shift,41,14,PrimaryTrustCalib,0,10,1,0.2,2,0.30043303966522217,accept,0,0,0,0,0,0,0,0,0,0
clean,clean+shift,41,14,MultiPeerObjectGuard,0,10,1,0.2,2,0.30043303966522217,accept,0,0,0,0,0,0,0,0,0,0
clean,clean+shift,41,15,EgoOnly,0,10,1,0.1,1,0.178977370262146,,0,0,0,0,0,0,0,0,0,0
clean,clean+shift,41,15,CleanCoop,0,10,1,0.1,1,0.3085958659648895,,0,0,0,0,0,0,0,0,0,0
clean,clean+shift,41,15,PrimaryRaw,0,10,1,0.1,1,0.3085958659648895,,0,0,0,0,0,0,0,0,0,0
clean,clean+shift,41,15,PrimaryTrustCalib,0,10,1,0.1,1,0.3085958659648895,accept,0,0,0,0,0,0,0,0,0,0
clean,clean+shift,41,15,MultiPeerObjectGuard,0,10,1,0.1,1,0.3085958659648895,accept,0,0,0,0,0,0,0,0,0,0
clean,clean+shift,41,16,EgoOnly,0,10,1,0.1,1,0.19009390473365784,,0,0,0,0,0,0,0,0,0,0
clean,clean+shift,41,16,CleanCoop,0,10,1,0.1,1,0.3121417164802551,,0,0,0,0,0,0,0,0,0,0
clean,clean+shift,41,16,PrimaryRaw,0,10,1,0.1,1,0.3121417164802551,,0,0,0,0,0,0,0,0,0,0
clean,clean+shift,41,16,PrimaryTrustCalib,0,10,1,0.1,1,0.3121417164802551,accept,0,0,0,0,0,0,0,0,0,0
clean,clean+shift,41,16,MultiPeerObjectGuard,0,10,1,0.1,1,0.3121417164802551,accept,0,0,0,0,0,0,0,0,0,0
clean,clean+shift,41,17,EgoOnly,0,10,1,0.1,1,0.21306857466697693,,0,0,0,0,0,0,0,0,0,0
clean,clean+shift,41,17,CleanCoop,0,10,1,0.1,1,0.3185713589191437,,0,0,0,0,0,0,0,0,0,0
clean,clean+shift,41,17,PrimaryRaw,0,10,1,0.1,1,0.3185713589191437,,0,0,0,0,0,0,0,0,0,0
clean,clean+shift,41,17,PrimaryTrustCalib,0,10,1,0.1,1,0.3185713589191437,accept,0,0,0,0,0,0,0,0,0,0
clean,clean+shift,41,17,MultiPeerObjectGuard,0,10,1,0.1,1,0.3185713589191437,accept,0,0,0,0,0,0,0,0,0,0
clean,clean+shift,41,18,EgoOnly,0,10,0,0.0,0,0.18414363265037537,,0,0,0,0,0,0,0,0,0,0
clean,clean+shift,41,18,CleanCoop,0,10,1,0.1,1,0.3280959725379944,,0,0,0,0,0,0,0,0,0,0
clean,clean+shift,41,18,PrimaryRaw,0,10,1,0.1,1,0.3280959725379944,,0,0,0,0,0,0,0,0,0,0
clean,clean+shift,41,18,PrimaryTrustCalib,0,10,1,0.1,1,0.3280959725379944,accept,0,0,0,0,0,0,0,0,0,0
clean,clean+shift,41,18,MultiPeerObjectGuard,0,10,1,0.1,1,0.3280959725379944,accept,0,0,0,0,0,0,0,0,0,0
clean,clean+shift,41,19,EgoOnly,0,10,0,0.0,0,0.22757525742053986,,0,0,0,0,0,0,0,0,0,0
clean,clean+shift,41,19,CleanCoop,0,10,1,0.0,0,0.3315742611885071,,0,0,0,0,0,0,0,0,0,0
clean,clean+shift,41,19,PrimaryRaw,0,10,1,0.0,0,0.3315742611885071,,0,0,0,0,0,0,0,0,0,0
clean,clean+shift,41,19,PrimaryTrustCalib,0,10,1,0.0,0,0.3315742611885071,accept,0,0,0,0,0,0,0,0,0,0
clean,clean+shift,41,19,MultiPeerObjectGuard,0,10,1,0.0,0,0.3315742611885071,accept,0,0,0,0,0,0,0,0,0,0
clean,clean+shift,48,0,EgoOnly,0,10,1,0.3,3,0.1500997692346573,,0,0,0,0,0,0,0,0,0,0
clean,clean+shift,48,0,CleanCoop,0,10,1,0.3,3,0.15068784356117249,,0,0,0,0,0,0,0,0,0,0
clean,clean+shift,48,0,PrimaryRaw,0,10,1,0.3,3,0.15068784356117249,,0,0,0,0,0,0,0,0,0,0
clean,clean+shift,48,0,PrimaryTrustCalib,0,10,1,0.3,3,0.15068784356117249,accept,0,0,0,0,0,0,0,0,0,0
clean,clean+shift,48,0,MultiPeerObjectGuard,0,10,1,0.3,3,0.15068784356117249,accept,0,0,0,0,0,0,0,0,0,0
clean,clean+shift,48,1,EgoOnly,0,10,1,0.3,3,0.14381533861160278,,0,0,0,0,0,0,0,0,0,0
clean,clean+shift,48,1,CleanCoop,0,10,1,0.3,3,0.14554333686828613,,0,0,0,0,0,0,0,0,0,0
clean,clean+shift,48,1,PrimaryRaw,0,10,1,0.3,3,0.14554333686828613,,0,0,0,0,0,0,0,0,0,0
clean,clean+shift,48,1,PrimaryTrustCalib,0,10,1,0.3,3,0.14554333686828613,accept,0,0,0,0,0,0,0,0,0,0
clean,clean+shift,48,1,MultiPeerObjectGuard,0,10,1,0.3,3,0.14554333686828613,accept,0,0,0,0,0,0,0,0,0,0
clean,clean+shift,48,2,EgoOnly,0,10,1,0.3,3,0.15222841501235962,,0,0,0,0,0,0,0,0,0,0
clean,clean+shift,48,2,CleanCoop,0,10,1,0.3,3,0.14246758818626404,,0,0,0,0,0,0,0,0,0,0
clean,clean+shift,48,2,PrimaryRaw,0,10,1,0.3,3,0.14246758818626404,,0,0,0,0,0,0,0,0,0,0
clean,clean+shift,48,2,PrimaryTrustCalib,0,10,1,0.3,3,0.14246758818626404,accept,0,0,0,0,0,0,0,0,0,0
clean,clean+shift,48,2,MultiPeerObjectGuard,0,10,1,0.3,3,0.14246758818626404,accept,0,0,0,0,0,0,0,0,0,0
clean,clean+shift,48,3,EgoOnly,0,10,1,0.3,3,0.14789125323295593,,0,0,0,0,0,0,0,0,0,0
clean,clean+shift,48,3,CleanCoop,0,10,1,0.3,3,0.13624307513237,,0,0,0,0,0,0,0,0,0,0
clean,clean+shift,48,3,PrimaryRaw,0,10,1,0.3,3,0.13624307513237,,0,0,0,0,0,0,0,0,0,0
clean,clean+shift,48,3,PrimaryTrustCalib,0,10,1,0.3,3,0.13624307513237,accept,0,0,0,0,0,0,0,0,0,0
clean,clean+shift,48,3,MultiPeerObjectGuard,0,10,1,0.3,3,0.13624307513237,accept,0,0,0,0,0,0,0,0,0,0
clean,clean+shift,48,4,EgoOnly,0,10,1,0.2,2,0.13582871854305267,,0,0,0,0,0,0,0,0,0,0
clean,clean+shift,48,4,CleanCoop,0,10,1,0.2,2,0.12643973529338837,,0,0,0,0,0,0,0,0,0,0
clean,clean+shift,48,4,PrimaryRaw,0,10,1,0.2,2,0.12643973529338837,,0,0,0,0,0,0,0,0,0,0
clean,clean+shift,48,4,PrimaryTrustCalib,0,10,1,0.2,2,0.12643973529338837,accept,0,0,0,0,0,0,0,0,0,0
clean,clean+shift,48,4,MultiPeerObjectGuard,0,10,1,0.2,2,0.12643973529338837,accept,0,0,0,0,0,0,0,0,0,0
clean,clean+shift,48,5,EgoOnly,0,10,1,0.2,2,0.14596647024154663,,0,0,0,0,0,0,0,0,0,0
clean,clean+shift,48,5,CleanCoop,0,10,1,0.2,2,0.13892672955989838,,0,0,0,0,0,0,0,0,0,0
clean,clean+shift,48,5,PrimaryRaw,0,10,1,0.2,2,0.13892672955989838,,0,0,0,0,0,0,0,0,0,0
clean,clean+shift,48,5,PrimaryTrustCalib,0,10,1,0.2,2,0.13892672955989838,accept,0,0,0,0,0,0,0,0,0,0
clean,clean+shift,48,5,MultiPeerObjectGuard,0,10,1,0.2,2,0.13892672955989838,accept,0,0,0,0,0,0,0,0,0,0
clean,clean+shift,48,6,EgoOnly,0,10,1,0.1,1,0.14645522832870483,,0,0,0,0,0,0,0,0,0,0
clean,clean+shift,48,6,CleanCoop,0,10,1,0.1,1,0.142168790102005,,0,0,0,0,0,0,0,0,0,0
clean,clean+shift,48,6,PrimaryRaw,0,10,1,0.1,1,0.142168790102005,,0,0,0,0,0,0,0,0,0,0
clean,clean+shift,48,6,PrimaryTrustCalib,0,10,1,0.1,1,0.142168790102005,accept,0,0,0,0,0,0,0,0,0,0
clean,clean+shift,48,6,MultiPeerObjectGuard,0,10,1,0.1,1,0.142168790102005,accept,0,0,0,0,0,0,0,0,0,0
clean,clean+shift,48,7,EgoOnly,0,10,0,0.0,0,0.13075391948223114,,0,0,0,0,0,0,0,0,0,0
clean,clean+shift,48,7,CleanCoop,0,10,0,0.0,0,0.1438637673854828,,0,0,0,0,0,0,0,0,0,0
clean,clean+shift,48,7,PrimaryRaw,0,10,0,0.0,0,0.1438637673854828,,0,0,0,0,0,0,0,0,0,0
clean,clean+shift,48,7,PrimaryTrustCalib,0,10,0,0.0,0,0.1438637673854828,accept,0,0,0,0,0,0,0,0,0,0
clean,clean+shift,48,7,MultiPeerObjectGuard,0,10,0,0.0,0,0.1438637673854828,accept,0,0,0,0,0,0,0,0,0,0
clean,clean+shift,48,8,EgoOnly,0,10,0,0.0,0,0.12252696603536606,,0,0,0,0,0,0,0,0,0,0
clean,clean+shift,48,8,CleanCoop,0,10,0,0.0,0,0.13393360376358032,,0,0,0,0,0,0,0,0,0,0
clean,clean+shift,48,8,PrimaryRaw,0,10,0,0.0,0,0.13393360376358032,,0,0,0,0,0,0,0,0,0,0
clean,clean+shift,48,8,PrimaryTrustCalib,0,10,0,0.0,0,0.13393360376358032,accept,0,0,0,0,0,0,0,0,0,0
clean,clean+shift,48,8,MultiPeerObjectGuard,0,10,0,0.0,0,0.13393360376358032,accept,0,0,0,0,0,0,0,0,0,0
clean,clean+shift,48,9,EgoOnly,0,10,0,0.0,0,0.1597805917263031,,0,0,0,0,0,0,0,0,0,0
clean,clean+shift,48,9,CleanCoop,0,10,0,0.0,0,0.13794760406017303,,0,0,0,0,0,0,0,0,0,0
clean,clean+shift,48,9,PrimaryRaw,0,10,0,0.0,0,0.13794760406017303,,0,0,0,0,0,0,0,0,0,0
clean,clean+shift,48,9,PrimaryTrustCalib,0,10,0,0.0,0,0.13794760406017303,accept,0,0,0,0,0,0,0,0,0,0
clean,clean+shift,48,9,MultiPeerObjectGuard,0,10,0,0.0,0,0.13794760406017303,accept,0,0,0,0,0,0,0,0,0,0
clean,clean+shift,48,10,EgoOnly,0,10,0,0.0,0,0.14668256044387817,,0,0,0,0,0,0,0,0,0,0
clean,clean+shift,48,10,CleanCoop,0,10,0,0.0,0,0.13846179842948914,,0,0,0,0,0,0,0,0,0,0
clean,clean+shift,48,10,PrimaryRaw,0,10,0,0.0,0,0.13846179842948914,,0,0,0,0,0,0,0,0,0,0
clean,clean+shift,48,10,PrimaryTrustCalib,0,10,0,0.0,0,0.13846179842948914,accept,0,0,0,0,0,0,0,0,0,0
clean,clean+shift,48,10,MultiPeerObjectGuard,0,10,0,0.0,0,0.13846179842948914,accept,0,0,0,0,0,0,0,0,0,0
clean,clean+shift,48,11,EgoOnly,0,10,0,0.0,0,0.17090672254562378,,0,0,0,0,0,0,0,0,0,0
clean,clean+shift,48,11,CleanCoop,0,10,0,0.0,0,0.1416732668876648,,0,0,0,0,0,0,0,0,0,0
clean,clean+shift,48,11,PrimaryRaw,0,10,0,0.0,0,0.1416732668876648,,0,0,0,0,0,0,0,0,0,0
clean,clean+shift,48,11,PrimaryTrustCalib,0,10,0,0.0,0,0.1416732668876648,accept,0,0,0,0,0,0,0,0,0,0
clean,clean+shift,48,11,MultiPeerObjectGuard,0,10,0,0.0,0,0.1416732668876648,accept,0,0,0,0,0,0,0,0,0,0
clean,clean+shift,48,12,EgoOnly,0,10,0,0.0,0,0.1607835441827774,,0,0,0,0,0,0,0,0,0,0
clean,clean+shift,48,12,CleanCoop,0,10,0,0.0,0,0.1643766313791275,,0,0,0,0,0,0,0,0,0,0
clean,clean+shift,48,12,PrimaryRaw,0,10,0,0.0,0,0.1643766313791275,,0,0,0,0,0,0,0,0,0,0
clean,clean+shift,48,12,PrimaryTrustCalib,0,10,0,0.0,0,0.1643766313791275,accept,0,0,0,0,0,0,0,0,0,0
clean,clean+shift,48,12,MultiPeerObjectGuard,0,10,0,0.0,0,0.1643766313791275,accept,0,0,0,0,0,0,0,0,0,0
clean,clean+shift,48,13,EgoOnly,0,10,1,0.2,2,0.21519114077091217,,0,0,0,0,0,0,0,0,0,0
clean,clean+shift,48,13,CleanCoop,0,10,1,0.2,2,0.1632809042930603,,0,0,0,0,0,0,0,0,0,0
clean,clean+shift,48,13,PrimaryRaw,0,10,1,0.2,2,0.1632809042930603,,0,0,0,0,0,0,0,0,0,0
clean,clean+shift,48,13,PrimaryTrustCalib,0,10,1,0.2,2,0.1632809042930603,accept,0,0,0,0,0,0,0,0,0,0
clean,clean+shift,48,13,MultiPeerObjectGuard,0,10,1,0.2,2,0.1632809042930603,accept,0,0,0,0,0,0,0,0,0,0
clean,clean+shift,48,14,EgoOnly,0,10,1,0.2,2,0.18602381646633148,,0,0,0,0,0,0,0,0,0,0
clean,clean+shift,48,14,CleanCoop,0,10,1,0.2,2,0.17839182913303375,,0,0,0,0,0,0,0,0,0,0
clean,clean+shift,48,14,PrimaryRaw,0,10,1,0.2,2,0.17839182913303375,,0,0,0,0,0,0,0,0,0,0
clean,clean+shift,48,14,PrimaryTrustCalib,0,10,1,0.2,2,0.17839182913303375,accept,0,0,0,0,0,0,0,0,0,0
clean,clean+shift,48,14,MultiPeerObjectGuard,0,10,1,0.2,2,0.17839182913303375,accept,0,0,0,0,0,0,0,0,0,0
clean,clean+shift,48,15,EgoOnly,0,10,1,0.2,2,0.21464546024799347,,0,0,0,0,0,0,0,0,0,0
clean,clean+shift,48,15,CleanCoop,0,10,1,0.2,2,0.167792409658432,,0,0,0,0,0,0,0,0,0,0
clean,clean+shift,48,15,PrimaryRaw,0,10,1,0.2,2,0.167792409658432,,0,0,0,0,0,0,0,0,0,0
clean,clean+shift,48,15,PrimaryTrustCalib,0,10,1,0.2,2,0.167792409658432,accept,0,0,0,0,0,0,0,0,0,0
clean,clean+shift,48,15,MultiPeerObjectGuard,0,10,1,0.2,2,0.167792409658432,accept,0,0,0,0,0,0,0,0,0,0
clean,clean+shift,48,16,EgoOnly,0,10,1,0.2,2,0.2323460727930069,,0,0,0,0,0,0,0,0,0,0
clean,clean+shift,48,16,CleanCoop,0,10,1,0.2,2,0.16345064342021942,,0,0,0,0,0,0,0,0,0,0
clean,clean+shift,48,16,PrimaryRaw,0,10,1,0.2,2,0.16345064342021942,,0,0,0,0,0,0,0,0,0,0
clean,clean+shift,48,16,PrimaryTrustCalib,0,10,1,0.2,2,0.16345064342021942,accept,0,0,0,0,0,0,0,0,0,0
clean,clean+shift,48,16,MultiPeerObjectGuard,0,10,1,0.2,2,0.16345064342021942,accept,0,0,0,0,0,0,0,0,0,0
clean,clean+shift,48,17,EgoOnly,0,10,1,0.0,0,0.4128149449825287,,0,0,0,0,0,0,0,0,0,0
clean,clean+shift,48,17,CleanCoop,0,10,1,0.2,2,0.18799735605716705,,0,0,0,0,0,0,0,0,0,0
clean,clean+shift,48,17,PrimaryRaw,0,10,1,0.2,2,0.18799735605716705,,0,0,0,0,0,0,0,0,0,0
clean,clean+shift,48,17,PrimaryTrustCalib,0,10,1,0.2,2,0.18799735605716705,accept,0,0,0,0,0,0,0,0,0,0
clean,clean+shift,48,17,MultiPeerObjectGuard,0,10,1,0.2,2,0.18799735605716705,accept,0,0,0,0,0,0,0,0,0,0
clean,clean+shift,48,18,EgoOnly,2,10,0,0.0,0,0.17490296065807343,,0,0,0,0,0,0,0,0,0,0
clean,clean+shift,48,18,CleanCoop,0,10,1,0.4,4,0.20110535621643066,,0,0,0,0,0,0,0,0,0,0
clean,clean+shift,48,18,PrimaryRaw,0,10,1,0.4,4,0.20110535621643066,,0,0,0,0,0,0,0,0,0,0
clean,clean+shift,48,18,PrimaryTrustCalib,0,10,1,0.4,4,0.20110535621643066,accept,0,0,0,0,0,0,0,0,0,0
clean,clean+shift,48,18,MultiPeerObjectGuard,0,10,1,0.4,4,0.20110535621643066,accept,0,0,0,0,0,0,0,0,0,0
clean,clean+shift,48,19,EgoOnly,3,10,0,0.0,0,0.17534078657627106,,0,0,0,0,0,0,0,0,0,0
clean,clean+shift,48,19,CleanCoop,1,10,1,0.8,8,0.19903235137462616,,0,0,0,0,0,0,0,0,0,0
clean,clean+shift,48,19,PrimaryRaw,1,10,1,0.8,8,0.19903235137462616,,0,0,0,0,0,0,0,0,0,0
clean,clean+shift,48,19,PrimaryTrustCalib,1,10,1,0.8,8,0.19903235137462616,accept,0,0,0,0,0,0,0,0,0,0
clean,clean+shift,48,19,MultiPeerObjectGuard,1,10,1,0.8,8,0.19903235137462616,accept,0,0,0,0,0,0,0,0,0,0
clean,clean+shift,51,0,EgoOnly,0,10,1,0.2,2,0.153463214635849,,0,0,0,0,0,0,0,0,0,0
clean,clean+shift,51,0,CleanCoop,3,10,1,0.9,9,0.14610886573791504,,0,0,0,0,0,0,0,0,0,0
clean,clean+shift,51,0,PrimaryRaw,3,10,1,0.9,9,0.14610886573791504,,0,0,0,0,0,0,0,0,0,0
clean,clean+shift,51,0,PrimaryTrustCalib,3,10,1,0.9,9,0.14610886573791504,accept,0,0,0,0,0,0,0,0,0,0
clean,clean+shift,51,0,MultiPeerObjectGuard,3,10,1,0.9,9,0.14610886573791504,accept,0,0,0,0,0,0,0,0,0,0
clean,clean+shift,51,1,EgoOnly,0,10,1,0.2,2,0.1537245362997055,,0,0,0,0,0,0,0,0,0,0
clean,clean+shift,51,1,CleanCoop,2,10,1,0.9,9,0.14493833482265472,,0,0,0,0,0,0,0,0,0,0
clean,clean+shift,51,1,PrimaryRaw,2,10,1,0.9,9,0.14493833482265472,,0,0,0,0,0,0,0,0,0,0
clean,clean+shift,51,1,PrimaryTrustCalib,2,10,1,0.9,9,0.14493833482265472,accept,0,0,0,0,0,0,0,0,0,0
clean,clean+shift,51,1,MultiPeerObjectGuard,2,10,1,0.9,9,0.14493833482265472,accept,0,0,0,0,0,0,0,0,0,0
clean,clean+shift,51,2,EgoOnly,0,10,1,0.2,2,0.15420682728290558,,0,0,0,0,0,0,0,0,0,0
clean,clean+shift,51,2,CleanCoop,0,10,1,0.8,8,0.14263398945331573,,0,0,0,0,0,0,0,0,0,0
clean,clean+shift,51,2,PrimaryRaw,0,10,1,0.8,8,0.14263398945331573,,0,0,0,0,0,0,0,0,0,0
clean,clean+shift,51,2,PrimaryTrustCalib,0,10,1,0.8,8,0.14263398945331573,accept,0,0,0,0,0,0,0,0,0,0
clean,clean+shift,51,2,MultiPeerObjectGuard,0,10,1,0.8,8,0.14263398945331573,accept,0,0,0,0,0,0,0,0,0,0
clean,clean+shift,51,3,EgoOnly,0,10,1,0.1,1,0.15106184780597687,,0,0,0,0,0,0,0,0,0,0
clean,clean+shift,51,3,CleanCoop,1,10,1,0.7,7,0.13640965521335602,,0,0,0,0,0,0,0,0,0,0
clean,clean+shift,51,3,PrimaryRaw,1,10,1,0.7,7,0.13640965521335602,,0,0,0,0,0,0,0,0,0,0
clean,clean+shift,51,3,PrimaryTrustCalib,1,10,1,0.7,7,0.13640965521335602,accept,0,0,0,0,0,0,0,0,0,0
clean,clean+shift,51,3,MultiPeerObjectGuard,1,10,1,0.7,7,0.13640965521335602,accept,0,0,0,0,0,0,0,0,0,0
clean,clean+shift,51,4,EgoOnly,0,10,1,0.4,4,0.1549200415611267,,0,0,0,0,0,0,0,0,0,0
clean,clean+shift,51,4,CleanCoop,0,10,1,0.4,4,0.1549200415611267,,0,0,0,0,0,0,0,0,0,0
clean,clean+shift,51,4,PrimaryRaw,0,10,1,0.4,4,0.1549200415611267,,0,0,0,0,0,0,0,0,0,0
clean,clean+shift,51,4,PrimaryTrustCalib,0,10,1,0.4,4,0.1549200415611267,accept,0,0,0,0,0,0,0,0,0,0
clean,clean+shift,51,4,MultiPeerObjectGuard,0,10,1,0.4,4,0.1549200415611267,accept,0,0,0,0,0,0,0,0,0,0
clean,clean+shift,51,5,EgoOnly,0,10,1,0.4,4,0.15575920045375824,,0,0,0,0,0,0,0,0,0,0
clean,clean+shift,51,5,CleanCoop,0,10,1,0.4,4,0.15575920045375824,,0,0,0,0,0,0,0,0,0,0
clean,clean+shift,51,5,PrimaryRaw,0,10,1,0.4,4,0.15575920045375824,,0,0,0,0,0,0,0,0,0,0
clean,clean+shift,51,5,PrimaryTrustCalib,0,10,1,0.4,4,0.15575920045375824,accept,0,0,0,0,0,0,0,0,0,0
clean,clean+shift,51,5,MultiPeerObjectGuard,0,10,1,0.4,4,0.15575920045375824,accept,0,0,0,0,0,0,0,0,0,0
clean,clean+shift,51,6,EgoOnly,0,10,1,0.3,3,0.15261702239513397,,0,0,0,0,0,0,0,0,0,0
clean,clean+shift,51,6,CleanCoop,0,10,1,0.3,3,0.14210116863250732,,0,0,0,0,0,0,0,0,0,0
clean,clean+shift,51,6,PrimaryRaw,0,10,1,0.3,3,0.14210116863250732,,0,0,0,0,0,0,0,0,0,0
clean,clean+shift,51,6,PrimaryTrustCalib,0,10,1,0.3,3,0.14210116863250732,accept,0,0,0,0,0,0,0,0,0,0
clean,clean+shift,51,6,MultiPeerObjectGuard,0,10,1,0.3,3,0.14210116863250732,accept,0,0,0,0,0,0,0,0,0,0
clean,clean+shift,51,7,EgoOnly,0,10,1,0.2,2,0.14760179817676544,,0,0,0,0,0,0,0,0,0,0
clean,clean+shift,51,7,CleanCoop,0,10,1,0.2,2,0.12947477400302887,,0,0,0,0,0,0,0,0,0,0
clean,clean+shift,51,7,PrimaryRaw,0,10,1,0.2,2,0.12947477400302887,,0,0,0,0,0,0,0,0,0,0
clean,clean+shift,51,7,PrimaryTrustCalib,0,10,1,0.2,2,0.12947477400302887,accept,0,0,0,0,0,0,0,0,0,0
clean,clean+shift,51,7,MultiPeerObjectGuard,0,10,1,0.2,2,0.12947477400302887,accept,0,0,0,0,0,0,0,0,0,0
clean,clean+shift,51,8,EgoOnly,0,10,1,0.1,1,0.14599643647670746,,0,0,0,0,0,0,0,0,0,0
clean,clean+shift,51,8,CleanCoop,0,10,1,0.1,1,0.14599643647670746,,0,0,0,0,0,0,0,0,0,0
clean,clean+shift,51,8,PrimaryRaw,0,10,1,0.1,1,0.14599643647670746,,0,0,0,0,0,0,0,0,0,0
clean,clean+shift,51,8,PrimaryTrustCalib,0,10,1,0.1,1,0.14599643647670746,accept,0,0,0,0,0,0,0,0,0,0
clean,clean+shift,51,8,MultiPeerObjectGuard,0,10,1,0.1,1,0.14599643647670746,accept,0,0,0,0,0,0,0,0,0,0
clean,clean+shift,51,9,EgoOnly,0,10,1,0.1,1,0.14021654427051544,,0,0,0,0,0,0,0,0,0,0
clean,clean+shift,51,9,CleanCoop,0,10,1,0.1,1,0.14021654427051544,,0,0,0,0,0,0,0,0,0,0
clean,clean+shift,51,9,PrimaryRaw,0,10,1,0.1,1,0.14021654427051544,,0,0,0,0,0,0,0,0,0,0
clean,clean+shift,51,9,PrimaryTrustCalib,0,10,1,0.1,1,0.14021654427051544,accept,0,0,0,0,0,0,0,0,0,0
clean,clean+shift,51,9,MultiPeerObjectGuard,0,10,1,0.1,1,0.14021654427051544,accept,0,0,0,0,0,0,0,0,0,0
clean,clean+shift,51,10,EgoOnly,0,10,1,0.1,1,0.1299562305212021,,0,0,0,0,0,0,0,0,0,0
clean,clean+shift,51,10,CleanCoop,0,10,1,0.1,1,0.09632452577352524,,0,0,0,0,0,0,0,0,0,0
clean,clean+shift,51,10,PrimaryRaw,0,10,1,0.1,1,0.09632452577352524,,0,0,0,0,0,0,0,0,0,0
clean,clean+shift,51,10,PrimaryTrustCalib,0,10,1,0.1,1,0.09632452577352524,accept,0,0,0,0,0,0,0,0,0,0
clean,clean+shift,51,10,MultiPeerObjectGuard,0,10,1,0.1,1,0.09632452577352524,accept,0,0,0,0,0,0,0,0,0,0
clean,clean+shift,51,11,EgoOnly,0,10,1,0.1,1,0.1314845085144043,,0,0,0,0,0,0,0,0,0,0
clean,clean+shift,51,11,CleanCoop,0,10,1,0.1,1,0.11474549770355225,,0,0,0,0,0,0,0,0,0,0
clean,clean+shift,51,11,PrimaryRaw,0,10,1,0.1,1,0.11474549770355225,,0,0,0,0,0,0,0,0,0,0
clean,clean+shift,51,11,PrimaryTrustCalib,0,10,1,0.1,1,0.11474549770355225,accept,0,0,0,0,0,0,0,0,0,0
clean,clean+shift,51,11,MultiPeerObjectGuard,0,10,1,0.1,1,0.11474549770355225,accept,0,0,0,0,0,0,0,0,0,0
clean,clean+shift,51,12,EgoOnly,0,10,1,0.2,2,0.13869954645633698,,0,0,0,0,0,0,0,0,0,0
clean,clean+shift,51,12,CleanCoop,0,10,1,0.2,2,0.09985850006341934,,0,0,0,0,0,0,0,0,0,0
clean,clean+shift,51,12,PrimaryRaw,0,10,1,0.2,2,0.09985850006341934,,0,0,0,0,0,0,0,0,0,0
clean,clean+shift,51,12,PrimaryTrustCalib,0,10,1,0.2,2,0.09985850006341934,accept,0,0,0,0,0,0,0,0,0,0
clean,clean+shift,51,12,MultiPeerObjectGuard,0,10,1,0.2,2,0.09985850006341934,accept,0,0,0,0,0,0,0,0,0,0
clean,clean+shift,51,13,EgoOnly,0,10,1,0.1,1,0.13432563841342926,,0,0,0,0,0,0,0,0,0,0
clean,clean+shift,51,13,CleanCoop,0,10,1,0.1,1,0.11732093244791031,,0,0,0,0,0,0,0,0,0,0
clean,clean+shift,51,13,PrimaryRaw,0,10,1,0.1,1,0.11732093244791031,,0,0,0,0,0,0,0,0,0,0
clean,clean+shift,51,13,PrimaryTrustCalib,0,10,1,0.1,1,0.11732093244791031,accept,0,0,0,0,0,0,0,0,0,0
clean,clean+shift,51,13,MultiPeerObjectGuard,0,10,1,0.1,1,0.11732093244791031,accept,0,0,0,0,0,0,0,0,0,0
clean,clean+shift,51,14,EgoOnly,0,10,1,0.3,3,0.13579681515693665,,0,0,0,0,0,0,0,0,0,0
clean,clean+shift,51,14,CleanCoop,0,10,1,0.3,3,0.1192258968949318,,0,0,0,0,0,0,0,0,0,0
clean,clean+shift,51,14,PrimaryRaw,0,10,1,0.3,3,0.1192258968949318,,0,0,0,0,0,0,0,0,0,0
clean,clean+shift,51,14,PrimaryTrustCalib,0,10,1,0.3,3,0.1192258968949318,accept,0,0,0,0,0,0,0,0,0,0
clean,clean+shift,51,14,MultiPeerObjectGuard,0,10,1,0.3,3,0.1192258968949318,accept,0,0,0,0,0,0,0,0,0,0
clean,clean+shift,51,15,EgoOnly,0,10,1,0.2,2,0.135295107960701,,0,0,0,0,0,0,0,0,0,0
clean,clean+shift,51,15,CleanCoop,0,10,1,0.2,2,0.11708758771419525,,0,0,0,0,0,0,0,0,0,0
clean,clean+shift,51,15,PrimaryRaw,0,10,1,0.2,2,0.11708758771419525,,0,0,0,0,0,0,0,0,0,0
clean,clean+shift,51,15,PrimaryTrustCalib,0,10,1,0.2,2,0.11708758771419525,accept,0,0,0,0,0,0,0,0,0,0
clean,clean+shift,51,15,MultiPeerObjectGuard,0,10,1,0.2,2,0.11708758771419525,accept,0,0,0,0,0,0,0,0,0,0
clean,clean+shift,51,16,EgoOnly,0,10,1,0.2,2,0.14619138836860657,,0,0,0,0,0,0,0,0,0,0
clean,clean+shift,51,16,CleanCoop,0,10,1,0.2,2,0.1121356263756752,,0,0,0,0,0,0,0,0,0,0
clean,clean+shift,51,16,PrimaryRaw,0,10,1,0.2,2,0.1121356263756752,,0,0,0,0,0,0,0,0,0,0
clean,clean+shift,51,16,PrimaryTrustCalib,0,10,1,0.2,2,0.1121356263756752,accept,0,0,0,0,0,0,0,0,0,0
clean,clean+shift,51,16,MultiPeerObjectGuard,0,10,1,0.2,2,0.1121356263756752,accept,0,0,0,0,0,0,0,0,0,0
clean,clean+shift,51,17,EgoOnly,0,10,1,0.2,2,0.17738620936870575,,0,0,0,0,0,0,0,0,0,0
clean,clean+shift,51,17,CleanCoop,0,10,1,0.2,2,0.11822301894426346,,0,0,0,0,0,0,0,0,0,0
clean,clean+shift,51,17,PrimaryRaw,0,10,1,0.2,2,0.11822301894426346,,0,0,0,0,0,0,0,0,0,0
clean,clean+shift,51,17,PrimaryTrustCalib,0,10,1,0.2,2,0.11822301894426346,accept,0,0,0,0,0,0,0,0,0,0
clean,clean+shift,51,17,MultiPeerObjectGuard,0,10,1,0.2,2,0.11822301894426346,accept,0,0,0,0,0,0,0,0,0,0
clean,clean+shift,51,18,EgoOnly,0,10,1,0.2,2,0.20916342735290527,,0,0,0,0,0,0,0,0,0,0
clean,clean+shift,51,18,CleanCoop,0,10,1,0.2,2,0.16123582422733307,,0,0,0,0,0,0,0,0,0,0
clean,clean+shift,51,18,PrimaryRaw,0,10,1,0.2,2,0.16123582422733307,,0,0,0,0,0,0,0,0,0,0
clean,clean+shift,51,18,PrimaryTrustCalib,0,10,1,0.2,2,0.16123582422733307,accept,0,0,0,0,0,0,0,0,0,0
clean,clean+shift,51,18,MultiPeerObjectGuard,0,10,1,0.2,2,0.16123582422733307,accept,0,0,0,0,0,0,0,0,0,0
clean,clean+shift,51,19,EgoOnly,0,10,1,0.2,2,0.23094622790813446,,0,0,0,0,0,0,0,0,0,0
clean,clean+shift,51,19,CleanCoop,0,10,1,0.2,2,0.11184413731098175,,0,0,0,0,0,0,0,0,0,0
clean,clean+shift,51,19,PrimaryRaw,0,10,1,0.2,2,0.11184413731098175,,0,0,0,0,0,0,0,0,0,0
clean,clean+shift,51,19,PrimaryTrustCalib,0,10,1,0.2,2,0.11184413731098175,accept,0,0,0,0,0,0,0,0,0,0
clean,clean+shift,51,19,MultiPeerObjectGuard,0,10,1,0.2,2,0.11184413731098175,accept,0,0,0,0,0,0,0,0,0,0
clean,clean+shift,55,0,EgoOnly,0,10,0,0.0,0,0.1535462886095047,,0,0,0,0,0,0,0,0,0,0
clean,clean+shift,55,0,CleanCoop,0,10,0,0.0,0,0.1697874814271927,,0,0,0,0,0,0,0,0,0,0
clean,clean+shift,55,0,PrimaryRaw,0,10,0,0.0,0,0.1697874814271927,,0,0,0,0,0,0,0,0,0,0
clean,clean+shift,55,0,PrimaryTrustCalib,0,10,0,0.0,0,0.1697874814271927,accept,0,0,0,0,0,0,0,0,0,0
clean,clean+shift,55,0,MultiPeerObjectGuard,0,10,0,0.0,0,0.1697874814271927,accept,0,0,0,0,0,0,0,0,0,0
clean,clean+shift,55,1,EgoOnly,0,10,0,0.0,0,0.15330134332180023,,0,0,0,0,0,0,0,0,0,0
clean,clean+shift,55,1,CleanCoop,0,10,0,0.0,0,0.16988931596279144,,0,0,0,0,0,0,0,0,0,0
clean,clean+shift,55,1,PrimaryRaw,0,10,0,0.0,0,0.16988931596279144,,0,0,0,0,0,0,0,0,0,0
clean,clean+shift,55,1,PrimaryTrustCalib,0,10,0,0.0,0,0.16988931596279144,accept,0,0,0,0,0,0,0,0,0,0
clean,clean+shift,55,1,MultiPeerObjectGuard,0,10,0,0.0,0,0.16988931596279144,accept,0,0,0,0,0,0,0,0,0,0
clean,clean+shift,55,2,EgoOnly,0,10,0,0.0,0,0.2050769329071045,,0,0,0,0,0,0,0,0,0,0
clean,clean+shift,55,2,CleanCoop,0,10,0,0.0,0,0.18493962287902832,,0,0,0,0,0,0,0,0,0,0
clean,clean+shift,55,2,PrimaryRaw,0,10,0,0.0,0,0.18493962287902832,,0,0,0,0,0,0,0,0,0,0
clean,clean+shift,55,2,PrimaryTrustCalib,0,10,0,0.0,0,0.18493962287902832,accept,0,0,0,0,0,0,0,0,0,0
clean,clean+shift,55,2,MultiPeerObjectGuard,0,10,0,0.0,0,0.18493962287902832,accept,0,0,0,0,0,0,0,0,0,0
clean,clean+shift,55,3,EgoOnly,0,10,0,0.0,0,0.15083439648151398,,0,0,0,0,0,0,0,0,0,0
clean,clean+shift,55,3,CleanCoop,0,10,0,0.0,0,0.18732549250125885,,0,0,0,0,0,0,0,0,0,0
clean,clean+shift,55,3,PrimaryRaw,0,10,0,0.0,0,0.18732549250125885,,0,0,0,0,0,0,0,0,0,0
clean,clean+shift,55,3,PrimaryTrustCalib,0,10,0,0.0,0,0.18732549250125885,accept,0,0,0,0,0,0,0,0,0,0
clean,clean+shift,55,3,MultiPeerObjectGuard,0,10,0,0.0,0,0.18732549250125885,accept,0,0,0,0,0,0,0,0,0,0
clean,clean+shift,55,4,EgoOnly,0,10,0,0.0,0,0.15678870677947998,,0,0,0,0,0,0,0,0,0,0
clean,clean+shift,55,4,CleanCoop,0,10,0,0.0,0,0.1963696926832199,,0,0,0,0,0,0,0,0,0,0
clean,clean+shift,55,4,PrimaryRaw,0,10,0,0.0,0,0.1963696926832199,,0,0,0,0,0,0,0,0,0,0
clean,clean+shift,55,4,PrimaryTrustCalib,0,10,0,0.0,0,0.1963696926832199,accept,0,0,0,0,0,0,0,0,0,0
clean,clean+shift,55,4,MultiPeerObjectGuard,0,10,0,0.0,0,0.1963696926832199,accept,0,0,0,0,0,0,0,0,0,0
clean,clean+shift,55,5,EgoOnly,0,10,0,0.0,0,0.1645635962486267,,0,0,0,0,0,0,0,0,0,0
clean,clean+shift,55,5,CleanCoop,0,10,0,0.0,0,0.19417080283164978,,0,0,0,0,0,0,0,0,0,0
clean,clean+shift,55,5,PrimaryRaw,0,10,0,0.0,0,0.19417080283164978,,0,0,0,0,0,0,0,0,0,0
clean,clean+shift,55,5,PrimaryTrustCalib,0,10,0,0.0,0,0.19417080283164978,accept,0,0,0,0,0,0,0,0,0,0
clean,clean+shift,55,5,MultiPeerObjectGuard,0,10,0,0.0,0,0.19417080283164978,accept,0,0,0,0,0,0,0,0,0,0
clean,clean+shift,55,6,EgoOnly,0,10,0,0.0,0,0.15613125264644623,,0,0,0,0,0,0,0,0,0,0
clean,clean+shift,55,6,CleanCoop,0,10,0,0.0,0,0.2084706574678421,,0,0,0,0,0,0,0,0,0,0
clean,clean+shift,55,6,PrimaryRaw,0,10,0,0.0,0,0.2084706574678421,,0,0,0,0,0,0,0,0,0,0
clean,clean+shift,55,6,PrimaryTrustCalib,0,10,0,0.0,0,0.2084706574678421,accept,0,0,0,0,0,0,0,0,0,0
clean,clean+shift,55,6,MultiPeerObjectGuard,0,10,0,0.0,0,0.2084706574678421,accept,0,0,0,0,0,0,0,0,0,0
clean,clean+shift,55,7,EgoOnly,0,10,0,0.0,0,0.14738598465919495,,0,0,0,0,0,0,0,0,0,0
clean,clean+shift,55,7,CleanCoop,0,10,0,0.0,0,0.21063931286334991,,0,0,0,0,0,0,0,0,0,0
clean,clean+shift,55,7,PrimaryRaw,0,10,0,0.0,0,0.21063931286334991,,0,0,0,0,0,0,0,0,0,0
clean,clean+shift,55,7,PrimaryTrustCalib,0,10,0,0.0,0,0.21063931286334991,accept,0,0,0,0,0,0,0,0,0,0
clean,clean+shift,55,7,MultiPeerObjectGuard,0,10,0,0.0,0,0.21063931286334991,accept,0,0,0,0,0,0,0,0,0,0
clean,clean+shift,55,8,EgoOnly,0,10,0,0.0,0,0.15820404887199402,,0,0,0,0,0,0,0,0,0,0
clean,clean+shift,55,8,CleanCoop,0,10,0,0.0,0,0.22990389168262482,,0,0,0,0,0,0,0,0,0,0
clean,clean+shift,55,8,PrimaryRaw,0,10,0,0.0,0,0.22990389168262482,,0,0,0,0,0,0,0,0,0,0
clean,clean+shift,55,8,PrimaryTrustCalib,0,10,0,0.0,0,0.22990389168262482,accept,0,0,0,0,0,0,0,0,0,0
clean,clean+shift,55,8,MultiPeerObjectGuard,0,10,0,0.0,0,0.22990389168262482,accept,0,0,0,0,0,0,0,0,0,0
clean,clean+shift,55,9,EgoOnly,0,10,0,0.0,0,0.24365457892417908,,0,0,0,0,0,0,0,0,0,0
clean,clean+shift,55,9,CleanCoop,0,10,0,0.0,0,0.18344126641750336,,0,0,0,0,0,0,0,0,0,0
clean,clean+shift,55,9,PrimaryRaw,0,10,0,0.0,0,0.18344126641750336,,0,0,0,0,0,0,0,0,0,0
clean,clean+shift,55,9,PrimaryTrustCalib,0,10,0,0.0,0,0.18344126641750336,accept,0,0,0,0,0,0,0,0,0,0
clean,clean+shift,55,9,MultiPeerObjectGuard,0,10,0,0.0,0,0.18344126641750336,accept,0,0,0,0,0,0,0,0,0,0
clean,clean+shift,55,10,EgoOnly,0,10,0,0.0,0,0.2374626100063324,,0,0,0,0,0,0,0,0,0,0
clean,clean+shift,55,10,CleanCoop,0,10,0,0.0,0,0.19096757471561432,,0,0,0,0,0,0,0,0,0,0
clean,clean+shift,55,10,PrimaryRaw,0,10,0,0.0,0,0.19096757471561432,,0,0,0,0,0,0,0,0,0,0
clean,clean+shift,55,10,PrimaryTrustCalib,0,10,0,0.0,0,0.19096757471561432,accept,0,0,0,0,0,0,0,0,0,0
clean,clean+shift,55,10,MultiPeerObjectGuard,0,10,0,0.0,0,0.19096757471561432,accept,0,0,0,0,0,0,0,0,0,0
clean,clean+shift,55,11,EgoOnly,0,10,0,0.0,0,0.22594159841537476,,0,0,0,0,0,0,0,0,0,0
clean,clean+shift,55,11,CleanCoop,0,10,0,0.0,0,0.19796541333198547,,0,0,0,0,0,0,0,0,0,0
clean,clean+shift,55,11,PrimaryRaw,0,10,0,0.0,0,0.19796541333198547,,0,0,0,0,0,0,0,0,0,0
clean,clean+shift,55,11,PrimaryTrustCalib,0,10,0,0.0,0,0.19796541333198547,accept,0,0,0,0,0,0,0,0,0,0
clean,clean+shift,55,11,MultiPeerObjectGuard,0,10,0,0.0,0,0.19796541333198547,accept,0,0,0,0,0,0,0,0,0,0
clean,clean+shift,55,12,EgoOnly,0,10,0,0.0,0,0.2251756191253662,,0,0,0,0,0,0,0,0,0,0
clean,clean+shift,55,12,CleanCoop,0,10,0,0.0,0,0.18132798373699188,,0,0,0,0,0,0,0,0,0,0
clean,clean+shift,55,12,PrimaryRaw,0,10,0,0.0,0,0.18132798373699188,,0,0,0,0,0,0,0,0,0,0
clean,clean+shift,55,12,PrimaryTrustCalib,0,10,0,0.0,0,0.18132798373699188,accept,0,0,0,0,0,0,0,0,0,0
clean,clean+shift,55,12,MultiPeerObjectGuard,0,10,0,0.0,0,0.18132798373699188,accept,0,0,0,0,0,0,0,0,0,0
clean,clean+shift,55,13,EgoOnly,0,10,0,0.0,0,0.22245875000953674,,0,0,0,0,0,0,0,0,0,0
clean,clean+shift,55,13,CleanCoop,0,10,0,0.0,0,0.17817921936511993,,0,0,0,0,0,0,0,0,0,0
clean,clean+shift,55,13,PrimaryRaw,0,10,0,0.0,0,0.17817921936511993,,0,0,0,0,0,0,0,0,0,0
clean,clean+shift,55,13,PrimaryTrustCalib,0,10,0,0.0,0,0.17817921936511993,accept,0,0,0,0,0,0,0,0,0,0
clean,clean+shift,55,13,MultiPeerObjectGuard,0,10,0,0.0,0,0.17817921936511993,accept,0,0,0,0,0,0,0,0,0,0
clean,clean+shift,55,14,EgoOnly,0,10,0,0.0,0,0.2229672521352768,,0,0,0,0,0,0,0,0,0,0
clean,clean+shift,55,14,CleanCoop,0,10,0,0.0,0,0.23132646083831787,,0,0,0,0,0,0,0,0,0,0
clean,clean+shift,55,14,PrimaryRaw,0,10,0,0.0,0,0.23132646083831787,,0,0,0,0,0,0,0,0,0,0
clean,clean+shift,55,14,PrimaryTrustCalib,0,10,0,0.0,0,0.23132646083831787,accept,0,0,0,0,0,0,0,0,0,0
clean,clean+shift,55,14,MultiPeerObjectGuard,0,10,0,0.0,0,0.23132646083831787,accept,0,0,0,0,0,0,0,0,0,0
clean,clean+shift,55,15,EgoOnly,0,10,0,0.0,0,0.1943691521883011,,0,0,0,0,0,0,0,0,0,0
clean,clean+shift,55,15,CleanCoop,0,10,0,0.0,0,0.17653268575668335,,0,0,0,0,0,0,0,0,0,0
clean,clean+shift,55,15,PrimaryRaw,0,10,0,0.0,0,0.17653268575668335,,0,0,0,0,0,0,0,0,0,0
clean,clean+shift,55,15,PrimaryTrustCalib,0,10,0,0.0,0,0.17653268575668335,accept,0,0,0,0,0,0,0,0,0,0
clean,clean+shift,55,15,MultiPeerObjectGuard,0,10,0,0.0,0,0.17653268575668335,accept,0,0,0,0,0,0,0,0,0,0
clean,clean+shift,55,16,EgoOnly,0,10,0,0.0,0,0.1914951503276825,,0,0,0,0,0,0,0,0,0,0
clean,clean+shift,55,16,CleanCoop,0,10,0,0.0,0,0.22000625729560852,,0,0,0,0,0,0,0,0,0,0
clean,clean+shift,55,16,PrimaryRaw,0,10,0,0.0,0,0.22000625729560852,,0,0,0,0,0,0,0,0,0,0
clean,clean+shift,55,16,PrimaryTrustCalib,0,10,0,0.0,0,0.22000625729560852,accept,0,0,0,0,0,0,0,0,0,0
clean,clean+shift,55,16,MultiPeerObjectGuard,0,10,0,0.0,0,0.22000625729560852,accept,0,0,0,0,0,0,0,0,0,0
clean,clean+shift,55,17,EgoOnly,0,10,0,0.0,0,0.18938636779785156,,0,0,0,0,0,0,0,0,0,0
clean,clean+shift,55,17,CleanCoop,0,10,0,0.0,0,0.2032071202993393,,0,0,0,0,0,0,0,0,0,0
clean,clean+shift,55,17,PrimaryRaw,0,10,0,0.0,0,0.2032071202993393,,0,0,0,0,0,0,0,0,0,0
clean,clean+shift,55,17,PrimaryTrustCalib,0,10,0,0.0,0,0.2032071202993393,accept,0,0,0,0,0,0,0,0,0,0
clean,clean+shift,55,17,MultiPeerObjectGuard,0,10,0,0.0,0,0.2032071202993393,accept,0,0,0,0,0,0,0,0,0,0
clean,clean+shift,55,18,EgoOnly,0,10,1,0.1,1,0.1901015192270279,,0,0,0,0,0,0,0,0,0,0
clean,clean+shift,55,18,CleanCoop,0,10,1,0.1,1,0.17760221660137177,,0,0,0,0,0,0,0,0,0,0
clean,clean+shift,55,18,PrimaryRaw,0,10,1,0.1,1,0.17760221660137177,,0,0,0,0,0,0,0,0,0,0
clean,clean+shift,55,18,PrimaryTrustCalib,0,10,1,0.1,1,0.17760221660137177,accept,0,0,0,0,0,0,0,0,0,0
clean,clean+shift,55,18,MultiPeerObjectGuard,0,10,1,0.1,1,0.17760221660137177,accept,0,0,0,0,0,0,0,0,0,0
clean,clean+shift,55,19,EgoOnly,0,10,1,0.2,2,0.17699815332889557,,0,0,0,0,0,0,0,0,0,0
clean,clean+shift,55,19,CleanCoop,0,10,1,0.2,2,0.1765567511320114,,0,0,0,0,0,0,0,0,0,0
clean,clean+shift,55,19,PrimaryRaw,0,10,1,0.2,2,0.1765567511320114,,0,0,0,0,0,0,0,0,0,0
clean,clean+shift,55,19,PrimaryTrustCalib,0,10,1,0.2,2,0.1765567511320114,accept,0,0,0,0,0,0,0,0,0,0
clean,clean+shift,55,19,MultiPeerObjectGuard,0,10,1,0.2,2,0.1765567511320114,accept,0,0,0,0,0,0,0,0,0,0
clean,clean+shift,59,0,EgoOnly,0,10,1,0.0,0,0.6478269100189209,,0,0,0,0,0,0,0,0,0,0
clean,clean+shift,59,0,CleanCoop,0,10,0,0.0,0,0.09941838681697845,,0,0,0,0,0,0,0,0,0,0
clean,clean+shift,59,0,PrimaryRaw,0,10,0,0.0,0,0.09941838681697845,,0,0,0,0,0,0,0,0,0,0
clean,clean+shift,59,0,PrimaryTrustCalib,0,10,0,0.0,0,0.09941838681697845,accept,0,0,0,0,0,0,0,0,0,0
clean,clean+shift,59,0,MultiPeerObjectGuard,0,10,0,0.0,0,0.09941838681697845,accept,0,0,0,0,0,0,0,0,0,0
clean,clean+shift,59,1,EgoOnly,0,10,1,0.0,0,0.6544203758239746,,0,0,0,0,0,0,0,0,0,0
clean,clean+shift,59,1,CleanCoop,0,10,0,0.0,0,0.09662297368049622,,0,0,0,0,0,0,0,0,0,0
clean,clean+shift,59,1,PrimaryRaw,0,10,0,0.0,0,0.09662297368049622,,0,0,0,0,0,0,0,0,0,0
clean,clean+shift,59,1,PrimaryTrustCalib,0,10,0,0.0,0,0.09662297368049622,accept,0,0,0,0,0,0,0,0,0,0
clean,clean+shift,59,1,MultiPeerObjectGuard,0,10,0,0.0,0,0.09662297368049622,accept,0,0,0,0,0,0,0,0,0,0
clean,clean+shift,59,2,EgoOnly,0,10,1,0.0,0,0.6555262207984924,,0,0,0,0,0,0,0,0,0,0
clean,clean+shift,59,2,CleanCoop,0,10,0,0.0,0,0.09264982491731644,,0,0,0,0,0,0,0,0,0,0
clean,clean+shift,59,2,PrimaryRaw,0,10,0,0.0,0,0.09264982491731644,,0,0,0,0,0,0,0,0,0,0
clean,clean+shift,59,2,PrimaryTrustCalib,0,10,0,0.0,0,0.09264982491731644,accept,0,0,0,0,0,0,0,0,0,0
clean,clean+shift,59,2,MultiPeerObjectGuard,0,10,0,0.0,0,0.09264982491731644,accept,0,0,0,0,0,0,0,0,0,0
clean,clean+shift,59,3,EgoOnly,0,10,1,0.0,0,0.6606891751289368,,0,0,0,0,0,0,0,0,0,0
clean,clean+shift,59,3,CleanCoop,0,10,0,0.0,0,0.09009264409542084,,0,0,0,0,0,0,0,0,0,0
clean,clean+shift,59,3,PrimaryRaw,0,10,0,0.0,0,0.09009264409542084,,0,0,0,0,0,0,0,0,0,0
clean,clean+shift,59,3,PrimaryTrustCalib,0,10,0,0.0,0,0.09009264409542084,accept,0,0,0,0,0,0,0,0,0,0
clean,clean+shift,59,3,MultiPeerObjectGuard,0,10,0,0.0,0,0.09009264409542084,accept,0,0,0,0,0,0,0,0,0,0
clean,clean+shift,59,4,EgoOnly,0,10,1,0.0,0,0.6679913401603699,,0,0,0,0,0,0,0,0,0,0
clean,clean+shift,59,4,CleanCoop,0,10,0,0.0,0,0.09194774180650711,,0,0,0,0,0,0,0,0,0,0
clean,clean+shift,59,4,PrimaryRaw,0,10,0,0.0,0,0.09194774180650711,,0,0,0,0,0,0,0,0,0,0
clean,clean+shift,59,4,PrimaryTrustCalib,0,10,0,0.0,0,0.09194774180650711,accept,0,0,0,0,0,0,0,0,0,0
clean,clean+shift,59,4,MultiPeerObjectGuard,0,10,0,0.0,0,0.09194774180650711,accept,0,0,0,0,0,0,0,0,0,0
clean,clean+shift,59,5,EgoOnly,0,10,1,0.0,0,0.7508897185325623,,0,0,0,0,0,0,0,0,0,0
clean,clean+shift,59,5,CleanCoop,0,10,0,0.0,0,0.09966845065355301,,0,0,0,0,0,0,0,0,0,0
clean,clean+shift,59,5,PrimaryRaw,0,10,0,0.0,0,0.09966845065355301,,0,0,0,0,0,0,0,0,0,0
clean,clean+shift,59,5,PrimaryTrustCalib,0,10,0,0.0,0,0.09966845065355301,accept,0,0,0,0,0,0,0,0,0,0
clean,clean+shift,59,5,MultiPeerObjectGuard,0,10,0,0.0,0,0.09966845065355301,accept,0,0,0,0,0,0,0,0,0,0
clean,clean+shift,59,6,EgoOnly,0,10,1,0.0,0,0.735143780708313,,0,0,0,0,0,0,0,0,0,0
clean,clean+shift,59,6,CleanCoop,0,10,0,0.0,0,0.10422737151384354,,0,0,0,0,0,0,0,0,0,0
clean,clean+shift,59,6,PrimaryRaw,0,10,0,0.0,0,0.10422737151384354,,0,0,0,0,0,0,0,0,0,0
clean,clean+shift,59,6,PrimaryTrustCalib,0,10,0,0.0,0,0.10422737151384354,accept,0,0,0,0,0,0,0,0,0,0
clean,clean+shift,59,6,MultiPeerObjectGuard,0,10,0,0.0,0,0.10422737151384354,accept,0,0,0,0,0,0,0,0,0,0
clean,clean+shift,59,7,EgoOnly,0,10,1,0.0,0,0.7330717444419861,,0,0,0,0,0,0,0,0,0,0
clean,clean+shift,59,7,CleanCoop,0,10,0,0.0,0,0.10519619286060333,,0,0,0,0,0,0,0,0,0,0
clean,clean+shift,59,7,PrimaryRaw,0,10,0,0.0,0,0.10519619286060333,,0,0,0,0,0,0,0,0,0,0
clean,clean+shift,59,7,PrimaryTrustCalib,0,10,0,0.0,0,0.10519619286060333,accept,0,0,0,0,0,0,0,0,0,0
clean,clean+shift,59,7,MultiPeerObjectGuard,0,10,0,0.0,0,0.10519619286060333,accept,0,0,0,0,0,0,0,0,0,0
clean,clean+shift,59,8,EgoOnly,0,10,1,0.0,0,0.573006808757782,,0,0,0,0,0,0,0,0,0,0
clean,clean+shift,59,8,CleanCoop,0,10,0,0.0,0,0.1048172116279602,,0,0,0,0,0,0,0,0,0,0
clean,clean+shift,59,8,PrimaryRaw,0,10,0,0.0,0,0.1048172116279602,,0,0,0,0,0,0,0,0,0,0
clean,clean+shift,59,8,PrimaryTrustCalib,0,10,0,0.0,0,0.1048172116279602,accept,0,0,0,0,0,0,0,0,0,0
clean,clean+shift,59,8,MultiPeerObjectGuard,0,10,0,0.0,0,0.1048172116279602,accept,0,0,0,0,0,0,0,0,0,0
clean,clean+shift,59,9,EgoOnly,0,10,1,0.0,0,0.5629701018333435,,0,0,0,0,0,0,0,0,0,0
clean,clean+shift,59,9,CleanCoop,0,10,0,0.0,0,0.10684999078512192,,0,0,0,0,0,0,0,0,0,0
clean,clean+shift,59,9,PrimaryRaw,0,10,0,0.0,0,0.10684999078512192,,0,0,0,0,0,0,0,0,0,0
clean,clean+shift,59,9,PrimaryTrustCalib,0,10,0,0.0,0,0.10684999078512192,accept,0,0,0,0,0,0,0,0,0,0
clean,clean+shift,59,9,MultiPeerObjectGuard,0,10,0,0.0,0,0.10684999078512192,accept,0,0,0,0,0,0,0,0,0,0
clean,clean+shift,59,10,EgoOnly,0,10,1,0.0,0,0.6150733232498169,,0,0,0,0,0,0,0,0,0,0
clean,clean+shift,59,10,CleanCoop,0,10,0,0.0,0,0.11094710975885391,,0,0,0,0,0,0,0,0,0,0
clean,clean+shift,59,10,PrimaryRaw,0,10,0,0.0,0,0.11094710975885391,,0,0,0,0,0,0,0,0,0,0
clean,clean+shift,59,10,PrimaryTrustCalib,0,10,0,0.0,0,0.11094710975885391,accept,0,0,0,0,0,0,0,0,0,0
clean,clean+shift,59,10,MultiPeerObjectGuard,0,10,0,0.0,0,0.11094710975885391,accept,0,0,0,0,0,0,0,0,0,0
clean,clean+shift,59,11,EgoOnly,0,10,1,0.0,0,0.643900990486145,,0,0,0,0,0,0,0,0,0,0
clean,clean+shift,59,11,CleanCoop,0,10,0,0.0,0,0.11665373295545578,,0,0,0,0,0,0,0,0,0,0
clean,clean+shift,59,11,PrimaryRaw,0,10,0,0.0,0,0.11665373295545578,,0,0,0,0,0,0,0,0,0,0
clean,clean+shift,59,11,PrimaryTrustCalib,0,10,0,0.0,0,0.11665373295545578,accept,0,0,0,0,0,0,0,0,0,0
clean,clean+shift,59,11,MultiPeerObjectGuard,0,10,0,0.0,0,0.11665373295545578,accept,0,0,0,0,0,0,0,0,0,0
clean,clean+shift,59,12,EgoOnly,0,10,1,0.0,0,0.6476205587387085,,0,0,0,0,0,0,0,0,0,0
clean,clean+shift,59,12,CleanCoop,0,10,0,0.0,0,0.15316998958587646,,0,0,0,0,0,0,0,0,0,0
clean,clean+shift,59,12,PrimaryRaw,0,10,0,0.0,0,0.15316998958587646,,0,0,0,0,0,0,0,0,0,0
clean,clean+shift,59,12,PrimaryTrustCalib,0,10,0,0.0,0,0.15316998958587646,accept,0,0,0,0,0,0,0,0,0,0
clean,clean+shift,59,12,MultiPeerObjectGuard,0,10,0,0.0,0,0.15316998958587646,accept,0,0,0,0,0,0,0,0,0,0
clean,clean+shift,59,13,EgoOnly,0,10,1,0.0,0,0.5090175867080688,,0,0,0,0,0,0,0,0,0,0
clean,clean+shift,59,13,CleanCoop,0,10,0,0.0,0,0.1540355682373047,,0,0,0,0,0,0,0,0,0,0
clean,clean+shift,59,13,PrimaryRaw,0,10,0,0.0,0,0.1540355682373047,,0,0,0,0,0,0,0,0,0,0
clean,clean+shift,59,13,PrimaryTrustCalib,0,10,0,0.0,0,0.1540355682373047,accept,0,0,0,0,0,0,0,0,0,0
clean,clean+shift,59,13,MultiPeerObjectGuard,0,10,0,0.0,0,0.1540355682373047,accept,0,0,0,0,0,0,0,0,0,0
clean,clean+shift,59,14,EgoOnly,0,10,1,0.0,0,0.5760126113891602,,0,0,0,0,0,0,0,0,0,0
clean,clean+shift,59,14,CleanCoop,0,10,0,0.0,0,0.15105092525482178,,0,0,0,0,0,0,0,0,0,0
clean,clean+shift,59,14,PrimaryRaw,0,10,0,0.0,0,0.15105092525482178,,0,0,0,0,0,0,0,0,0,0
clean,clean+shift,59,14,PrimaryTrustCalib,0,10,0,0.0,0,0.15105092525482178,accept,0,0,0,0,0,0,0,0,0,0
clean,clean+shift,59,14,MultiPeerObjectGuard,0,10,0,0.0,0,0.15105092525482178,accept,0,0,0,0,0,0,0,0,0,0
clean,clean+shift,59,15,EgoOnly,0,10,1,0.0,0,0.46981412172317505,,0,0,0,0,0,0,0,0,0,0
clean,clean+shift,59,15,CleanCoop,0,10,0,0.0,0,0.1556699424982071,,0,0,0,0,0,0,0,0,0,0
clean,clean+shift,59,15,PrimaryRaw,0,10,0,0.0,0,0.1556699424982071,,0,0,0,0,0,0,0,0,0,0
clean,clean+shift,59,15,PrimaryTrustCalib,0,10,0,0.0,0,0.1556699424982071,accept,0,0,0,0,0,0,0,0,0,0
clean,clean+shift,59,15,MultiPeerObjectGuard,0,10,0,0.0,0,0.1556699424982071,accept,0,0,0,0,0,0,0,0,0,0
clean,clean+shift,59,16,EgoOnly,0,10,1,0.2,2,0.44338488578796387,,0,0,0,0,0,0,0,0,0,0
clean,clean+shift,59,16,CleanCoop,0,10,1,0.2,2,0.16053983569145203,,0,0,0,0,0,0,0,0,0,0
clean,clean+shift,59,16,PrimaryRaw,0,10,1,0.2,2,0.16053983569145203,,0,0,0,0,0,0,0,0,0,0
clean,clean+shift,59,16,PrimaryTrustCalib,0,10,1,0.2,2,0.16053983569145203,accept,0,0,0,0,0,0,0,0,0,0
clean,clean+shift,59,16,MultiPeerObjectGuard,0,10,1,0.2,2,0.16053983569145203,accept,0,0,0,0,0,0,0,0,0,0
clean,clean+shift,59,17,EgoOnly,0,10,1,0.0,0,0.3622032403945923,,0,0,0,0,0,0,0,0,0,0
clean,clean+shift,59,17,CleanCoop,0,10,0,0.0,0,0.16091060638427734,,0,0,0,0,0,0,0,0,0,0
clean,clean+shift,59,17,PrimaryRaw,0,10,0,0.0,0,0.16091060638427734,,0,0,0,0,0,0,0,0,0,0
clean,clean+shift,59,17,PrimaryTrustCalib,0,10,0,0.0,0,0.16091060638427734,accept,0,0,0,0,0,0,0,0,0,0
clean,clean+shift,59,17,MultiPeerObjectGuard,0,10,0,0.0,0,0.16091060638427734,accept,0,0,0,0,0,0,0,0,0,0
clean,clean+shift,59,18,EgoOnly,0,10,1,0.0,0,0.3600676953792572,,0,0,0,0,0,0,0,0,0,0
clean,clean+shift,59,18,CleanCoop,0,10,0,0.0,0,0.16112497448921204,,0,0,0,0,0,0,0,0,0,0
clean,clean+shift,59,18,PrimaryRaw,0,10,0,0.0,0,0.16112497448921204,,0,0,0,0,0,0,0,0,0,0
clean,clean+shift,59,18,PrimaryTrustCalib,0,10,0,0.0,0,0.16112497448921204,accept,0,0,0,0,0,0,0,0,0,0
clean,clean+shift,59,18,MultiPeerObjectGuard,0,10,0,0.0,0,0.16112497448921204,accept,0,0,0,0,0,0,0,0,0,0
clean,clean+shift,59,19,EgoOnly,0,10,0,0.0,0,0.19148759543895721,,0,0,0,0,0,0,0,0,0,0
clean,clean+shift,59,19,CleanCoop,0,10,0,0.0,0,0.1578688621520996,,0,0,0,0,0,0,0,0,0,0
clean,clean+shift,59,19,PrimaryRaw,0,10,0,0.0,0,0.1578688621520996,,0,0,0,0,0,0,0,0,0,0
clean,clean+shift,59,19,PrimaryTrustCalib,0,10,0,0.0,0,0.1578688621520996,accept,0,0,0,0,0,0,0,0,0,0
clean,clean+shift,59,19,MultiPeerObjectGuard,0,10,0,0.0,0,0.1578688621520996,accept,0,0,0,0,0,0,0,0,0,0
clean,clean+shift,61,0,EgoOnly,0,10,0,0.0,0,0.1585349440574646,,0,0,0,0,0,0,0,0,0,0
clean,clean+shift,61,0,CleanCoop,0,10,1,0.0,0,0.6070963144302368,,0,0,0,0,0,0,0,0,0,0
clean,clean+shift,61,0,PrimaryRaw,0,10,1,0.0,0,0.6070963144302368,,0,0,0,0,0,0,0,0,0,0
clean,clean+shift,61,0,PrimaryTrustCalib,0,10,1,0.0,0,0.6070963144302368,accept,0,0,0,0,0,0,0,0,0,0
clean,clean+shift,61,0,MultiPeerObjectGuard,0,10,1,0.0,0,0.6070963144302368,accept,0,0,0,0,0,0,0,0,0,0
clean,clean+shift,61,1,EgoOnly,0,10,0,0.0,0,0.1577998697757721,,0,0,0,0,0,0,0,0,0,0
clean,clean+shift,61,1,CleanCoop,0,10,1,0.0,0,0.6061511635780334,,0,0,0,0,0,0,0,0,0,0
clean,clean+shift,61,1,PrimaryRaw,0,10,1,0.0,0,0.6061511635780334,,0,0,0,0,0,0,0,0,0,0
clean,clean+shift,61,1,PrimaryTrustCalib,0,10,1,0.0,0,0.6061511635780334,accept,0,0,0,0,0,0,0,0,0,0
clean,clean+shift,61,1,MultiPeerObjectGuard,0,10,1,0.0,0,0.6061511635780334,accept,0,0,0,0,0,0,0,0,0,0
clean,clean+shift,61,2,EgoOnly,0,10,0,0.0,0,0.1567598581314087,,0,0,0,0,0,0,0,0,0,0
clean,clean+shift,61,2,CleanCoop,0,10,1,0.0,0,0.6044626235961914,,0,0,0,0,0,0,0,0,0,0
clean,clean+shift,61,2,PrimaryRaw,0,10,1,0.0,0,0.6044626235961914,,0,0,0,0,0,0,0,0,0,0
clean,clean+shift,61,2,PrimaryTrustCalib,0,10,1,0.0,0,0.6044626235961914,accept,0,0,0,0,0,0,0,0,0,0
clean,clean+shift,61,2,MultiPeerObjectGuard,0,10,1,0.0,0,0.6044626235961914,accept,0,0,0,0,0,0,0,0,0,0
clean,clean+shift,61,3,EgoOnly,0,10,0,0.0,0,0.15542814135551453,,0,0,0,0,0,0,0,0,0,0
clean,clean+shift,61,3,CleanCoop,0,10,1,0.0,0,0.6007642149925232,,0,0,0,0,0,0,0,0,0,0
clean,clean+shift,61,3,PrimaryRaw,0,10,1,0.0,0,0.6007642149925232,,0,0,0,0,0,0,0,0,0,0
clean,clean+shift,61,3,PrimaryTrustCalib,0,10,1,0.0,0,0.6007642149925232,accept,0,0,0,0,0,0,0,0,0,0
clean,clean+shift,61,3,MultiPeerObjectGuard,0,10,1,0.0,0,0.6007642149925232,accept,0,0,0,0,0,0,0,0,0,0
clean,clean+shift,61,4,EgoOnly,0,10,0,0.0,0,0.18278901278972626,,0,0,0,0,0,0,0,0,0,0
clean,clean+shift,61,4,CleanCoop,0,10,1,0.0,0,0.596112072467804,,0,0,0,0,0,0,0,0,0,0
clean,clean+shift,61,4,PrimaryRaw,0,10,1,0.0,0,0.596112072467804,,0,0,0,0,0,0,0,0,0,0
clean,clean+shift,61,4,PrimaryTrustCalib,0,10,1,0.0,0,0.596112072467804,accept,0,0,0,0,0,0,0,0,0,0
clean,clean+shift,61,4,MultiPeerObjectGuard,0,10,1,0.0,0,0.596112072467804,accept,0,0,0,0,0,0,0,0,0,0
clean,clean+shift,61,5,EgoOnly,0,10,0,0.0,0,0.20593784749507904,,0,0,0,0,0,0,0,0,0,0
clean,clean+shift,61,5,CleanCoop,0,10,1,0.0,0,0.5887318253517151,,0,0,0,0,0,0,0,0,0,0
clean,clean+shift,61,5,PrimaryRaw,0,10,1,0.0,0,0.5887318253517151,,0,0,0,0,0,0,0,0,0,0
clean,clean+shift,61,5,PrimaryTrustCalib,0,10,1,0.0,0,0.5887318253517151,accept,0,0,0,0,0,0,0,0,0,0
clean,clean+shift,61,5,MultiPeerObjectGuard,0,10,1,0.0,0,0.5887318253517151,accept,0,0,0,0,0,0,0,0,0,0
clean,clean+shift,61,6,EgoOnly,0,10,0,0.0,0,0.18744148313999176,,0,0,0,0,0,0,0,0,0,0
clean,clean+shift,61,6,CleanCoop,0,10,1,0.0,0,0.5641404986381531,,0,0,0,0,0,0,0,0,0,0
clean,clean+shift,61,6,PrimaryRaw,0,10,1,0.0,0,0.5641404986381531,,0,0,0,0,0,0,0,0,0,0
clean,clean+shift,61,6,PrimaryTrustCalib,0,10,1,0.0,0,0.5641404986381531,accept,0,0,0,0,0,0,0,0,0,0
clean,clean+shift,61,6,MultiPeerObjectGuard,0,10,1,0.0,0,0.5641404986381531,accept,0,0,0,0,0,0,0,0,0,0
clean,clean+shift,61,7,EgoOnly,0,10,0,0.0,0,0.17855048179626465,,0,0,0,0,0,0,0,0,0,0
clean,clean+shift,61,7,CleanCoop,0,10,1,0.0,0,0.5539177656173706,,0,0,0,0,0,0,0,0,0,0
clean,clean+shift,61,7,PrimaryRaw,0,10,1,0.0,0,0.5539177656173706,,0,0,0,0,0,0,0,0,0,0
clean,clean+shift,61,7,PrimaryTrustCalib,0,10,1,0.0,0,0.5539177656173706,accept,0,0,0,0,0,0,0,0,0,0
clean,clean+shift,61,7,MultiPeerObjectGuard,0,10,1,0.0,0,0.5539177656173706,accept,0,0,0,0,0,0,0,0,0,0
clean,clean+shift,61,8,EgoOnly,0,10,0,0.0,0,0.15838751196861267,,0,0,0,0,0,0,0,0,0,0
clean,clean+shift,61,8,CleanCoop,0,10,1,0.0,0,0.5564045310020447,,0,0,0,0,0,0,0,0,0,0
clean,clean+shift,61,8,PrimaryRaw,0,10,1,0.0,0,0.5564045310020447,,0,0,0,0,0,0,0,0,0,0
clean,clean+shift,61,8,PrimaryTrustCalib,0,10,1,0.0,0,0.5564045310020447,accept,0,0,0,0,0,0,0,0,0,0
clean,clean+shift,61,8,MultiPeerObjectGuard,0,10,1,0.0,0,0.5564045310020447,accept,0,0,0,0,0,0,0,0,0,0
clean,clean+shift,61,9,EgoOnly,0,10,0,0.0,0,0.16024668514728546,,0,0,0,0,0,0,0,0,0,0
clean,clean+shift,61,9,CleanCoop,0,10,1,0.0,0,0.5521607398986816,,0,0,0,0,0,0,0,0,0,0
clean,clean+shift,61,9,PrimaryRaw,0,10,1,0.0,0,0.5521607398986816,,0,0,0,0,0,0,0,0,0,0
clean,clean+shift,61,9,PrimaryTrustCalib,0,10,1,0.0,0,0.5521607398986816,accept,0,0,0,0,0,0,0,0,0,0
clean,clean+shift,61,9,MultiPeerObjectGuard,0,10,1,0.0,0,0.5521607398986816,accept,0,0,0,0,0,0,0,0,0,0
clean,clean+shift,61,10,EgoOnly,0,10,0,0.0,0,0.2693605124950409,,0,0,0,0,0,0,0,0,0,0
clean,clean+shift,61,10,CleanCoop,0,10,1,0.0,0,0.5360832214355469,,0,0,0,0,0,0,0,0,0,0
clean,clean+shift,61,10,PrimaryRaw,0,10,1,0.0,0,0.5360832214355469,,0,0,0,0,0,0,0,0,0,0
clean,clean+shift,61,10,PrimaryTrustCalib,0,10,1,0.0,0,0.5360832214355469,accept,0,0,0,0,0,0,0,0,0,0
clean,clean+shift,61,10,MultiPeerObjectGuard,0,10,1,0.0,0,0.5360832214355469,accept,0,0,0,0,0,0,0,0,0,0
clean,clean+shift,61,11,EgoOnly,0,10,1,0.0,0,0.32987603545188904,,0,0,0,0,0,0,0,0,0,0
clean,clean+shift,61,11,CleanCoop,0,10,1,0.0,0,0.5223098993301392,,0,0,0,0,0,0,0,0,0,0
clean,clean+shift,61,11,PrimaryRaw,0,10,1,0.0,0,0.5223098993301392,,0,0,0,0,0,0,0,0,0,0
clean,clean+shift,61,11,PrimaryTrustCalib,0,10,1,0.0,0,0.5223098993301392,accept,0,0,0,0,0,0,0,0,0,0
clean,clean+shift,61,11,MultiPeerObjectGuard,0,10,1,0.0,0,0.5223098993301392,accept,0,0,0,0,0,0,0,0,0,0
clean,clean+shift,61,12,EgoOnly,0,10,0,0.0,0,0.14867573976516724,,0,0,0,0,0,0,0,0,0,0
clean,clean+shift,61,12,CleanCoop,0,10,1,0.0,0,0.46066737174987793,,0,0,0,0,0,0,0,0,0,0
clean,clean+shift,61,12,PrimaryRaw,0,10,1,0.0,0,0.46066737174987793,,0,0,0,0,0,0,0,0,0,0
clean,clean+shift,61,12,PrimaryTrustCalib,0,10,1,0.0,0,0.46066737174987793,accept,0,0,0,0,0,0,0,0,0,0
clean,clean+shift,61,12,MultiPeerObjectGuard,0,10,1,0.0,0,0.46066737174987793,accept,0,0,0,0,0,0,0,0,0,0
clean,clean+shift,61,13,EgoOnly,0,10,1,0.0,0,0.33459967374801636,,0,0,0,0,0,0,0,0,0,0
clean,clean+shift,61,13,CleanCoop,0,10,1,0.0,0,0.3913387954235077,,0,0,0,0,0,0,0,0,0,0
clean,clean+shift,61,13,PrimaryRaw,0,10,1,0.0,0,0.3913387954235077,,0,0,0,0,0,0,0,0,0,0
clean,clean+shift,61,13,PrimaryTrustCalib,0,10,1,0.0,0,0.3913387954235077,accept,0,0,0,0,0,0,0,0,0,0
clean,clean+shift,61,13,MultiPeerObjectGuard,0,10,1,0.0,0,0.3913387954235077,accept,0,0,0,0,0,0,0,0,0,0
clean,clean+shift,61,14,EgoOnly,0,10,0,0.0,0,0.280720591545105,,0,0,0,0,0,0,0,0,0,0
clean,clean+shift,61,14,CleanCoop,0,10,1,0.0,0,0.3111437261104584,,0,0,0,0,0,0,0,0,0,0
clean,clean+shift,61,14,PrimaryRaw,0,10,1,0.0,0,0.3111437261104584,,0,0,0,0,0,0,0,0,0,0
clean,clean+shift,61,14,PrimaryTrustCalib,0,10,1,0.0,0,0.3111437261104584,accept,0,0,0,0,0,0,0,0,0,0
clean,clean+shift,61,14,MultiPeerObjectGuard,0,10,1,0.0,0,0.3111437261104584,accept,0,0,0,0,0,0,0,0,0,0
clean,clean+shift,61,15,EgoOnly,0,10,0,0.0,0,0.14127828180789948,,0,0,0,0,0,0,0,0,0,0
clean,clean+shift,61,15,CleanCoop,0,10,0,0.0,0,0.2647608816623688,,0,0,0,0,0,0,0,0,0,0
clean,clean+shift,61,15,PrimaryRaw,0,10,0,0.0,0,0.2647608816623688,,0,0,0,0,0,0,0,0,0,0
clean,clean+shift,61,15,PrimaryTrustCalib,0,10,0,0.0,0,0.2647608816623688,accept,0,0,0,0,0,0,0,0,0,0
clean,clean+shift,61,15,MultiPeerObjectGuard,0,10,0,0.0,0,0.2647608816623688,accept,0,0,0,0,0,0,0,0,0,0
clean,clean+shift,61,16,EgoOnly,0,10,0,0.0,0,0.14102959632873535,,0,0,0,0,0,0,0,0,0,0
clean,clean+shift,61,16,CleanCoop,0,10,0,0.0,0,0.25616708397865295,,0,0,0,0,0,0,0,0,0,0
clean,clean+shift,61,16,PrimaryRaw,0,10,0,0.0,0,0.25616708397865295,,0,0,0,0,0,0,0,0,0,0
clean,clean+shift,61,16,PrimaryTrustCalib,0,10,0,0.0,0,0.25616708397865295,accept,0,0,0,0,0,0,0,0,0,0
clean,clean+shift,61,16,MultiPeerObjectGuard,0,10,0,0.0,0,0.25616708397865295,accept,0,0,0,0,0,0,0,0,0,0
clean,clean+shift,61,17,EgoOnly,0,10,0,0.0,0,0.11097782850265503,,0,0,0,0,0,0,0,0,0,0
clean,clean+shift,61,17,CleanCoop,0,10,0,0.0,0,0.2507348656654358,,0,0,0,0,0,0,0,0,0,0
clean,clean+shift,61,17,PrimaryRaw,0,10,0,0.0,0,0.2507348656654358,,0,0,0,0,0,0,0,0,0,0
clean,clean+shift,61,17,PrimaryTrustCalib,0,10,0,0.0,0,0.2507348656654358,accept,0,0,0,0,0,0,0,0,0,0
clean,clean+shift,61,17,MultiPeerObjectGuard,0,10,0,0.0,0,0.2507348656654358,accept,0,0,0,0,0,0,0,0,0,0
clean,clean+shift,61,18,EgoOnly,0,10,0,0.0,0,0.10834883898496628,,0,0,0,0,0,0,0,0,0,0
clean,clean+shift,61,18,CleanCoop,0,10,0,0.0,0,0.2534773051738739,,0,0,0,0,0,0,0,0,0,0
clean,clean+shift,61,18,PrimaryRaw,0,10,0,0.0,0,0.2534773051738739,,0,0,0,0,0,0,0,0,0,0
clean,clean+shift,61,18,PrimaryTrustCalib,0,10,0,0.0,0,0.2534773051738739,accept,0,0,0,0,0,0,0,0,0,0
clean,clean+shift,61,18,MultiPeerObjectGuard,0,10,0,0.0,0,0.2534773051738739,accept,0,0,0,0,0,0,0,0,0,0
clean,clean+shift,61,19,EgoOnly,0,10,0,0.0,0,0.12859654426574707,,0,0,0,0,0,0,0,0,0,0
clean,clean+shift,61,19,CleanCoop,0,10,0,0.0,0,0.23172345757484436,,0,0,0,0,0,0,0,0,0,0
clean,clean+shift,61,19,PrimaryRaw,0,10,0,0.0,0,0.23172345757484436,,0,0,0,0,0,0,0,0,0,0
clean,clean+shift,61,19,PrimaryTrustCalib,0,10,0,0.0,0,0.23172345757484436,accept,0,0,0,0,0,0,0,0,0,0
clean,clean+shift,61,19,MultiPeerObjectGuard,0,10,0,0.0,0,0.23172345757484436,accept,0,0,0,0,0,0,0,0,0,0
clean,clean+shift,67,0,EgoOnly,0,10,1,0.0,0,0.3531953990459442,,0,0,0,0,0,0,0,0,0,0
clean,clean+shift,67,0,CleanCoop,0,10,0,0.0,0,0.18192555010318756,,0,0,0,0,0,0,0,0,0,0
clean,clean+shift,67,0,PrimaryRaw,0,10,0,0.0,0,0.18192555010318756,,0,0,0,0,0,0,0,0,0,0
clean,clean+shift,67,0,PrimaryTrustCalib,0,10,0,0.0,0,0.18192555010318756,accept,0,0,0,0,0,0,0,0,0,0
clean,clean+shift,67,0,MultiPeerObjectGuard,0,10,0,0.0,0,0.18192555010318756,accept,0,0,0,0,0,0,0,0,0,0
clean,clean+shift,67,1,EgoOnly,0,10,1,0.0,0,0.33609575033187866,,0,0,0,0,0,0,0,0,0,0
clean,clean+shift,67,1,CleanCoop,0,10,0,0.0,0,0.18952211737632751,,0,0,0,0,0,0,0,0,0,0
clean,clean+shift,67,1,PrimaryRaw,0,10,0,0.0,0,0.18952211737632751,,0,0,0,0,0,0,0,0,0,0
clean,clean+shift,67,1,PrimaryTrustCalib,0,10,0,0.0,0,0.18952211737632751,accept,0,0,0,0,0,0,0,0,0,0
clean,clean+shift,67,1,MultiPeerObjectGuard,0,10,0,0.0,0,0.18952211737632751,accept,0,0,0,0,0,0,0,0,0,0
clean,clean+shift,67,2,EgoOnly,0,10,1,0.0,0,0.31806614995002747,,0,0,0,0,0,0,0,0,0,0
clean,clean+shift,67,2,CleanCoop,0,10,0,0.0,0,0.1922120749950409,,0,0,0,0,0,0,0,0,0,0
clean,clean+shift,67,2,PrimaryRaw,0,10,0,0.0,0,0.1922120749950409,,0,0,0,0,0,0,0,0,0,0
clean,clean+shift,67,2,PrimaryTrustCalib,0,10,0,0.0,0,0.1922120749950409,accept,0,0,0,0,0,0,0,0,0,0
clean,clean+shift,67,2,MultiPeerObjectGuard,0,10,0,0.0,0,0.1922120749950409,accept,0,0,0,0,0,0,0,0,0,0
clean,clean+shift,67,3,EgoOnly,0,10,0,0.0,0,0.29091113805770874,,0,0,0,0,0,0,0,0,0,0
clean,clean+shift,67,3,CleanCoop,0,10,0,0.0,0,0.20064280927181244,,0,0,0,0,0,0,0,0,0,0
clean,clean+shift,67,3,PrimaryRaw,0,10,0,0.0,0,0.20064280927181244,,0,0,0,0,0,0,0,0,0,0
clean,clean+shift,67,3,PrimaryTrustCalib,0,10,0,0.0,0,0.20064280927181244,accept,0,0,0,0,0,0,0,0,0,0
clean,clean+shift,67,3,MultiPeerObjectGuard,0,10,0,0.0,0,0.20064280927181244,accept,0,0,0,0,0,0,0,0,0,0
clean,clean+shift,67,4,EgoOnly,0,10,0,0.0,0,0.2816416919231415,,0,0,0,0,0,0,0,0,0,0
clean,clean+shift,67,4,CleanCoop,0,10,0,0.0,0,0.20111843943595886,,0,0,0,0,0,0,0,0,0,0
clean,clean+shift,67,4,PrimaryRaw,0,10,0,0.0,0,0.20111843943595886,,0,0,0,0,0,0,0,0,0,0
clean,clean+shift,67,4,PrimaryTrustCalib,0,10,0,0.0,0,0.20111843943595886,accept,0,0,0,0,0,0,0,0,0,0
clean,clean+shift,67,4,MultiPeerObjectGuard,0,10,0,0.0,0,0.20111843943595886,accept,0,0,0,0,0,0,0,0,0,0
clean,clean+shift,67,5,EgoOnly,0,10,0,0.0,0,0.2644801735877991,,0,0,0,0,0,0,0,0,0,0
clean,clean+shift,67,5,CleanCoop,0,10,0,0.0,0,0.2030399739742279,,0,0,0,0,0,0,0,0,0,0
clean,clean+shift,67,5,PrimaryRaw,0,10,0,0.0,0,0.2030399739742279,,0,0,0,0,0,0,0,0,0,0
clean,clean+shift,67,5,PrimaryTrustCalib,0,10,0,0.0,0,0.2030399739742279,accept,0,0,0,0,0,0,0,0,0,0
clean,clean+shift,67,5,MultiPeerObjectGuard,0,10,0,0.0,0,0.2030399739742279,accept,0,0,0,0,0,0,0,0,0,0
clean,clean+shift,67,6,EgoOnly,0,10,0,0.0,0,0.1578536182641983,,0,0,0,0,0,0,0,0,0,0
clean,clean+shift,67,6,CleanCoop,0,10,0,0.0,0,0.2081427276134491,,0,0,0,0,0,0,0,0,0,0
clean,clean+shift,67,6,PrimaryRaw,0,10,0,0.0,0,0.2081427276134491,,0,0,0,0,0,0,0,0,0,0
clean,clean+shift,67,6,PrimaryTrustCalib,0,10,0,0.0,0,0.2081427276134491,accept,0,0,0,0,0,0,0,0,0,0
clean,clean+shift,67,6,MultiPeerObjectGuard,0,10,0,0.0,0,0.2081427276134491,accept,0,0,0,0,0,0,0,0,0,0
clean,clean+shift,67,7,EgoOnly,0,10,0,0.0,0,0.15697267651557922,,0,0,0,0,0,0,0,0,0,0
clean,clean+shift,67,7,CleanCoop,0,10,0,0.0,0,0.21363534033298492,,0,0,0,0,0,0,0,0,0,0
clean,clean+shift,67,7,PrimaryRaw,0,10,0,0.0,0,0.21363534033298492,,0,0,0,0,0,0,0,0,0,0
clean,clean+shift,67,7,PrimaryTrustCalib,0,10,0,0.0,0,0.21363534033298492,accept,0,0,0,0,0,0,0,0,0,0
clean,clean+shift,67,7,MultiPeerObjectGuard,0,10,0,0.0,0,0.21363534033298492,accept,0,0,0,0,0,0,0,0,0,0
clean,clean+shift,67,8,EgoOnly,0,10,0,0.0,0,0.1633763611316681,,0,0,0,0,0,0,0,0,0,0
clean,clean+shift,67,8,CleanCoop,0,10,0,0.0,0,0.21888887882232666,,0,0,0,0,0,0,0,0,0,0
clean,clean+shift,67,8,PrimaryRaw,0,10,0,0.0,0,0.21888887882232666,,0,0,0,0,0,0,0,0,0,0
clean,clean+shift,67,8,PrimaryTrustCalib,0,10,0,0.0,0,0.21888887882232666,accept,0,0,0,0,0,0,0,0,0,0
clean,clean+shift,67,8,MultiPeerObjectGuard,0,10,0,0.0,0,0.21888887882232666,accept,0,0,0,0,0,0,0,0,0,0
clean,clean+shift,67,9,EgoOnly,0,10,0,0.0,0,0.16880136728286743,,0,0,0,0,0,0,0,0,0,0
clean,clean+shift,67,9,CleanCoop,0,10,0,0.0,0,0.2629130482673645,,0,0,0,0,0,0,0,0,0,0
clean,clean+shift,67,9,PrimaryRaw,0,10,0,0.0,0,0.2629130482673645,,0,0,0,0,0,0,0,0,0,0
clean,clean+shift,67,9,PrimaryTrustCalib,0,10,0,0.0,0,0.2629130482673645,accept,0,0,0,0,0,0,0,0,0,0
clean,clean+shift,67,9,MultiPeerObjectGuard,0,10,0,0.0,0,0.2629130482673645,accept,0,0,0,0,0,0,0,0,0,0
clean,clean+shift,67,10,EgoOnly,0,10,0,0.0,0,0.17878876626491547,,0,0,0,0,0,0,0,0,0,0
clean,clean+shift,67,10,CleanCoop,0,10,0,0.0,0,0.1960095316171646,,0,0,0,0,0,0,0,0,0,0
clean,clean+shift,67,10,PrimaryRaw,0,10,0,0.0,0,0.1960095316171646,,0,0,0,0,0,0,0,0,0,0
clean,clean+shift,67,10,PrimaryTrustCalib,0,10,0,0.0,0,0.1960095316171646,accept,0,0,0,0,0,0,0,0,0,0
clean,clean+shift,67,10,MultiPeerObjectGuard,0,10,0,0.0,0,0.1960095316171646,accept,0,0,0,0,0,0,0,0,0,0
clean,clean+shift,67,11,EgoOnly,0,10,0,0.0,0,0.17143896222114563,,0,0,0,0,0,0,0,0,0,0
clean,clean+shift,67,11,CleanCoop,0,10,0,0.0,0,0.1875026375055313,,0,0,0,0,0,0,0,0,0,0
clean,clean+shift,67,11,PrimaryRaw,0,10,0,0.0,0,0.1875026375055313,,0,0,0,0,0,0,0,0,0,0
clean,clean+shift,67,11,PrimaryTrustCalib,0,10,0,0.0,0,0.1875026375055313,accept,0,0,0,0,0,0,0,0,0,0
clean,clean+shift,67,11,MultiPeerObjectGuard,0,10,0,0.0,0,0.1875026375055313,accept,0,0,0,0,0,0,0,0,0,0
clean,clean+shift,67,12,EgoOnly,0,10,0,0.0,0,0.18095116317272186,,0,0,0,0,0,0,0,0,0,0
clean,clean+shift,67,12,CleanCoop,0,10,0,0.0,0,0.19057084619998932,,0,0,0,0,0,0,0,0,0,0
clean,clean+shift,67,12,PrimaryRaw,0,10,0,0.0,0,0.19057084619998932,,0,0,0,0,0,0,0,0,0,0
clean,clean+shift,67,12,PrimaryTrustCalib,0,10,0,0.0,0,0.19057084619998932,accept,0,0,0,0,0,0,0,0,0,0
clean,clean+shift,67,12,MultiPeerObjectGuard,0,10,0,0.0,0,0.19057084619998932,accept,0,0,0,0,0,0,0,0,0,0
clean,clean+shift,67,13,EgoOnly,0,10,0,0.0,0,0.18688222765922546,,0,0,0,0,0,0,0,0,0,0
clean,clean+shift,67,13,CleanCoop,0,10,0,0.0,0,0.1926261931657791,,0,0,0,0,0,0,0,0,0,0
clean,clean+shift,67,13,PrimaryRaw,0,10,0,0.0,0,0.1926261931657791,,0,0,0,0,0,0,0,0,0,0
clean,clean+shift,67,13,PrimaryTrustCalib,0,10,0,0.0,0,0.1926261931657791,accept,0,0,0,0,0,0,0,0,0,0
clean,clean+shift,67,13,MultiPeerObjectGuard,0,10,0,0.0,0,0.1926261931657791,accept,0,0,0,0,0,0,0,0,0,0
clean,clean+shift,67,14,EgoOnly,0,10,0,0.0,0,0.18799331784248352,,0,0,0,0,0,0,0,0,0,0
clean,clean+shift,67,14,CleanCoop,0,10,0,0.0,0,0.1945132166147232,,0,0,0,0,0,0,0,0,0,0
clean,clean+shift,67,14,PrimaryRaw,0,10,0,0.0,0,0.1945132166147232,,0,0,0,0,0,0,0,0,0,0
clean,clean+shift,67,14,PrimaryTrustCalib,0,10,0,0.0,0,0.1945132166147232,accept,0,0,0,0,0,0,0,0,0,0
clean,clean+shift,67,14,MultiPeerObjectGuard,0,10,0,0.0,0,0.1945132166147232,accept,0,0,0,0,0,0,0,0,0,0
clean,clean+shift,67,15,EgoOnly,0,10,0,0.0,0,0.1929899901151657,,0,0,0,0,0,0,0,0,0,0
clean,clean+shift,67,15,CleanCoop,0,10,0,0.0,0,0.19996805489063263,,0,0,0,0,0,0,0,0,0,0
clean,clean+shift,67,15,PrimaryRaw,0,10,0,0.0,0,0.19996805489063263,,0,0,0,0,0,0,0,0,0,0
clean,clean+shift,67,15,PrimaryTrustCalib,0,10,0,0.0,0,0.19996805489063263,accept,0,0,0,0,0,0,0,0,0,0
clean,clean+shift,67,15,MultiPeerObjectGuard,0,10,0,0.0,0,0.19996805489063263,accept,0,0,0,0,0,0,0,0,0,0
clean,clean+shift,67,16,EgoOnly,0,10,0,0.0,0,0.19603724777698517,,0,0,0,0,0,0,0,0,0,0
clean,clean+shift,67,16,CleanCoop,0,10,0,0.0,0,0.20344367623329163,,0,0,0,0,0,0,0,0,0,0
clean,clean+shift,67,16,PrimaryRaw,0,10,0,0.0,0,0.20344367623329163,,0,0,0,0,0,0,0,0,0,0
clean,clean+shift,67,16,PrimaryTrustCalib,0,10,0,0.0,0,0.20344367623329163,accept,0,0,0,0,0,0,0,0,0,0
clean,clean+shift,67,16,MultiPeerObjectGuard,0,10,0,0.0,0,0.20344367623329163,accept,0,0,0,0,0,0,0,0,0,0
clean,clean+shift,67,17,EgoOnly,0,10,0,0.0,0,0.20082855224609375,,0,0,0,0,0,0,0,0,0,0
clean,clean+shift,67,17,CleanCoop,0,10,0,0.0,0,0.20841830968856812,,0,0,0,0,0,0,0,0,0,0
clean,clean+shift,67,17,PrimaryRaw,0,10,0,0.0,0,0.20841830968856812,,0,0,0,0,0,0,0,0,0,0
clean,clean+shift,67,17,PrimaryTrustCalib,0,10,0,0.0,0,0.20841830968856812,accept,0,0,0,0,0,0,0,0,0,0
clean,clean+shift,67,17,MultiPeerObjectGuard,0,10,0,0.0,0,0.20841830968856812,accept,0,0,0,0,0,0,0,0,0,0
clean,clean+shift,67,18,EgoOnly,0,10,0,0.0,0,0.20493096113204956,,0,0,0,0,0,0,0,0,0,0
clean,clean+shift,67,18,CleanCoop,0,10,0,0.0,0,0.21254101395606995,,0,0,0,0,0,0,0,0,0,0
clean,clean+shift,67,18,PrimaryRaw,0,10,0,0.0,0,0.21254101395606995,,0,0,0,0,0,0,0,0,0,0
clean,clean+shift,67,18,PrimaryTrustCalib,0,10,0,0.0,0,0.21254101395606995,accept,0,0,0,0,0,0,0,0,0,0
clean,clean+shift,67,18,MultiPeerObjectGuard,0,10,0,0.0,0,0.21254101395606995,accept,0,0,0,0,0,0,0,0,0,0
clean,clean+shift,67,19,EgoOnly,0,10,0,0.0,0,0.21823662519454956,,0,0,0,0,0,0,0,0,0,0
clean,clean+shift,67,19,CleanCoop,0,10,0,0.0,0,0.2289564162492752,,0,0,0,0,0,0,0,0,0,0
clean,clean+shift,67,19,PrimaryRaw,0,10,0,0.0,0,0.2289564162492752,,0,0,0,0,0,0,0,0,0,0
clean,clean+shift,67,19,PrimaryTrustCalib,0,10,0,0.0,0,0.2289564162492752,accept,0,0,0,0,0,0,0,0,0,0
clean,clean+shift,67,19,MultiPeerObjectGuard,0,10,0,0.0,0,0.2289564162492752,accept,0,0,0,0,0,0,0,0,0,0
clean,clean+shift,73,0,EgoOnly,0,10,0,0.0,0,0.16601423919200897,,0,0,0,0,0,0,0,0,0,0
clean,clean+shift,73,0,CleanCoop,0,10,0,0.0,0,0.19133087992668152,,0,0,0,0,0,0,0,0,0,0
clean,clean+shift,73,0,PrimaryRaw,0,10,0,0.0,0,0.19133087992668152,,0,0,0,0,0,0,0,0,0,0
clean,clean+shift,73,0,PrimaryTrustCalib,0,10,0,0.0,0,0.19133087992668152,accept,0,0,0,0,0,0,0,0,0,0
clean,clean+shift,73,0,MultiPeerObjectGuard,0,10,0,0.0,0,0.19133087992668152,accept,0,0,0,0,0,0,0,0,0,0
clean,clean+shift,73,1,EgoOnly,0,10,0,0.0,0,0.16534101963043213,,0,0,0,0,0,0,0,0,0,0
clean,clean+shift,73,1,CleanCoop,0,10,0,0.0,0,0.19109538197517395,,0,0,0,0,0,0,0,0,0,0
clean,clean+shift,73,1,PrimaryRaw,0,10,0,0.0,0,0.19109538197517395,,0,0,0,0,0,0,0,0,0,0
clean,clean+shift,73,1,PrimaryTrustCalib,0,10,0,0.0,0,0.19109538197517395,accept,0,0,0,0,0,0,0,0,0,0
clean,clean+shift,73,1,MultiPeerObjectGuard,0,10,0,0.0,0,0.19109538197517395,accept,0,0,0,0,0,0,0,0,0,0
clean,clean+shift,73,2,EgoOnly,0,10,0,0.0,0,0.16499581933021545,,0,0,0,0,0,0,0,0,0,0
clean,clean+shift,73,2,CleanCoop,0,10,0,0.0,0,0.19113703072071075,,0,0,0,0,0,0,0,0,0,0
clean,clean+shift,73,2,PrimaryRaw,0,10,0,0.0,0,0.19113703072071075,,0,0,0,0,0,0,0,0,0,0
clean,clean+shift,73,2,PrimaryTrustCalib,0,10,0,0.0,0,0.19113703072071075,accept,0,0,0,0,0,0,0,0,0,0
clean,clean+shift,73,2,MultiPeerObjectGuard,0,10,0,0.0,0,0.19113703072071075,accept,0,0,0,0,0,0,0,0,0,0
clean,clean+shift,73,3,EgoOnly,0,10,0,0.0,0,0.16485720872879028,,0,0,0,0,0,0,0,0,0,0
clean,clean+shift,73,3,CleanCoop,0,10,0,0.0,0,0.19129540026187897,,0,0,0,0,0,0,0,0,0,0
clean,clean+shift,73,3,PrimaryRaw,0,10,0,0.0,0,0.19129540026187897,,0,0,0,0,0,0,0,0,0,0
clean,clean+shift,73,3,PrimaryTrustCalib,0,10,0,0.0,0,0.19129540026187897,accept,0,0,0,0,0,0,0,0,0,0
clean,clean+shift,73,3,MultiPeerObjectGuard,0,10,0,0.0,0,0.19129540026187897,accept,0,0,0,0,0,0,0,0,0,0
clean,clean+shift,73,4,EgoOnly,0,10,0,0.0,0,0.1649143099784851,,0,0,0,0,0,0,0,0,0,0
clean,clean+shift,73,4,CleanCoop,0,10,0,0.0,0,0.19163823127746582,,0,0,0,0,0,0,0,0,0,0
clean,clean+shift,73,4,PrimaryRaw,0,10,0,0.0,0,0.19163823127746582,,0,0,0,0,0,0,0,0,0,0
clean,clean+shift,73,4,PrimaryTrustCalib,0,10,0,0.0,0,0.19163823127746582,accept,0,0,0,0,0,0,0,0,0,0
clean,clean+shift,73,4,MultiPeerObjectGuard,0,10,0,0.0,0,0.19163823127746582,accept,0,0,0,0,0,0,0,0,0,0
clean,clean+shift,73,5,EgoOnly,0,10,0,0.0,0,0.16479618847370148,,0,0,0,0,0,0,0,0,0,0
clean,clean+shift,73,5,CleanCoop,0,10,0,0.0,0,0.19155773520469666,,0,0,0,0,0,0,0,0,0,0
clean,clean+shift,73,5,PrimaryRaw,0,10,0,0.0,0,0.19155773520469666,,0,0,0,0,0,0,0,0,0,0
clean,clean+shift,73,5,PrimaryTrustCalib,0,10,0,0.0,0,0.19155773520469666,accept,0,0,0,0,0,0,0,0,0,0
clean,clean+shift,73,5,MultiPeerObjectGuard,0,10,0,0.0,0,0.19155773520469666,accept,0,0,0,0,0,0,0,0,0,0
clean,clean+shift,73,6,EgoOnly,0,10,0,0.0,0,0.16420230269432068,,0,0,0,0,0,0,0,0,0,0
clean,clean+shift,73,6,CleanCoop,0,10,0,0.0,0,0.19207710027694702,,0,0,0,0,0,0,0,0,0,0
clean,clean+shift,73,6,PrimaryRaw,0,10,0,0.0,0,0.19207710027694702,,0,0,0,0,0,0,0,0,0,0
clean,clean+shift,73,6,PrimaryTrustCalib,0,10,0,0.0,0,0.19207710027694702,accept,0,0,0,0,0,0,0,0,0,0
clean,clean+shift,73,6,MultiPeerObjectGuard,0,10,0,0.0,0,0.19207710027694702,accept,0,0,0,0,0,0,0,0,0,0
clean,clean+shift,73,7,EgoOnly,0,10,0,0.0,0,0.16457699239253998,,0,0,0,0,0,0,0,0,0,0
clean,clean+shift,73,7,CleanCoop,0,10,0,0.0,0,0.19382767379283905,,0,0,0,0,0,0,0,0,0,0
clean,clean+shift,73,7,PrimaryRaw,0,10,0,0.0,0,0.19382767379283905,,0,0,0,0,0,0,0,0,0,0
clean,clean+shift,73,7,PrimaryTrustCalib,0,10,0,0.0,0,0.19382767379283905,accept,0,0,0,0,0,0,0,0,0,0
clean,clean+shift,73,7,MultiPeerObjectGuard,0,10,0,0.0,0,0.19382767379283905,accept,0,0,0,0,0,0,0,0,0,0
clean,clean+shift,73,8,EgoOnly,0,10,0,0.0,0,0.1621314436197281,,0,0,0,0,0,0,0,0,0,0
clean,clean+shift,73,8,CleanCoop,0,10,0,0.0,0,0.19264629483222961,,0,0,0,0,0,0,0,0,0,0
clean,clean+shift,73,8,PrimaryRaw,0,10,0,0.0,0,0.19264629483222961,,0,0,0,0,0,0,0,0,0,0
clean,clean+shift,73,8,PrimaryTrustCalib,0,10,0,0.0,0,0.19264629483222961,accept,0,0,0,0,0,0,0,0,0,0
clean,clean+shift,73,8,MultiPeerObjectGuard,0,10,0,0.0,0,0.19264629483222961,accept,0,0,0,0,0,0,0,0,0,0
clean,clean+shift,73,9,EgoOnly,0,10,0,0.0,0,0.15137217938899994,,0,0,0,0,0,0,0,0,0,0
clean,clean+shift,73,9,CleanCoop,0,10,0,0.0,0,0.18869300186634064,,0,0,0,0,0,0,0,0,0,0
clean,clean+shift,73,9,PrimaryRaw,0,10,0,0.0,0,0.18869300186634064,,0,0,0,0,0,0,0,0,0,0
clean,clean+shift,73,9,PrimaryTrustCalib,0,10,0,0.0,0,0.18869300186634064,accept,0,0,0,0,0,0,0,0,0,0
clean,clean+shift,73,9,MultiPeerObjectGuard,0,10,0,0.0,0,0.18869300186634064,accept,0,0,0,0,0,0,0,0,0,0
clean,clean+shift,73,10,EgoOnly,0,10,0,0.0,0,0.1406528651714325,,0,0,0,0,0,0,0,0,0,0
clean,clean+shift,73,10,CleanCoop,0,10,0,0.0,0,0.18518461287021637,,0,0,0,0,0,0,0,0,0,0
clean,clean+shift,73,10,PrimaryRaw,0,10,0,0.0,0,0.18518461287021637,,0,0,0,0,0,0,0,0,0,0
clean,clean+shift,73,10,PrimaryTrustCalib,0,10,0,0.0,0,0.18518461287021637,accept,0,0,0,0,0,0,0,0,0,0
clean,clean+shift,73,10,MultiPeerObjectGuard,0,10,0,0.0,0,0.18518461287021637,accept,0,0,0,0,0,0,0,0,0,0
clean,clean+shift,73,11,EgoOnly,0,10,0,0.0,0,0.10217231512069702,,0,0,0,0,0,0,0,0,0,0
clean,clean+shift,73,11,CleanCoop,0,10,0,0.0,0,0.14808225631713867,,0,0,0,0,0,0,0,0,0,0
clean,clean+shift,73,11,PrimaryRaw,0,10,0,0.0,0,0.14808225631713867,,0,0,0,0,0,0,0,0,0,0
clean,clean+shift,73,11,PrimaryTrustCalib,0,10,0,0.0,0,0.14808225631713867,accept,0,0,0,0,0,0,0,0,0,0
clean,clean+shift,73,11,MultiPeerObjectGuard,0,10,0,0.0,0,0.14808225631713867,accept,0,0,0,0,0,0,0,0,0,0
clean,clean+shift,73,12,EgoOnly,0,10,0,0.0,0,0.08897232264280319,,0,0,0,0,0,0,0,0,0,0
clean,clean+shift,73,12,CleanCoop,0,10,0,0.0,0,0.11726321280002594,,0,0,0,0,0,0,0,0,0,0
clean,clean+shift,73,12,PrimaryRaw,0,10,0,0.0,0,0.11726321280002594,,0,0,0,0,0,0,0,0,0,0
clean,clean+shift,73,12,PrimaryTrustCalib,0,10,0,0.0,0,0.11726321280002594,accept,0,0,0,0,0,0,0,0,0,0
clean,clean+shift,73,12,MultiPeerObjectGuard,0,10,0,0.0,0,0.11726321280002594,accept,0,0,0,0,0,0,0,0,0,0
clean,clean+shift,73,13,EgoOnly,0,10,0,0.0,0,0.09429789334535599,,0,0,0,0,0,0,0,0,0,0
clean,clean+shift,73,13,CleanCoop,0,10,0,0.0,0,0.10681170225143433,,0,0,0,0,0,0,0,0,0,0
clean,clean+shift,73,13,PrimaryRaw,0,10,0,0.0,0,0.10681170225143433,,0,0,0,0,0,0,0,0,0,0
clean,clean+shift,73,13,PrimaryTrustCalib,0,10,0,0.0,0,0.10681170225143433,accept,0,0,0,0,0,0,0,0,0,0
clean,clean+shift,73,13,MultiPeerObjectGuard,0,10,0,0.0,0,0.10681170225143433,accept,0,0,0,0,0,0,0,0,0,0
clean,clean+shift,73,14,EgoOnly,0,10,0,0.0,0,0.1721346229314804,,0,0,0,0,0,0,0,0,0,0
clean,clean+shift,73,14,CleanCoop,0,10,0,0.0,0,0.10056286305189133,,0,0,0,0,0,0,0,0,0,0
clean,clean+shift,73,14,PrimaryRaw,0,10,0,0.0,0,0.10056286305189133,,0,0,0,0,0,0,0,0,0,0
clean,clean+shift,73,14,PrimaryTrustCalib,0,10,0,0.0,0,0.10056286305189133,accept,0,0,0,0,0,0,0,0,0,0
clean,clean+shift,73,14,MultiPeerObjectGuard,0,10,0,0.0,0,0.10056286305189133,accept,0,0,0,0,0,0,0,0,0,0
clean,clean+shift,73,15,EgoOnly,0,10,1,0.0,0,0.315283864736557,,0,0,0,0,0,0,0,0,0,0
clean,clean+shift,73,15,CleanCoop,0,10,0,0.0,0,0.11781156808137894,,0,0,0,0,0,0,0,0,0,0
clean,clean+shift,73,15,PrimaryRaw,0,10,0,0.0,0,0.11781156808137894,,0,0,0,0,0,0,0,0,0,0
clean,clean+shift,73,15,PrimaryTrustCalib,0,10,0,0.0,0,0.11781156808137894,accept,0,0,0,0,0,0,0,0,0,0
clean,clean+shift,73,15,MultiPeerObjectGuard,0,10,0,0.0,0,0.11781156808137894,accept,0,0,0,0,0,0,0,0,0,0
clean,clean+shift,73,16,EgoOnly,0,10,1,0.0,0,0.44703251123428345,,0,0,0,0,0,0,0,0,0,0
clean,clean+shift,73,16,CleanCoop,0,10,0,0.0,0,0.2658202648162842,,0,0,0,0,0,0,0,0,0,0
clean,clean+shift,73,16,PrimaryRaw,0,10,0,0.0,0,0.2658202648162842,,0,0,0,0,0,0,0,0,0,0
clean,clean+shift,73,16,PrimaryTrustCalib,0,10,0,0.0,0,0.2658202648162842,accept,0,0,0,0,0,0,0,0,0,0
clean,clean+shift,73,16,MultiPeerObjectGuard,0,10,0,0.0,0,0.2658202648162842,accept,0,0,0,0,0,0,0,0,0,0
clean,clean+shift,73,17,EgoOnly,0,10,1,0.0,0,0.4986949861049652,,0,0,0,0,0,0,0,0,0,0
clean,clean+shift,73,17,CleanCoop,0,10,0,0.0,0,0.2945563793182373,,0,0,0,0,0,0,0,0,0,0
clean,clean+shift,73,17,PrimaryRaw,0,10,0,0.0,0,0.2945563793182373,,0,0,0,0,0,0,0,0,0,0
clean,clean+shift,73,17,PrimaryTrustCalib,0,10,0,0.0,0,0.2945563793182373,accept,0,0,0,0,0,0,0,0,0,0
clean,clean+shift,73,17,MultiPeerObjectGuard,0,10,0,0.0,0,0.2945563793182373,accept,0,0,0,0,0,0,0,0,0,0
clean,clean+shift,73,18,EgoOnly,0,10,1,0.0,0,0.5220518112182617,,0,0,0,0,0,0,0,0,0,0
clean,clean+shift,73,18,CleanCoop,0,10,1,0.0,0,0.5125468969345093,,0,0,0,0,0,0,0,0,0,0
clean,clean+shift,73,18,PrimaryRaw,0,10,1,0.0,0,0.5125468969345093,,0,0,0,0,0,0,0,0,0,0
clean,clean+shift,73,18,PrimaryTrustCalib,0,10,1,0.0,0,0.5125468969345093,accept,0,0,0,0,0,0,0,0,0,0
clean,clean+shift,73,18,MultiPeerObjectGuard,0,10,1,0.0,0,0.5125468969345093,accept,0,0,0,0,0,0,0,0,0,0
clean,clean+shift,73,19,EgoOnly,0,10,1,0.0,0,0.5422191619873047,,0,0,0,0,0,0,0,0,0,0
clean,clean+shift,73,19,CleanCoop,0,10,1,0.0,0,0.5478320717811584,,0,0,0,0,0,0,0,0,0,0
clean,clean+shift,73,19,PrimaryRaw,0,10,1,0.0,0,0.5478320717811584,,0,0,0,0,0,0,0,0,0,0
clean,clean+shift,73,19,PrimaryTrustCalib,0,10,1,0.0,0,0.5478320717811584,accept,0,0,0,0,0,0,0,0,0,0
clean,clean+shift,73,19,MultiPeerObjectGuard,0,10,1,0.0,0,0.5478320717811584,accept,0,0,0,0,0,0,0,0,0,0
clean,clean+shift,78,0,EgoOnly,0,10,1,0.3,3,0.12954707443714142,,0,0,0,0,0,0,0,0,0,0
clean,clean+shift,78,0,CleanCoop,0,10,1,0.3,3,0.11048141121864319,,0,0,0,0,0,0,0,0,0,0
clean,clean+shift,78,0,PrimaryRaw,0,10,1,0.3,3,0.11048141121864319,,0,0,0,0,0,0,0,0,0,0
clean,clean+shift,78,0,PrimaryTrustCalib,0,10,1,0.3,3,0.11048141121864319,accept,0,0,0,0,0,0,0,0,0,0
clean,clean+shift,78,0,MultiPeerObjectGuard,0,10,1,0.3,3,0.11048141121864319,accept,0,0,0,0,0,0,0,0,0,0
clean,clean+shift,78,1,EgoOnly,0,10,1,0.2,2,0.12981969118118286,,0,0,0,0,0,0,0,0,0,0
clean,clean+shift,78,1,CleanCoop,0,10,1,0.2,2,0.11107562482357025,,0,0,0,0,0,0,0,0,0,0
clean,clean+shift,78,1,PrimaryRaw,0,10,1,0.2,2,0.11107562482357025,,0,0,0,0,0,0,0,0,0,0
clean,clean+shift,78,1,PrimaryTrustCalib,0,10,1,0.2,2,0.11107562482357025,accept,0,0,0,0,0,0,0,0,0,0
clean,clean+shift,78,1,MultiPeerObjectGuard,0,10,1,0.2,2,0.11107562482357025,accept,0,0,0,0,0,0,0,0,0,0
clean,clean+shift,78,2,EgoOnly,0,10,1,0.1,1,0.12319523841142654,,0,0,0,0,0,0,0,0,0,0
clean,clean+shift,78,2,CleanCoop,0,10,1,0.1,1,0.10924666374921799,,0,0,0,0,0,0,0,0,0,0
clean,clean+shift,78,2,PrimaryRaw,0,10,1,0.1,1,0.10924666374921799,,0,0,0,0,0,0,0,0,0,0
clean,clean+shift,78,2,PrimaryTrustCalib,0,10,1,0.1,1,0.10924666374921799,accept,0,0,0,0,0,0,0,0,0,0
clean,clean+shift,78,2,MultiPeerObjectGuard,0,10,1,0.1,1,0.10924666374921799,accept,0,0,0,0,0,0,0,0,0,0
clean,clean+shift,78,3,EgoOnly,0,10,1,0.1,1,0.19251790642738342,,0,0,0,0,0,0,0,0,0,0
clean,clean+shift,78,3,CleanCoop,0,10,1,0.1,1,0.14397166669368744,,0,0,0,0,0,0,0,0,0,0
clean,clean+shift,78,3,PrimaryRaw,0,10,1,0.1,1,0.14397166669368744,,0,0,0,0,0,0,0,0,0,0
clean,clean+shift,78,3,PrimaryTrustCalib,0,10,1,0.1,1,0.14397166669368744,accept,0,0,0,0,0,0,0,0,0,0
clean,clean+shift,78,3,MultiPeerObjectGuard,0,10,1,0.1,1,0.14397166669368744,accept,0,0,0,0,0,0,0,0,0,0
clean,clean+shift,78,4,EgoOnly,0,10,1,0.2,2,0.3620877265930176,,0,0,0,0,0,0,0,0,0,0
clean,clean+shift,78,4,CleanCoop,0,10,1,0.2,2,0.21949465572834015,,0,0,0,0,0,0,0,0,0,0
clean,clean+shift,78,4,PrimaryRaw,0,10,1,0.2,2,0.21949465572834015,,0,0,0,0,0,0,0,0,0,0
clean,clean+shift,78,4,PrimaryTrustCalib,0,10,1,0.2,2,0.21949465572834015,accept,0,0,0,0,0,0,0,0,0,0
clean,clean+shift,78,4,MultiPeerObjectGuard,0,10,1,0.2,2,0.21949465572834015,accept,0,0,0,0,0,0,0,0,0,0
clean,clean+shift,78,5,EgoOnly,0,10,1,0.2,2,0.5474198460578918,,0,0,0,0,0,0,0,0,0,0
clean,clean+shift,78,5,CleanCoop,0,10,1,0.2,2,0.3331950604915619,,0,0,0,0,0,0,0,0,0,0
clean,clean+shift,78,5,PrimaryRaw,0,10,1,0.2,2,0.3331950604915619,,0,0,0,0,0,0,0,0,0,0
clean,clean+shift,78,5,PrimaryTrustCalib,0,10,1,0.2,2,0.3331950604915619,accept,0,0,0,0,0,0,0,0,0,0
clean,clean+shift,78,5,MultiPeerObjectGuard,0,10,1,0.2,2,0.3331950604915619,accept,0,0,0,0,0,0,0,0,0,0
clean,clean+shift,78,6,EgoOnly,0,10,1,0.2,2,0.30808374285697937,,0,0,0,0,0,0,0,0,0,0
clean,clean+shift,78,6,CleanCoop,0,10,1,0.2,2,0.4078378677368164,,0,0,0,0,0,0,0,0,0,0
clean,clean+shift,78,6,PrimaryRaw,0,10,1,0.2,2,0.4078378677368164,,0,0,0,0,0,0,0,0,0,0
clean,clean+shift,78,6,PrimaryTrustCalib,0,10,1,0.2,2,0.4078378677368164,accept,0,0,0,0,0,0,0,0,0,0
clean,clean+shift,78,6,MultiPeerObjectGuard,0,10,1,0.2,2,0.4078378677368164,accept,0,0,0,0,0,0,0,0,0,0
clean,clean+shift,78,7,EgoOnly,0,10,1,0.1,1,0.6787148118019104,,0,0,0,0,0,0,0,0,0,0
clean,clean+shift,78,7,CleanCoop,0,10,1,0.1,1,0.4522174298763275,,0,0,0,0,0,0,0,0,0,0
clean,clean+shift,78,7,PrimaryRaw,0,10,1,0.1,1,0.4522174298763275,,0,0,0,0,0,0,0,0,0,0
clean,clean+shift,78,7,PrimaryTrustCalib,0,10,1,0.1,1,0.4522174298763275,accept,0,0,0,0,0,0,0,0,0,0
clean,clean+shift,78,7,MultiPeerObjectGuard,0,10,1,0.1,1,0.4522174298763275,accept,0,0,0,0,0,0,0,0,0,0
clean,clean+shift,78,8,EgoOnly,0,10,1,0.1,1,0.688628077507019,,0,0,0,0,0,0,0,0,0,0
clean,clean+shift,78,8,CleanCoop,0,10,1,0.1,1,0.46345460414886475,,0,0,0,0,0,0,0,0,0,0
clean,clean+shift,78,8,PrimaryRaw,0,10,1,0.1,1,0.46345460414886475,,0,0,0,0,0,0,0,0,0,0
clean,clean+shift,78,8,PrimaryTrustCalib,0,10,1,0.1,1,0.46345460414886475,accept,0,0,0,0,0,0,0,0,0,0
clean,clean+shift,78,8,MultiPeerObjectGuard,0,10,1,0.1,1,0.46345460414886475,accept,0,0,0,0,0,0,0,0,0,0
clean,clean+shift,78,9,EgoOnly,0,10,1,0.1,1,0.7399701476097107,,0,0,0,0,0,0,0,0,0,0
clean,clean+shift,78,9,CleanCoop,0,10,1,0.1,1,0.5069028735160828,,0,0,0,0,0,0,0,0,0,0
clean,clean+shift,78,9,PrimaryRaw,0,10,1,0.1,1,0.5069028735160828,,0,0,0,0,0,0,0,0,0,0
clean,clean+shift,78,9,PrimaryTrustCalib,0,10,1,0.1,1,0.5069028735160828,accept,0,0,0,0,0,0,0,0,0,0
clean,clean+shift,78,9,MultiPeerObjectGuard,0,10,1,0.1,1,0.5069028735160828,accept,0,0,0,0,0,0,0,0,0,0
clean,clean+shift,78,10,EgoOnly,0,10,1,0.1,1,0.7910642027854919,,0,0,0,0,0,0,0,0,0,0
clean,clean+shift,78,10,CleanCoop,0,10,1,0.1,1,0.5417523384094238,,0,0,0,0,0,0,0,0,0,0
clean,clean+shift,78,10,PrimaryRaw,0,10,1,0.1,1,0.5417523384094238,,0,0,0,0,0,0,0,0,0,0
clean,clean+shift,78,10,PrimaryTrustCalib,0,10,1,0.1,1,0.5417523384094238,accept,0,0,0,0,0,0,0,0,0,0
clean,clean+shift,78,10,MultiPeerObjectGuard,0,10,1,0.1,1,0.5417523384094238,accept,0,0,0,0,0,0,0,0,0,0
clean,clean+shift,78,11,EgoOnly,0,10,1,0.0,0,0.8206885457038879,,0,0,0,0,0,0,0,0,0,0
clean,clean+shift,78,11,CleanCoop,0,10,1,0.0,0,0.5815539956092834,,0,0,0,0,0,0,0,0,0,0
clean,clean+shift,78,11,PrimaryRaw,0,10,1,0.0,0,0.5815539956092834,,0,0,0,0,0,0,0,0,0,0
clean,clean+shift,78,11,PrimaryTrustCalib,0,10,1,0.0,0,0.5815539956092834,accept,0,0,0,0,0,0,0,0,0,0
clean,clean+shift,78,11,MultiPeerObjectGuard,0,10,1,0.0,0,0.5815539956092834,accept,0,0,0,0,0,0,0,0,0,0
clean,clean+shift,78,12,EgoOnly,0,10,1,0.1,1,0.6646993160247803,,0,0,0,0,0,0,0,0,0,0
clean,clean+shift,78,12,CleanCoop,0,10,1,0.1,1,0.33677923679351807,,0,0,0,0,0,0,0,0,0,0
clean,clean+shift,78,12,PrimaryRaw,0,10,1,0.1,1,0.33677923679351807,,0,0,0,0,0,0,0,0,0,0
clean,clean+shift,78,12,PrimaryTrustCalib,0,10,1,0.1,1,0.33677923679351807,accept,0,0,0,0,0,0,0,0,0,0
clean,clean+shift,78,12,MultiPeerObjectGuard,0,10,1,0.1,1,0.33677923679351807,accept,0,0,0,0,0,0,0,0,0,0
clean,clean+shift,78,13,EgoOnly,0,10,1,0.2,2,0.7193747162818909,,0,0,0,0,0,0,0,0,0,0
clean,clean+shift,78,13,CleanCoop,0,10,1,0.2,2,0.41879400610923767,,0,0,0,0,0,0,0,0,0,0
clean,clean+shift,78,13,PrimaryRaw,0,10,1,0.2,2,0.41879400610923767,,0,0,0,0,0,0,0,0,0,0
clean,clean+shift,78,13,PrimaryTrustCalib,0,10,1,0.2,2,0.41879400610923767,accept,0,0,0,0,0,0,0,0,0,0
clean,clean+shift,78,13,MultiPeerObjectGuard,0,10,1,0.2,2,0.41879400610923767,accept,0,0,0,0,0,0,0,0,0,0
clean,clean+shift,78,14,EgoOnly,0,10,1,0.2,2,0.4655480682849884,,0,0,0,0,0,0,0,0,0,0
clean,clean+shift,78,14,CleanCoop,0,10,1,0.2,2,0.4816743731498718,,0,0,0,0,0,0,0,0,0,0
clean,clean+shift,78,14,PrimaryRaw,0,10,1,0.2,2,0.4816743731498718,,0,0,0,0,0,0,0,0,0,0
clean,clean+shift,78,14,PrimaryTrustCalib,0,10,1,0.2,2,0.4816743731498718,accept,0,0,0,0,0,0,0,0,0,0
clean,clean+shift,78,14,MultiPeerObjectGuard,0,10,1,0.2,2,0.4816743731498718,accept,0,0,0,0,0,0,0,0,0,0
clean,clean+shift,78,15,EgoOnly,0,10,1,0.5,5,0.8046050667762756,,0,0,0,0,0,0,0,0,0,0
clean,clean+shift,78,15,CleanCoop,0,10,1,0.5,5,0.5441155433654785,,0,0,0,0,0,0,0,0,0,0
clean,clean+shift,78,15,PrimaryRaw,0,10,1,0.5,5,0.5441155433654785,,0,0,0,0,0,0,0,0,0,0
clean,clean+shift,78,15,PrimaryTrustCalib,0,10,1,0.5,5,0.5441155433654785,accept,0,0,0,0,0,0,0,0,0,0
clean,clean+shift,78,15,MultiPeerObjectGuard,0,10,1,0.5,5,0.5441155433654785,accept,0,0,0,0,0,0,0,0,0,0
clean,clean+shift,78,16,EgoOnly,0,10,1,0.4,4,0.8021913766860962,,0,0,0,0,0,0,0,0,0,0
clean,clean+shift,78,16,CleanCoop,0,10,1,0.4,4,0.57822185754776,,0,0,0,0,0,0,0,0,0,0
clean,clean+shift,78,16,PrimaryRaw,0,10,1,0.4,4,0.57822185754776,,0,0,0,0,0,0,0,0,0,0
clean,clean+shift,78,16,PrimaryTrustCalib,0,10,1,0.4,4,0.57822185754776,accept,0,0,0,0,0,0,0,0,0,0
clean,clean+shift,78,16,MultiPeerObjectGuard,0,10,1,0.4,4,0.57822185754776,accept,0,0,0,0,0,0,0,0,0,0
clean,clean+shift,78,17,EgoOnly,0,10,1,0.1,1,0.7098711133003235,,0,0,0,0,0,0,0,0,0,0
clean,clean+shift,78,17,CleanCoop,0,10,1,0.1,1,0.5586426258087158,,0,0,0,0,0,0,0,0,0,0
clean,clean+shift,78,17,PrimaryRaw,0,10,1,0.1,1,0.5586426258087158,,0,0,0,0,0,0,0,0,0,0
clean,clean+shift,78,17,PrimaryTrustCalib,0,10,1,0.1,1,0.5586426258087158,accept,0,0,0,0,0,0,0,0,0,0
clean,clean+shift,78,17,MultiPeerObjectGuard,0,10,1,0.1,1,0.5586426258087158,accept,0,0,0,0,0,0,0,0,0,0
clean,clean+shift,78,18,EgoOnly,0,10,1,0.1,1,0.5057668089866638,,0,0,0,0,0,0,0,0,0,0
clean,clean+shift,78,18,CleanCoop,0,10,1,0.1,1,0.5227265357971191,,0,0,0,0,0,0,0,0,0,0
clean,clean+shift,78,18,PrimaryRaw,0,10,1,0.1,1,0.5227265357971191,,0,0,0,0,0,0,0,0,0,0
clean,clean+shift,78,18,PrimaryTrustCalib,0,10,1,0.1,1,0.5227265357971191,accept,0,0,0,0,0,0,0,0,0,0
clean,clean+shift,78,18,MultiPeerObjectGuard,0,10,1,0.1,1,0.5227265357971191,accept,0,0,0,0,0,0,0,0,0,0
clean,clean+shift,78,19,EgoOnly,0,10,1,0.2,2,0.25431203842163086,,0,0,0,0,0,0,0,0,0,0
clean,clean+shift,78,19,CleanCoop,0,10,1,0.2,2,0.5767615437507629,,0,0,0,0,0,0,0,0,0,0
clean,clean+shift,78,19,PrimaryRaw,0,10,1,0.2,2,0.5767615437507629,,0,0,0,0,0,0,0,0,0,0
clean,clean+shift,78,19,PrimaryTrustCalib,0,10,1,0.2,2,0.5767615437507629,accept,0,0,0,0,0,0,0,0,0,0
clean,clean+shift,78,19,MultiPeerObjectGuard,0,10,1,0.2,2,0.5767615437507629,accept,0,0,0,0,0,0,0,0,0,0
clean,clean+shift,80,0,EgoOnly,0,10,0,0.0,0,0.15497294068336487,,0,0,0,0,0,0,0,0,0,0
clean,clean+shift,80,0,CleanCoop,0,10,0,0.0,0,0.1743956059217453,,0,0,0,0,0,0,0,0,0,0
clean,clean+shift,80,0,PrimaryRaw,0,10,0,0.0,0,0.1743956059217453,,0,0,0,0,0,0,0,0,0,0
clean,clean+shift,80,0,PrimaryTrustCalib,0,10,0,0.0,0,0.1743956059217453,accept,0,0,0,0,0,0,0,0,0,0
clean,clean+shift,80,0,MultiPeerObjectGuard,0,10,0,0.0,0,0.1743956059217453,accept,0,0,0,0,0,0,0,0,0,0
clean,clean+shift,80,1,EgoOnly,0,10,0,0.0,0,0.15472638607025146,,0,0,0,0,0,0,0,0,0,0
clean,clean+shift,80,1,CleanCoop,0,10,0,0.0,0,0.17476676404476166,,0,0,0,0,0,0,0,0,0,0
clean,clean+shift,80,1,PrimaryRaw,0,10,0,0.0,0,0.17476676404476166,,0,0,0,0,0,0,0,0,0,0
clean,clean+shift,80,1,PrimaryTrustCalib,0,10,0,0.0,0,0.17476676404476166,accept,0,0,0,0,0,0,0,0,0,0
clean,clean+shift,80,1,MultiPeerObjectGuard,0,10,0,0.0,0,0.17476676404476166,accept,0,0,0,0,0,0,0,0,0,0
clean,clean+shift,80,2,EgoOnly,0,10,0,0.0,0,0.15599022805690765,,0,0,0,0,0,0,0,0,0,0
clean,clean+shift,80,2,CleanCoop,0,10,0,0.0,0,0.1882997751235962,,0,0,0,0,0,0,0,0,0,0
clean,clean+shift,80,2,PrimaryRaw,0,10,0,0.0,0,0.1882997751235962,,0,0,0,0,0,0,0,0,0,0
clean,clean+shift,80,2,PrimaryTrustCalib,0,10,0,0.0,0,0.1882997751235962,accept,0,0,0,0,0,0,0,0,0,0
clean,clean+shift,80,2,MultiPeerObjectGuard,0,10,0,0.0,0,0.1882997751235962,accept,0,0,0,0,0,0,0,0,0,0
clean,clean+shift,80,3,EgoOnly,0,10,0,0.0,0,0.19197608530521393,,0,0,0,0,0,0,0,0,0,0
clean,clean+shift,80,3,CleanCoop,0,10,0,0.0,0,0.18690340220928192,,0,0,0,0,0,0,0,0,0,0
clean,clean+shift,80,3,PrimaryRaw,0,10,0,0.0,0,0.18690340220928192,,0,0,0,0,0,0,0,0,0,0
clean,clean+shift,80,3,PrimaryTrustCalib,0,10,0,0.0,0,0.18690340220928192,accept,0,0,0,0,0,0,0,0,0,0
clean,clean+shift,80,3,MultiPeerObjectGuard,0,10,0,0.0,0,0.18690340220928192,accept,0,0,0,0,0,0,0,0,0,0
clean,clean+shift,80,4,EgoOnly,0,10,0,0.0,0,0.15876798331737518,,0,0,0,0,0,0,0,0,0,0
clean,clean+shift,80,4,CleanCoop,0,10,0,0.0,0,0.20071597397327423,,0,0,0,0,0,0,0,0,0,0
clean,clean+shift,80,4,PrimaryRaw,0,10,0,0.0,0,0.20071597397327423,,0,0,0,0,0,0,0,0,0,0
clean,clean+shift,80,4,PrimaryTrustCalib,0,10,0,0.0,0,0.20071597397327423,accept,0,0,0,0,0,0,0,0,0,0
clean,clean+shift,80,4,MultiPeerObjectGuard,0,10,0,0.0,0,0.20071597397327423,accept,0,0,0,0,0,0,0,0,0,0
clean,clean+shift,80,5,EgoOnly,0,10,0,0.0,0,0.1849142163991928,,0,0,0,0,0,0,0,0,0,0
clean,clean+shift,80,5,CleanCoop,0,10,0,0.0,0,0.20513828098773956,,0,0,0,0,0,0,0,0,0,0
clean,clean+shift,80,5,PrimaryRaw,0,10,0,0.0,0,0.20513828098773956,,0,0,0,0,0,0,0,0,0,0
clean,clean+shift,80,5,PrimaryTrustCalib,0,10,0,0.0,0,0.20513828098773956,accept,0,0,0,0,0,0,0,0,0,0
clean,clean+shift,80,5,MultiPeerObjectGuard,0,10,0,0.0,0,0.20513828098773956,accept,0,0,0,0,0,0,0,0,0,0
clean,clean+shift,80,6,EgoOnly,0,10,0,0.0,0,0.18793021142482758,,0,0,0,0,0,0,0,0,0,0
clean,clean+shift,80,6,CleanCoop,0,10,0,0.0,0,0.2074824422597885,,0,0,0,0,0,0,0,0,0,0
clean,clean+shift,80,6,PrimaryRaw,0,10,0,0.0,0,0.2074824422597885,,0,0,0,0,0,0,0,0,0,0
clean,clean+shift,80,6,PrimaryTrustCalib,0,10,0,0.0,0,0.2074824422597885,accept,0,0,0,0,0,0,0,0,0,0
clean,clean+shift,80,6,MultiPeerObjectGuard,0,10,0,0.0,0,0.2074824422597885,accept,0,0,0,0,0,0,0,0,0,0
clean,clean+shift,80,7,EgoOnly,0,10,0,0.0,0,0.16871610283851624,,0,0,0,0,0,0,0,0,0,0
clean,clean+shift,80,7,CleanCoop,0,10,0,0.0,0,0.21609708666801453,,0,0,0,0,0,0,0,0,0,0
clean,clean+shift,80,7,PrimaryRaw,0,10,0,0.0,0,0.21609708666801453,,0,0,0,0,0,0,0,0,0,0
clean,clean+shift,80,7,PrimaryTrustCalib,0,10,0,0.0,0,0.21609708666801453,accept,0,0,0,0,0,0,0,0,0,0
clean,clean+shift,80,7,MultiPeerObjectGuard,0,10,0,0.0,0,0.21609708666801453,accept,0,0,0,0,0,0,0,0,0,0
clean,clean+shift,80,8,EgoOnly,0,10,0,0.0,0,0.170697882771492,,0,0,0,0,0,0,0,0,0,0
clean,clean+shift,80,8,CleanCoop,0,10,0,0.0,0,0.2254209965467453,,0,0,0,0,0,0,0,0,0,0
clean,clean+shift,80,8,PrimaryRaw,0,10,0,0.0,0,0.2254209965467453,,0,0,0,0,0,0,0,0,0,0
clean,clean+shift,80,8,PrimaryTrustCalib,0,10,0,0.0,0,0.2254209965467453,accept,0,0,0,0,0,0,0,0,0,0
clean,clean+shift,80,8,MultiPeerObjectGuard,0,10,0,0.0,0,0.2254209965467453,accept,0,0,0,0,0,0,0,0,0,0
clean,clean+shift,80,9,EgoOnly,0,10,0,0.0,0,0.17252126336097717,,0,0,0,0,0,0,0,0,0,0
clean,clean+shift,80,9,CleanCoop,0,10,0,0.0,0,0.22917573153972626,,0,0,0,0,0,0,0,0,0,0
clean,clean+shift,80,9,PrimaryRaw,0,10,0,0.0,0,0.22917573153972626,,0,0,0,0,0,0,0,0,0,0
clean,clean+shift,80,9,PrimaryTrustCalib,0,10,0,0.0,0,0.22917573153972626,accept,0,0,0,0,0,0,0,0,0,0
clean,clean+shift,80,9,MultiPeerObjectGuard,0,10,0,0.0,0,0.22917573153972626,accept,0,0,0,0,0,0,0,0,0,0
clean,clean+shift,80,10,EgoOnly,0,10,0,0.0,0,0.24531298875808716,,0,0,0,0,0,0,0,0,0,0
clean,clean+shift,80,10,CleanCoop,0,10,0,0.0,0,0.18081657588481903,,0,0,0,0,0,0,0,0,0,0
clean,clean+shift,80,10,PrimaryRaw,0,10,0,0.0,0,0.18081657588481903,,0,0,0,0,0,0,0,0,0,0
clean,clean+shift,80,10,PrimaryTrustCalib,0,10,0,0.0,0,0.18081657588481903,accept,0,0,0,0,0,0,0,0,0,0
clean,clean+shift,80,10,MultiPeerObjectGuard,0,10,0,0.0,0,0.18081657588481903,accept,0,0,0,0,0,0,0,0,0,0
clean,clean+shift,80,11,EgoOnly,0,10,0,0.0,0,0.238387331366539,,0,0,0,0,0,0,0,0,0,0
clean,clean+shift,80,11,CleanCoop,0,10,0,0.0,0,0.18065834045410156,,0,0,0,0,0,0,0,0,0,0
clean,clean+shift,80,11,PrimaryRaw,0,10,0,0.0,0,0.18065834045410156,,0,0,0,0,0,0,0,0,0,0
clean,clean+shift,80,11,PrimaryTrustCalib,0,10,0,0.0,0,0.18065834045410156,accept,0,0,0,0,0,0,0,0,0,0
clean,clean+shift,80,11,MultiPeerObjectGuard,0,10,0,0.0,0,0.18065834045410156,accept,0,0,0,0,0,0,0,0,0,0
clean,clean+shift,80,12,EgoOnly,0,10,0,0.0,0,0.2320539653301239,,0,0,0,0,0,0,0,0,0,0
clean,clean+shift,80,12,CleanCoop,0,10,0,0.0,0,0.16264145076274872,,0,0,0,0,0,0,0,0,0,0
clean,clean+shift,80,12,PrimaryRaw,0,10,0,0.0,0,0.16264145076274872,,0,0,0,0,0,0,0,0,0,0
clean,clean+shift,80,12,PrimaryTrustCalib,0,10,0,0.0,0,0.16264145076274872,accept,0,0,0,0,0,0,0,0,0,0
clean,clean+shift,80,12,MultiPeerObjectGuard,0,10,0,0.0,0,0.16264145076274872,accept,0,0,0,0,0,0,0,0,0,0
clean,clean+shift,80,13,EgoOnly,0,10,0,0.0,0,0.22358140349388123,,0,0,0,0,0,0,0,0,0,0
clean,clean+shift,80,13,CleanCoop,0,10,0,0.0,0,0.18605703115463257,,0,0,0,0,0,0,0,0,0,0
clean,clean+shift,80,13,PrimaryRaw,0,10,0,0.0,0,0.18605703115463257,,0,0,0,0,0,0,0,0,0,0
clean,clean+shift,80,13,PrimaryTrustCalib,0,10,0,0.0,0,0.18605703115463257,accept,0,0,0,0,0,0,0,0,0,0
clean,clean+shift,80,13,MultiPeerObjectGuard,0,10,0,0.0,0,0.18605703115463257,accept,0,0,0,0,0,0,0,0,0,0
clean,clean+shift,80,14,EgoOnly,0,10,0,0.0,0,0.20264539122581482,,0,0,0,0,0,0,0,0,0,0
clean,clean+shift,80,14,CleanCoop,0,10,0,0.0,0,0.18735340237617493,,0,0,0,0,0,0,0,0,0,0
clean,clean+shift,80,14,PrimaryRaw,0,10,0,0.0,0,0.18735340237617493,,0,0,0,0,0,0,0,0,0,0
clean,clean+shift,80,14,PrimaryTrustCalib,0,10,0,0.0,0,0.18735340237617493,accept,0,0,0,0,0,0,0,0,0,0
clean,clean+shift,80,14,MultiPeerObjectGuard,0,10,0,0.0,0,0.18735340237617493,accept,0,0,0,0,0,0,0,0,0,0
clean,clean+shift,80,15,EgoOnly,0,10,0,0.0,0,0.21827535331249237,,0,0,0,0,0,0,0,0,0,0
clean,clean+shift,80,15,CleanCoop,0,10,0,0.0,0,0.18004636466503143,,0,0,0,0,0,0,0,0,0,0
clean,clean+shift,80,15,PrimaryRaw,0,10,0,0.0,0,0.18004636466503143,,0,0,0,0,0,0,0,0,0,0
clean,clean+shift,80,15,PrimaryTrustCalib,0,10,0,0.0,0,0.18004636466503143,accept,0,0,0,0,0,0,0,0,0,0
clean,clean+shift,80,15,MultiPeerObjectGuard,0,10,0,0.0,0,0.18004636466503143,accept,0,0,0,0,0,0,0,0,0,0
clean,clean+shift,80,16,EgoOnly,0,10,0,0.0,0,0.22088734805583954,,0,0,0,0,0,0,0,0,0,0
clean,clean+shift,80,16,CleanCoop,0,10,1,0.1,1,0.18068280816078186,,0,0,0,0,0,0,0,0,0,0
clean,clean+shift,80,16,PrimaryRaw,0,10,1,0.1,1,0.18068280816078186,,0,0,0,0,0,0,0,0,0,0
clean,clean+shift,80,16,PrimaryTrustCalib,0,10,1,0.1,1,0.18068280816078186,accept,0,0,0,0,0,0,0,0,0,0
clean,clean+shift,80,16,MultiPeerObjectGuard,0,10,1,0.1,1,0.18068280816078186,accept,0,0,0,0,0,0,0,0,0,0
clean,clean+shift,80,17,EgoOnly,0,10,0,0.0,0,0.21152329444885254,,0,0,0,0,0,0,0,0,0,0
clean,clean+shift,80,17,CleanCoop,0,10,0,0.0,0,0.17493025958538055,,0,0,0,0,0,0,0,0,0,0
clean,clean+shift,80,17,PrimaryRaw,0,10,0,0.0,0,0.17493025958538055,,0,0,0,0,0,0,0,0,0,0
clean,clean+shift,80,17,PrimaryTrustCalib,0,10,0,0.0,0,0.17493025958538055,accept,0,0,0,0,0,0,0,0,0,0
clean,clean+shift,80,17,MultiPeerObjectGuard,0,10,0,0.0,0,0.17493025958538055,accept,0,0,0,0,0,0,0,0,0,0
clean,clean+shift,80,18,EgoOnly,0,10,0,0.0,0,0.21265149116516113,,0,0,0,0,0,0,0,0,0,0
clean,clean+shift,80,18,CleanCoop,0,10,0,0.0,0,0.1800854355096817,,0,0,0,0,0,0,0,0,0,0
clean,clean+shift,80,18,PrimaryRaw,0,10,0,0.0,0,0.1800854355096817,,0,0,0,0,0,0,0,0,0,0
clean,clean+shift,80,18,PrimaryTrustCalib,0,10,0,0.0,0,0.1800854355096817,accept,0,0,0,0,0,0,0,0,0,0
clean,clean+shift,80,18,MultiPeerObjectGuard,0,10,0,0.0,0,0.1800854355096817,accept,0,0,0,0,0,0,0,0,0,0
clean,clean+shift,80,19,EgoOnly,0,10,0,0.0,0,0.21806436777114868,,0,0,0,0,0,0,0,0,0,0
clean,clean+shift,80,19,CleanCoop,0,10,0,0.0,0,0.1904759705066681,,0,0,0,0,0,0,0,0,0,0
clean,clean+shift,80,19,PrimaryRaw,0,10,0,0.0,0,0.1904759705066681,,0,0,0,0,0,0,0,0,0,0
clean,clean+shift,80,19,PrimaryTrustCalib,0,10,0,0.0,0,0.1904759705066681,accept,0,0,0,0,0,0,0,0,0,0
clean,clean+shift,80,19,MultiPeerObjectGuard,0,10,0,0.0,0,0.1904759705066681,accept,0,0,0,0,0,0,0,0,0,0
clean,clean+shift,84,0,EgoOnly,0,10,1,0.4,4,0.4182535707950592,,0,0,0,0,0,0,0,0,0,0
clean,clean+shift,84,0,CleanCoop,0,10,1,0.4,4,0.20902104675769806,,0,0,0,0,0,0,0,0,0,0
clean,clean+shift,84,0,PrimaryRaw,0,10,1,0.4,4,0.20902104675769806,,0,0,0,0,0,0,0,0,0,0
clean,clean+shift,84,0,PrimaryTrustCalib,0,10,1,0.4,4,0.20902104675769806,accept,0,0,0,0,0,0,0,0,0,0
clean,clean+shift,84,0,MultiPeerObjectGuard,0,10,1,0.4,4,0.20902104675769806,accept,0,0,0,0,0,0,0,0,0,0
clean,clean+shift,84,1,EgoOnly,0,10,1,0.3,3,0.4177023768424988,,0,0,0,0,0,0,0,0,0,0
clean,clean+shift,84,1,CleanCoop,0,10,1,0.3,3,0.20877814292907715,,0,0,0,0,0,0,0,0,0,0
clean,clean+shift,84,1,PrimaryRaw,0,10,1,0.3,3,0.20877814292907715,,0,0,0,0,0,0,0,0,0,0
clean,clean+shift,84,1,PrimaryTrustCalib,0,10,1,0.3,3,0.20877814292907715,accept,0,0,0,0,0,0,0,0,0,0
clean,clean+shift,84,1,MultiPeerObjectGuard,0,10,1,0.3,3,0.20877814292907715,accept,0,0,0,0,0,0,0,0,0,0
clean,clean+shift,84,2,EgoOnly,0,10,1,0.2,2,0.41164085268974304,,0,0,0,0,0,0,0,0,0,0
clean,clean+shift,84,2,CleanCoop,0,10,1,0.2,2,0.20905384421348572,,0,0,0,0,0,0,0,0,0,0
clean,clean+shift,84,2,PrimaryRaw,0,10,1,0.2,2,0.20905384421348572,,0,0,0,0,0,0,0,0,0,0
clean,clean+shift,84,2,PrimaryTrustCalib,0,10,1,0.2,2,0.20905384421348572,accept,0,0,0,0,0,0,0,0,0,0
clean,clean+shift,84,2,MultiPeerObjectGuard,0,10,1,0.2,2,0.20905384421348572,accept,0,0,0,0,0,0,0,0,0,0
clean,clean+shift,84,3,EgoOnly,0,10,1,0.1,1,0.4105069935321808,,0,0,0,0,0,0,0,0,0,0
clean,clean+shift,84,3,CleanCoop,0,10,1,0.1,1,0.20946340262889862,,0,0,0,0,0,0,0,0,0,0
clean,clean+shift,84,3,PrimaryRaw,0,10,1,0.1,1,0.20946340262889862,,0,0,0,0,0,0,0,0,0,0
clean,clean+shift,84,3,PrimaryTrustCalib,0,10,1,0.1,1,0.20946340262889862,accept,0,0,0,0,0,0,0,0,0,0
clean,clean+shift,84,3,MultiPeerObjectGuard,0,10,1,0.1,1,0.20946340262889862,accept,0,0,0,0,0,0,0,0,0,0
clean,clean+shift,84,4,EgoOnly,0,10,1,0.0,0,0.41123780608177185,,0,0,0,0,0,0,0,0,0,0
clean,clean+shift,84,4,CleanCoop,0,10,0,0.0,0,0.20959880948066711,,0,0,0,0,0,0,0,0,0,0
clean,clean+shift,84,4,PrimaryRaw,0,10,0,0.0,0,0.20959880948066711,,0,0,0,0,0,0,0,0,0,0
clean,clean+shift,84,4,PrimaryTrustCalib,0,10,0,0.0,0,0.20959880948066711,accept,0,0,0,0,0,0,0,0,0,0
clean,clean+shift,84,4,MultiPeerObjectGuard,0,10,0,0.0,0,0.20959880948066711,accept,0,0,0,0,0,0,0,0,0,0
clean,clean+shift,84,5,EgoOnly,0,10,1,0.0,0,0.41132232546806335,,0,0,0,0,0,0,0,0,0,0
clean,clean+shift,84,5,CleanCoop,0,10,0,0.0,0,0.20964528620243073,,0,0,0,0,0,0,0,0,0,0
clean,clean+shift,84,5,PrimaryRaw,0,10,0,0.0,0,0.20964528620243073,,0,0,0,0,0,0,0,0,0,0
clean,clean+shift,84,5,PrimaryTrustCalib,0,10,0,0.0,0,0.20964528620243073,accept,0,0,0,0,0,0,0,0,0,0
clean,clean+shift,84,5,MultiPeerObjectGuard,0,10,0,0.0,0,0.20964528620243073,accept,0,0,0,0,0,0,0,0,0,0
clean,clean+shift,84,6,EgoOnly,0,10,1,0.0,0,0.411080926656723,,0,0,0,0,0,0,0,0,0,0
clean,clean+shift,84,6,CleanCoop,0,10,0,0.0,0,0.21024693548679352,,0,0,0,0,0,0,0,0,0,0
clean,clean+shift,84,6,PrimaryRaw,0,10,0,0.0,0,0.21024693548679352,,0,0,0,0,0,0,0,0,0,0
clean,clean+shift,84,6,PrimaryTrustCalib,0,10,0,0.0,0,0.21024693548679352,accept,0,0,0,0,0,0,0,0,0,0
clean,clean+shift,84,6,MultiPeerObjectGuard,0,10,0,0.0,0,0.21024693548679352,accept,0,0,0,0,0,0,0,0,0,0
clean,clean+shift,84,7,EgoOnly,0,10,1,0.0,0,0.4131104350090027,,0,0,0,0,0,0,0,0,0,0
clean,clean+shift,84,7,CleanCoop,0,10,0,0.0,0,0.21120819449424744,,0,0,0,0,0,0,0,0,0,0
clean,clean+shift,84,7,PrimaryRaw,0,10,0,0.0,0,0.21120819449424744,,0,0,0,0,0,0,0,0,0,0
clean,clean+shift,84,7,PrimaryTrustCalib,0,10,0,0.0,0,0.21120819449424744,accept,0,0,0,0,0,0,0,0,0,0
clean,clean+shift,84,7,MultiPeerObjectGuard,0,10,0,0.0,0,0.21120819449424744,accept,0,0,0,0,0,0,0,0,0,0
clean,clean+shift,84,8,EgoOnly,0,10,1,0.0,0,0.4129778742790222,,0,0,0,0,0,0,0,0,0,0
clean,clean+shift,84,8,CleanCoop,0,10,0,0.0,0,0.2122659981250763,,0,0,0,0,0,0,0,0,0,0
clean,clean+shift,84,8,PrimaryRaw,0,10,0,0.0,0,0.2122659981250763,,0,0,0,0,0,0,0,0,0,0
clean,clean+shift,84,8,PrimaryTrustCalib,0,10,0,0.0,0,0.2122659981250763,accept,0,0,0,0,0,0,0,0,0,0
clean,clean+shift,84,8,MultiPeerObjectGuard,0,10,0,0.0,0,0.2122659981250763,accept,0,0,0,0,0,0,0,0,0,0
clean,clean+shift,84,9,EgoOnly,0,10,1,0.0,0,0.3897363245487213,,0,0,0,0,0,0,0,0,0,0
clean,clean+shift,84,9,CleanCoop,0,10,0,0.0,0,0.2122194766998291,,0,0,0,0,0,0,0,0,0,0
clean,clean+shift,84,9,PrimaryRaw,0,10,0,0.0,0,0.2122194766998291,,0,0,0,0,0,0,0,0,0,0
clean,clean+shift,84,9,PrimaryTrustCalib,0,10,0,0.0,0,0.2122194766998291,accept,0,0,0,0,0,0,0,0,0,0
clean,clean+shift,84,9,MultiPeerObjectGuard,0,10,0,0.0,0,0.2122194766998291,accept,0,0,0,0,0,0,0,0,0,0
clean,clean+shift,84,10,EgoOnly,0,10,1,0.0,0,0.3893827795982361,,0,0,0,0,0,0,0,0,0,0
clean,clean+shift,84,10,CleanCoop,0,10,0,0.0,0,0.21167747676372528,,0,0,0,0,0,0,0,0,0,0
clean,clean+shift,84,10,PrimaryRaw,0,10,0,0.0,0,0.21167747676372528,,0,0,0,0,0,0,0,0,0,0
clean,clean+shift,84,10,PrimaryTrustCalib,0,10,0,0.0,0,0.21167747676372528,accept,0,0,0,0,0,0,0,0,0,0
clean,clean+shift,84,10,MultiPeerObjectGuard,0,10,0,0.0,0,0.21167747676372528,accept,0,0,0,0,0,0,0,0,0,0
clean,clean+shift,84,11,EgoOnly,0,10,0,0.0,0,0.27983108162879944,,0,0,0,0,0,0,0,0,0,0
clean,clean+shift,84,11,CleanCoop,0,10,0,0.0,0,0.20945408940315247,,0,0,0,0,0,0,0,0,0,0
clean,clean+shift,84,11,PrimaryRaw,0,10,0,0.0,0,0.20945408940315247,,0,0,0,0,0,0,0,0,0,0
clean,clean+shift,84,11,PrimaryTrustCalib,0,10,0,0.0,0,0.20945408940315247,accept,0,0,0,0,0,0,0,0,0,0
clean,clean+shift,84,11,MultiPeerObjectGuard,0,10,0,0.0,0,0.20945408940315247,accept,0,0,0,0,0,0,0,0,0,0
clean,clean+shift,84,12,EgoOnly,0,10,0,0.0,0,0.2017708718776703,,0,0,0,0,0,0,0,0,0,0
clean,clean+shift,84,12,CleanCoop,0,10,0,0.0,0,0.21023781597614288,,0,0,0,0,0,0,0,0,0,0
clean,clean+shift,84,12,PrimaryRaw,0,10,0,0.0,0,0.21023781597614288,,0,0,0,0,0,0,0,0,0,0
clean,clean+shift,84,12,PrimaryTrustCalib,0,10,0,0.0,0,0.21023781597614288,accept,0,0,0,0,0,0,0,0,0,0
clean,clean+shift,84,12,MultiPeerObjectGuard,0,10,0,0.0,0,0.21023781597614288,accept,0,0,0,0,0,0,0,0,0,0
clean,clean+shift,84,13,EgoOnly,0,10,0,0.0,0,0.18252120912075043,,0,0,0,0,0,0,0,0,0,0
clean,clean+shift,84,13,CleanCoop,0,10,0,0.0,0,0.21002808213233948,,0,0,0,0,0,0,0,0,0,0
clean,clean+shift,84,13,PrimaryRaw,0,10,0,0.0,0,0.21002808213233948,,0,0,0,0,0,0,0,0,0,0
clean,clean+shift,84,13,PrimaryTrustCalib,0,10,0,0.0,0,0.21002808213233948,accept,0,0,0,0,0,0,0,0,0,0
clean,clean+shift,84,13,MultiPeerObjectGuard,0,10,0,0.0,0,0.21002808213233948,accept,0,0,0,0,0,0,0,0,0,0
clean,clean+shift,84,14,EgoOnly,0,10,0,0.0,0,0.179918572306633,,0,0,0,0,0,0,0,0,0,0
clean,clean+shift,84,14,CleanCoop,0,10,0,0.0,0,0.2122393250465393,,0,0,0,0,0,0,0,0,0,0
clean,clean+shift,84,14,PrimaryRaw,0,10,0,0.0,0,0.2122393250465393,,0,0,0,0,0,0,0,0,0,0
clean,clean+shift,84,14,PrimaryTrustCalib,0,10,0,0.0,0,0.2122393250465393,accept,0,0,0,0,0,0,0,0,0,0
clean,clean+shift,84,14,MultiPeerObjectGuard,0,10,0,0.0,0,0.2122393250465393,accept,0,0,0,0,0,0,0,0,0,0
clean,clean+shift,84,15,EgoOnly,0,10,0,0.0,0,0.18357977271080017,,0,0,0,0,0,0,0,0,0,0
clean,clean+shift,84,15,CleanCoop,0,10,0,0.0,0,0.21388226747512817,,0,0,0,0,0,0,0,0,0,0
clean,clean+shift,84,15,PrimaryRaw,0,10,0,0.0,0,0.21388226747512817,,0,0,0,0,0,0,0,0,0,0
clean,clean+shift,84,15,PrimaryTrustCalib,0,10,0,0.0,0,0.21388226747512817,accept,0,0,0,0,0,0,0,0,0,0
clean,clean+shift,84,15,MultiPeerObjectGuard,0,10,0,0.0,0,0.21388226747512817,accept,0,0,0,0,0,0,0,0,0,0
clean,clean+shift,84,16,EgoOnly,0,10,0,0.0,0,0.14912669360637665,,0,0,0,0,0,0,0,0,0,0
clean,clean+shift,84,16,CleanCoop,0,10,0,0.0,0,0.2183811366558075,,0,0,0,0,0,0,0,0,0,0
clean,clean+shift,84,16,PrimaryRaw,0,10,0,0.0,0,0.2183811366558075,,0,0,0,0,0,0,0,0,0,0
clean,clean+shift,84,16,PrimaryTrustCalib,0,10,0,0.0,0,0.2183811366558075,accept,0,0,0,0,0,0,0,0,0,0
clean,clean+shift,84,16,MultiPeerObjectGuard,0,10,0,0.0,0,0.2183811366558075,accept,0,0,0,0,0,0,0,0,0,0
clean,clean+shift,84,17,EgoOnly,0,10,0,0.0,0,0.18478238582611084,,0,0,0,0,0,0,0,0,0,0
clean,clean+shift,84,17,CleanCoop,0,10,0,0.0,0,0.22846126556396484,,0,0,0,0,0,0,0,0,0,0
clean,clean+shift,84,17,PrimaryRaw,0,10,0,0.0,0,0.22846126556396484,,0,0,0,0,0,0,0,0,0,0
clean,clean+shift,84,17,PrimaryTrustCalib,0,10,0,0.0,0,0.22846126556396484,accept,0,0,0,0,0,0,0,0,0,0
clean,clean+shift,84,17,MultiPeerObjectGuard,0,10,0,0.0,0,0.22846126556396484,accept,0,0,0,0,0,0,0,0,0,0
clean,clean+shift,84,18,EgoOnly,0,10,0,0.0,0,0.18072152137756348,,0,0,0,0,0,0,0,0,0,0
clean,clean+shift,84,18,CleanCoop,0,10,0,0.0,0,0.24951142072677612,,0,0,0,0,0,0,0,0,0,0
clean,clean+shift,84,18,PrimaryRaw,0,10,0,0.0,0,0.24951142072677612,,0,0,0,0,0,0,0,0,0,0
clean,clean+shift,84,18,PrimaryTrustCalib,0,10,0,0.0,0,0.24951142072677612,accept,0,0,0,0,0,0,0,0,0,0
clean,clean+shift,84,18,MultiPeerObjectGuard,0,10,0,0.0,0,0.24951142072677612,accept,0,0,0,0,0,0,0,0,0,0
clean,clean+shift,84,19,EgoOnly,0,10,0,0.0,0,0.17986692488193512,,0,0,0,0,0,0,0,0,0,0
clean,clean+shift,84,19,CleanCoop,0,10,0,0.0,0,0.26487329602241516,,0,0,0,0,0,0,0,0,0,0
clean,clean+shift,84,19,PrimaryRaw,0,10,0,0.0,0,0.26487329602241516,,0,0,0,0,0,0,0,0,0,0
clean,clean+shift,84,19,PrimaryTrustCalib,0,10,0,0.0,0,0.26487329602241516,accept,0,0,0,0,0,0,0,0,0,0
clean,clean+shift,84,19,MultiPeerObjectGuard,0,10,0,0.0,0,0.26487329602241516,accept,0,0,0,0,0,0,0,0,0,0
clean,clean+shift,86,0,EgoOnly,0,10,0,0.0,0,0.2073809653520584,,0,0,0,0,0,0,0,0,0,0
clean,clean+shift,86,0,CleanCoop,0,10,1,0.0,0,0.6039599180221558,,0,0,0,0,0,0,0,0,0,0
clean,clean+shift,86,0,PrimaryRaw,0,10,1,0.0,0,0.6039599180221558,,0,0,0,0,0,0,0,0,0,0
clean,clean+shift,86,0,PrimaryTrustCalib,0,10,1,0.0,0,0.6039599180221558,accept,0,0,0,0,0,0,0,0,0,0
clean,clean+shift,86,0,MultiPeerObjectGuard,0,10,1,0.0,0,0.6039599180221558,accept,0,0,0,0,0,0,0,0,0,0
clean,clean+shift,86,1,EgoOnly,0,10,0,0.0,0,0.1577913761138916,,0,0,0,0,0,0,0,0,0,0
clean,clean+shift,86,1,CleanCoop,0,10,1,0.0,0,0.605368971824646,,0,0,0,0,0,0,0,0,0,0
clean,clean+shift,86,1,PrimaryRaw,0,10,1,0.0,0,0.605368971824646,,0,0,0,0,0,0,0,0,0,0
clean,clean+shift,86,1,PrimaryTrustCalib,0,10,1,0.0,0,0.605368971824646,accept,0,0,0,0,0,0,0,0,0,0
clean,clean+shift,86,1,MultiPeerObjectGuard,0,10,1,0.0,0,0.605368971824646,accept,0,0,0,0,0,0,0,0,0,0
clean,clean+shift,86,2,EgoOnly,0,10,0,0.0,0,0.15700682997703552,,0,0,0,0,0,0,0,0,0,0
clean,clean+shift,86,2,CleanCoop,0,10,1,0.0,0,0.6035762429237366,,0,0,0,0,0,0,0,0,0,0
clean,clean+shift,86,2,PrimaryRaw,0,10,1,0.0,0,0.6035762429237366,,0,0,0,0,0,0,0,0,0,0
clean,clean+shift,86,2,PrimaryTrustCalib,0,10,1,0.0,0,0.6035762429237366,accept,0,0,0,0,0,0,0,0,0,0
clean,clean+shift,86,2,MultiPeerObjectGuard,0,10,1,0.0,0,0.6035762429237366,accept,0,0,0,0,0,0,0,0,0,0
clean,clean+shift,86,3,EgoOnly,0,10,0,0.0,0,0.1557493954896927,,0,0,0,0,0,0,0,0,0,0
clean,clean+shift,86,3,CleanCoop,0,10,1,0.0,0,0.6001852750778198,,0,0,0,0,0,0,0,0,0,0
clean,clean+shift,86,3,PrimaryRaw,0,10,1,0.0,0,0.6001852750778198,,0,0,0,0,0,0,0,0,0,0
clean,clean+shift,86,3,PrimaryTrustCalib,0,10,1,0.0,0,0.6001852750778198,accept,0,0,0,0,0,0,0,0,0,0
clean,clean+shift,86,3,MultiPeerObjectGuard,0,10,1,0.0,0,0.6001852750778198,accept,0,0,0,0,0,0,0,0,0,0
clean,clean+shift,86,4,EgoOnly,0,10,0,0.0,0,0.17633752524852753,,0,0,0,0,0,0,0,0,0,0
clean,clean+shift,86,4,CleanCoop,0,10,1,0.0,0,0.5864059925079346,,0,0,0,0,0,0,0,0,0,0
clean,clean+shift,86,4,PrimaryRaw,0,10,1,0.0,0,0.5864059925079346,,0,0,0,0,0,0,0,0,0,0
clean,clean+shift,86,4,PrimaryTrustCalib,0,10,1,0.0,0,0.5864059925079346,accept,0,0,0,0,0,0,0,0,0,0
clean,clean+shift,86,4,MultiPeerObjectGuard,0,10,1,0.0,0,0.5864059925079346,accept,0,0,0,0,0,0,0,0,0,0
clean,clean+shift,86,5,EgoOnly,0,10,0,0.0,0,0.17999820411205292,,0,0,0,0,0,0,0,0,0,0
clean,clean+shift,86,5,CleanCoop,0,10,1,0.0,0,0.5767613649368286,,0,0,0,0,0,0,0,0,0,0
clean,clean+shift,86,5,PrimaryRaw,0,10,1,0.0,0,0.5767613649368286,,0,0,0,0,0,0,0,0,0,0
clean,clean+shift,86,5,PrimaryTrustCalib,0,10,1,0.0,0,0.5767613649368286,accept,0,0,0,0,0,0,0,0,0,0
clean,clean+shift,86,5,MultiPeerObjectGuard,0,10,1,0.0,0,0.5767613649368286,accept,0,0,0,0,0,0,0,0,0,0
clean,clean+shift,86,6,EgoOnly,0,10,0,0.0,0,0.17460046708583832,,0,0,0,0,0,0,0,0,0,0
clean,clean+shift,86,6,CleanCoop,0,10,1,0.0,0,0.5588282346725464,,0,0,0,0,0,0,0,0,0,0
clean,clean+shift,86,6,PrimaryRaw,0,10,1,0.0,0,0.5588282346725464,,0,0,0,0,0,0,0,0,0,0
clean,clean+shift,86,6,PrimaryTrustCalib,0,10,1,0.0,0,0.5588282346725464,accept,0,0,0,0,0,0,0,0,0,0
clean,clean+shift,86,6,MultiPeerObjectGuard,0,10,1,0.0,0,0.5588282346725464,accept,0,0,0,0,0,0,0,0,0,0
clean,clean+shift,86,7,EgoOnly,0,10,0,0.0,0,0.18190228939056396,,0,0,0,0,0,0,0,0,0,0
clean,clean+shift,86,7,CleanCoop,0,10,1,0.0,0,0.5371663570404053,,0,0,0,0,0,0,0,0,0,0
clean,clean+shift,86,7,PrimaryRaw,0,10,1,0.0,0,0.5371663570404053,,0,0,0,0,0,0,0,0,0,0
clean,clean+shift,86,7,PrimaryTrustCalib,0,10,1,0.0,0,0.5371663570404053,accept,0,0,0,0,0,0,0,0,0,0
clean,clean+shift,86,7,MultiPeerObjectGuard,0,10,1,0.0,0,0.5371663570404053,accept,0,0,0,0,0,0,0,0,0,0
clean,clean+shift,86,8,EgoOnly,0,10,0,0.0,0,0.1669505387544632,,0,0,0,0,0,0,0,0,0,0
clean,clean+shift,86,8,CleanCoop,0,10,1,0.0,0,0.5490862727165222,,0,0,0,0,0,0,0,0,0,0
clean,clean+shift,86,8,PrimaryRaw,0,10,1,0.0,0,0.5490862727165222,,0,0,0,0,0,0,0,0,0,0
clean,clean+shift,86,8,PrimaryTrustCalib,0,10,1,0.0,0,0.5490862727165222,accept,0,0,0,0,0,0,0,0,0,0
clean,clean+shift,86,8,MultiPeerObjectGuard,0,10,1,0.0,0,0.5490862727165222,accept,0,0,0,0,0,0,0,0,0,0
clean,clean+shift,86,9,EgoOnly,0,10,0,0.0,0,0.16206564009189606,,0,0,0,0,0,0,0,0,0,0
clean,clean+shift,86,9,CleanCoop,0,10,1,0.0,0,0.5531414151191711,,0,0,0,0,0,0,0,0,0,0
clean,clean+shift,86,9,PrimaryRaw,0,10,1,0.0,0,0.5531414151191711,,0,0,0,0,0,0,0,0,0,0
clean,clean+shift,86,9,PrimaryTrustCalib,0,10,1,0.0,0,0.5531414151191711,accept,0,0,0,0,0,0,0,0,0,0
clean,clean+shift,86,9,MultiPeerObjectGuard,0,10,1,0.0,0,0.5531414151191711,accept,0,0,0,0,0,0,0,0,0,0
clean,clean+shift,86,10,EgoOnly,0,10,0,0.0,0,0.1582689881324768,,0,0,0,0,0,0,0,0,0,0
clean,clean+shift,86,10,CleanCoop,0,10,1,0.0,0,0.5368629693984985,,0,0,0,0,0,0,0,0,0,0
clean,clean+shift,86,10,PrimaryRaw,0,10,1,0.0,0,0.5368629693984985,,0,0,0,0,0,0,0,0,0,0
clean,clean+shift,86,10,PrimaryTrustCalib,0,10,1,0.0,0,0.5368629693984985,accept,0,0,0,0,0,0,0,0,0,0
clean,clean+shift,86,10,MultiPeerObjectGuard,0,10,1,0.0,0,0.5368629693984985,accept,0,0,0,0,0,0,0,0,0,0
clean,clean+shift,86,11,EgoOnly,0,10,0,0.0,0,0.15948545932769775,,0,0,0,0,0,0,0,0,0,0
clean,clean+shift,86,11,CleanCoop,0,10,1,0.0,0,0.52663654088974,,0,0,0,0,0,0,0,0,0,0
clean,clean+shift,86,11,PrimaryRaw,0,10,1,0.0,0,0.52663654088974,,0,0,0,0,0,0,0,0,0,0
clean,clean+shift,86,11,PrimaryTrustCalib,0,10,1,0.0,0,0.52663654088974,accept,0,0,0,0,0,0,0,0,0,0
clean,clean+shift,86,11,MultiPeerObjectGuard,0,10,1,0.0,0,0.52663654088974,accept,0,0,0,0,0,0,0,0,0,0
clean,clean+shift,86,12,EgoOnly,0,10,0,0.0,0,0.24978876113891602,,0,0,0,0,0,0,0,0,0,0
clean,clean+shift,86,12,CleanCoop,0,10,1,0.0,0,0.5109419226646423,,0,0,0,0,0,0,0,0,0,0
clean,clean+shift,86,12,PrimaryRaw,0,10,1,0.0,0,0.5109419226646423,,0,0,0,0,0,0,0,0,0,0
clean,clean+shift,86,12,PrimaryTrustCalib,0,10,1,0.0,0,0.5109419226646423,accept,0,0,0,0,0,0,0,0,0,0
clean,clean+shift,86,12,MultiPeerObjectGuard,0,10,1,0.0,0,0.5109419226646423,accept,0,0,0,0,0,0,0,0,0,0
clean,clean+shift,86,13,EgoOnly,0,10,1,0.0,0,0.4184597432613373,,0,0,0,0,0,0,0,0,0,0
clean,clean+shift,86,13,CleanCoop,0,10,1,0.0,0,0.45001688599586487,,0,0,0,0,0,0,0,0,0,0
clean,clean+shift,86,13,PrimaryRaw,0,10,1,0.0,0,0.45001688599586487,,0,0,0,0,0,0,0,0,0,0
clean,clean+shift,86,13,PrimaryTrustCalib,0,10,1,0.0,0,0.45001688599586487,accept,0,0,0,0,0,0,0,0,0,0
clean,clean+shift,86,13,MultiPeerObjectGuard,0,10,1,0.0,0,0.45001688599586487,accept,0,0,0,0,0,0,0,0,0,0
clean,clean+shift,86,14,EgoOnly,0,10,1,0.0,0,0.3290228843688965,,0,0,0,0,0,0,0,0,0,0
clean,clean+shift,86,14,CleanCoop,0,10,1,0.0,0,0.45378270745277405,,0,0,0,0,0,0,0,0,0,0
clean,clean+shift,86,14,PrimaryRaw,0,10,1,0.0,0,0.45378270745277405,,0,0,0,0,0,0,0,0,0,0
clean,clean+shift,86,14,PrimaryTrustCalib,0,10,1,0.0,0,0.45378270745277405,accept,0,0,0,0,0,0,0,0,0,0
clean,clean+shift,86,14,MultiPeerObjectGuard,0,10,1,0.0,0,0.45378270745277405,accept,0,0,0,0,0,0,0,0,0,0
clean,clean+shift,86,15,EgoOnly,0,10,0,0.0,0,0.16197246313095093,,0,0,0,0,0,0,0,0,0,0
clean,clean+shift,86,15,CleanCoop,0,10,1,0.0,0,0.3521636724472046,,0,0,0,0,0,0,0,0,0,0
clean,clean+shift,86,15,PrimaryRaw,0,10,1,0.0,0,0.3521636724472046,,0,0,0,0,0,0,0,0,0,0
clean,clean+shift,86,15,PrimaryTrustCalib,0,10,1,0.0,0,0.3521636724472046,accept,0,0,0,0,0,0,0,0,0,0
clean,clean+shift,86,15,MultiPeerObjectGuard,0,10,1,0.0,0,0.3521636724472046,accept,0,0,0,0,0,0,0,0,0,0
clean,clean+shift,86,16,EgoOnly,0,10,1,0.0,0,0.39353546500205994,,0,0,0,0,0,0,0,0,0,0
clean,clean+shift,86,16,CleanCoop,0,10,1,0.0,0,0.32942700386047363,,0,0,0,0,0,0,0,0,0,0
clean,clean+shift,86,16,PrimaryRaw,0,10,1,0.0,0,0.32942700386047363,,0,0,0,0,0,0,0,0,0,0
clean,clean+shift,86,16,PrimaryTrustCalib,0,10,1,0.0,0,0.32942700386047363,accept,0,0,0,0,0,0,0,0,0,0
clean,clean+shift,86,16,MultiPeerObjectGuard,0,10,1,0.0,0,0.32942700386047363,accept,0,0,0,0,0,0,0,0,0,0
clean,clean+shift,86,17,EgoOnly,0,10,0,0.0,0,0.14881467819213867,,0,0,0,0,0,0,0,0,0,0
clean,clean+shift,86,17,CleanCoop,0,10,0,0.0,0,0.2902887761592865,,0,0,0,0,0,0,0,0,0,0
clean,clean+shift,86,17,PrimaryRaw,0,10,0,0.0,0,0.2902887761592865,,0,0,0,0,0,0,0,0,0,0
clean,clean+shift,86,17,PrimaryTrustCalib,0,10,0,0.0,0,0.2902887761592865,accept,0,0,0,0,0,0,0,0,0,0
clean,clean+shift,86,17,MultiPeerObjectGuard,0,10,0,0.0,0,0.2902887761592865,accept,0,0,0,0,0,0,0,0,0,0
clean,clean+shift,86,18,EgoOnly,0,10,0,0.0,0,0.2187369167804718,,0,0,0,0,0,0,0,0,0,0
clean,clean+shift,86,18,CleanCoop,0,10,0,0.0,0,0.28301361203193665,,0,0,0,0,0,0,0,0,0,0
clean,clean+shift,86,18,PrimaryRaw,0,10,0,0.0,0,0.28301361203193665,,0,0,0,0,0,0,0,0,0,0
clean,clean+shift,86,18,PrimaryTrustCalib,0,10,0,0.0,0,0.28301361203193665,accept,0,0,0,0,0,0,0,0,0,0
clean,clean+shift,86,18,MultiPeerObjectGuard,0,10,0,0.0,0,0.28301361203193665,accept,0,0,0,0,0,0,0,0,0,0
clean,clean+shift,86,19,EgoOnly,0,10,0,0.0,0,0.12827841937541962,,0,0,0,0,0,0,0,0,0,0
clean,clean+shift,86,19,CleanCoop,0,10,0,0.0,0,0.26988333463668823,,0,0,0,0,0,0,0,0,0,0
clean,clean+shift,86,19,PrimaryRaw,0,10,0,0.0,0,0.26988333463668823,,0,0,0,0,0,0,0,0,0,0
clean,clean+shift,86,19,PrimaryTrustCalib,0,10,0,0.0,0,0.26988333463668823,accept,0,0,0,0,0,0,0,0,0,0
clean,clean+shift,86,19,MultiPeerObjectGuard,0,10,0,0.0,0,0.26988333463668823,accept,0,0,0,0,0,0,0,0,0,0
clean,clean+shift,92,0,EgoOnly,0,10,1,0.0,0,0.3633694350719452,,0,0,0,0,0,0,0,0,0,0
clean,clean+shift,92,0,CleanCoop,0,10,0,0.0,0,0.1817886233329773,,0,0,0,0,0,0,0,0,0,0
clean,clean+shift,92,0,PrimaryRaw,0,10,0,0.0,0,0.1817886233329773,,0,0,0,0,0,0,0,0,0,0
clean,clean+shift,92,0,PrimaryTrustCalib,0,10,0,0.0,0,0.1817886233329773,accept,0,0,0,0,0,0,0,0,0,0
clean,clean+shift,92,0,MultiPeerObjectGuard,0,10,0,0.0,0,0.1817886233329773,accept,0,0,0,0,0,0,0,0,0,0
clean,clean+shift,92,1,EgoOnly,0,10,1,0.0,0,0.33302822709083557,,0,0,0,0,0,0,0,0,0,0
clean,clean+shift,92,1,CleanCoop,0,10,0,0.0,0,0.18299297988414764,,0,0,0,0,0,0,0,0,0,0
clean,clean+shift,92,1,PrimaryRaw,0,10,0,0.0,0,0.18299297988414764,,0,0,0,0,0,0,0,0,0,0
clean,clean+shift,92,1,PrimaryTrustCalib,0,10,0,0.0,0,0.18299297988414764,accept,0,0,0,0,0,0,0,0,0,0
clean,clean+shift,92,1,MultiPeerObjectGuard,0,10,0,0.0,0,0.18299297988414764,accept,0,0,0,0,0,0,0,0,0,0
clean,clean+shift,92,2,EgoOnly,0,10,1,0.0,0,0.31321704387664795,,0,0,0,0,0,0,0,0,0,0
clean,clean+shift,92,2,CleanCoop,0,10,0,0.0,0,0.18491201102733612,,0,0,0,0,0,0,0,0,0,0
clean,clean+shift,92,2,PrimaryRaw,0,10,0,0.0,0,0.18491201102733612,,0,0,0,0,0,0,0,0,0,0
clean,clean+shift,92,2,PrimaryTrustCalib,0,10,0,0.0,0,0.18491201102733612,accept,0,0,0,0,0,0,0,0,0,0
clean,clean+shift,92,2,MultiPeerObjectGuard,0,10,0,0.0,0,0.18491201102733612,accept,0,0,0,0,0,0,0,0,0,0
clean,clean+shift,92,3,EgoOnly,0,10,0,0.0,0,0.29902780055999756,,0,0,0,0,0,0,0,0,0,0
clean,clean+shift,92,3,CleanCoop,0,10,0,0.0,0,0.18720032274723053,,0,0,0,0,0,0,0,0,0,0
clean,clean+shift,92,3,PrimaryRaw,0,10,0,0.0,0,0.18720032274723053,,0,0,0,0,0,0,0,0,0,0
clean,clean+shift,92,3,PrimaryTrustCalib,0,10,0,0.0,0,0.18720032274723053,accept,0,0,0,0,0,0,0,0,0,0
clean,clean+shift,92,3,MultiPeerObjectGuard,0,10,0,0.0,0,0.18720032274723053,accept,0,0,0,0,0,0,0,0,0,0
clean,clean+shift,92,4,EgoOnly,0,10,0,0.0,0,0.2853088974952698,,0,0,0,0,0,0,0,0,0,0
clean,clean+shift,92,4,CleanCoop,0,10,0,0.0,0,0.1889786273241043,,0,0,0,0,0,0,0,0,0,0
clean,clean+shift,92,4,PrimaryRaw,0,10,0,0.0,0,0.1889786273241043,,0,0,0,0,0,0,0,0,0,0
clean,clean+shift,92,4,PrimaryTrustCalib,0,10,0,0.0,0,0.1889786273241043,accept,0,0,0,0,0,0,0,0,0,0
clean,clean+shift,92,4,MultiPeerObjectGuard,0,10,0,0.0,0,0.1889786273241043,accept,0,0,0,0,0,0,0,0,0,0
clean,clean+shift,92,5,EgoOnly,0,10,0,0.0,0,0.2790740430355072,,0,0,0,0,0,0,0,0,0,0
clean,clean+shift,92,5,CleanCoop,0,10,0,0.0,0,0.18470990657806396,,0,0,0,0,0,0,0,0,0,0
clean,clean+shift,92,5,PrimaryRaw,0,10,0,0.0,0,0.18470990657806396,,0,0,0,0,0,0,0,0,0,0
clean,clean+shift,92,5,PrimaryTrustCalib,0,10,0,0.0,0,0.18470990657806396,accept,0,0,0,0,0,0,0,0,0,0
clean,clean+shift,92,5,MultiPeerObjectGuard,0,10,0,0.0,0,0.18470990657806396,accept,0,0,0,0,0,0,0,0,0,0
clean,clean+shift,92,6,EgoOnly,0,10,0,0.0,0,0.27021825313568115,,0,0,0,0,0,0,0,0,0,0
clean,clean+shift,92,6,CleanCoop,0,10,0,0.0,0,0.18898332118988037,,0,0,0,0,0,0,0,0,0,0
clean,clean+shift,92,6,PrimaryRaw,0,10,0,0.0,0,0.18898332118988037,,0,0,0,0,0,0,0,0,0,0
clean,clean+shift,92,6,PrimaryTrustCalib,0,10,0,0.0,0,0.18898332118988037,accept,0,0,0,0,0,0,0,0,0,0
clean,clean+shift,92,6,MultiPeerObjectGuard,0,10,0,0.0,0,0.18898332118988037,accept,0,0,0,0,0,0,0,0,0,0
clean,clean+shift,92,7,EgoOnly,0,10,0,0.0,0,0.15367485582828522,,0,0,0,0,0,0,0,0,0,0
clean,clean+shift,92,7,CleanCoop,0,10,0,0.0,0,0.19530244171619415,,0,0,0,0,0,0,0,0,0,0
clean,clean+shift,92,7,PrimaryRaw,0,10,0,0.0,0,0.19530244171619415,,0,0,0,0,0,0,0,0,0,0
clean,clean+shift,92,7,PrimaryTrustCalib,0,10,0,0.0,0,0.19530244171619415,accept,0,0,0,0,0,0,0,0,0,0
clean,clean+shift,92,7,MultiPeerObjectGuard,0,10,0,0.0,0,0.19530244171619415,accept,0,0,0,0,0,0,0,0,0,0
clean,clean+shift,92,8,EgoOnly,0,10,0,0.0,0,0.15734031796455383,,0,0,0,0,0,0,0,0,0,0
clean,clean+shift,92,8,CleanCoop,0,10,0,0.0,0,0.19649843871593475,,0,0,0,0,0,0,0,0,0,0
clean,clean+shift,92,8,PrimaryRaw,0,10,0,0.0,0,0.19649843871593475,,0,0,0,0,0,0,0,0,0,0
clean,clean+shift,92,8,PrimaryTrustCalib,0,10,0,0.0,0,0.19649843871593475,accept,0,0,0,0,0,0,0,0,0,0
clean,clean+shift,92,8,MultiPeerObjectGuard,0,10,0,0.0,0,0.19649843871593475,accept,0,0,0,0,0,0,0,0,0,0
clean,clean+shift,92,9,EgoOnly,0,10,0,0.0,0,0.1606803983449936,,0,0,0,0,0,0,0,0,0,0
clean,clean+shift,92,9,CleanCoop,0,10,0,0.0,0,0.22096456587314606,,0,0,0,0,0,0,0,0,0,0
clean,clean+shift,92,9,PrimaryRaw,0,10,0,0.0,0,0.22096456587314606,,0,0,0,0,0,0,0,0,0,0
clean,clean+shift,92,9,PrimaryTrustCalib,0,10,0,0.0,0,0.22096456587314606,accept,0,0,0,0,0,0,0,0,0,0
clean,clean+shift,92,9,MultiPeerObjectGuard,0,10,0,0.0,0,0.22096456587314606,accept,0,0,0,0,0,0,0,0,0,0
clean,clean+shift,92,10,EgoOnly,0,10,0,0.0,0,0.1438668966293335,,0,0,0,0,0,0,0,0,0,0
clean,clean+shift,92,10,CleanCoop,0,10,0,0.0,0,0.18318825960159302,,0,0,0,0,0,0,0,0,0,0
clean,clean+shift,92,10,PrimaryRaw,0,10,0,0.0,0,0.18318825960159302,,0,0,0,0,0,0,0,0,0,0
clean,clean+shift,92,10,PrimaryTrustCalib,0,10,0,0.0,0,0.18318825960159302,accept,0,0,0,0,0,0,0,0,0,0
clean,clean+shift,92,10,MultiPeerObjectGuard,0,10,0,0.0,0,0.18318825960159302,accept,0,0,0,0,0,0,0,0,0,0
clean,clean+shift,92,11,EgoOnly,0,10,0,0.0,0,0.1701749712228775,,0,0,0,0,0,0,0,0,0,0
clean,clean+shift,92,11,CleanCoop,0,10,0,0.0,0,0.18944185972213745,,0,0,0,0,0,0,0,0,0,0
clean,clean+shift,92,11,PrimaryRaw,0,10,0,0.0,0,0.18944185972213745,,0,0,0,0,0,0,0,0,0,0
clean,clean+shift,92,11,PrimaryTrustCalib,0,10,0,0.0,0,0.18944185972213745,accept,0,0,0,0,0,0,0,0,0,0
clean,clean+shift,92,11,MultiPeerObjectGuard,0,10,0,0.0,0,0.18944185972213745,accept,0,0,0,0,0,0,0,0,0,0
clean,clean+shift,92,12,EgoOnly,0,10,0,0.0,0,0.17622432112693787,,0,0,0,0,0,0,0,0,0,0
clean,clean+shift,92,12,CleanCoop,0,10,0,0.0,0,0.19356577098369598,,0,0,0,0,0,0,0,0,0,0
clean,clean+shift,92,12,PrimaryRaw,0,10,0,0.0,0,0.19356577098369598,,0,0,0,0,0,0,0,0,0,0
clean,clean+shift,92,12,PrimaryTrustCalib,0,10,0,0.0,0,0.19356577098369598,accept,0,0,0,0,0,0,0,0,0,0
clean,clean+shift,92,12,MultiPeerObjectGuard,0,10,0,0.0,0,0.19356577098369598,accept,0,0,0,0,0,0,0,0,0,0
clean,clean+shift,92,13,EgoOnly,0,10,0,0.0,0,0.18716631829738617,,0,0,0,0,0,0,0,0,0,0
clean,clean+shift,92,13,CleanCoop,0,10,0,0.0,0,0.19663114845752716,,0,0,0,0,0,0,0,0,0,0
clean,clean+shift,92,13,PrimaryRaw,0,10,0,0.0,0,0.19663114845752716,,0,0,0,0,0,0,0,0,0,0
clean,clean+shift,92,13,PrimaryTrustCalib,0,10,0,0.0,0,0.19663114845752716,accept,0,0,0,0,0,0,0,0,0,0
clean,clean+shift,92,13,MultiPeerObjectGuard,0,10,0,0.0,0,0.19663114845752716,accept,0,0,0,0,0,0,0,0,0,0
clean,clean+shift,92,14,EgoOnly,0,10,0,0.0,0,0.19341765344142914,,0,0,0,0,0,0,0,0,0,0
clean,clean+shift,92,14,CleanCoop,0,10,0,0.0,0,0.19907043874263763,,0,0,0,0,0,0,0,0,0,0
clean,clean+shift,92,14,PrimaryRaw,0,10,0,0.0,0,0.19907043874263763,,0,0,0,0,0,0,0,0,0,0
clean,clean+shift,92,14,PrimaryTrustCalib,0,10,0,0.0,0,0.19907043874263763,accept,0,0,0,0,0,0,0,0,0,0
clean,clean+shift,92,14,MultiPeerObjectGuard,0,10,0,0.0,0,0.19907043874263763,accept,0,0,0,0,0,0,0,0,0,0
clean,clean+shift,92,15,EgoOnly,0,10,0,0.0,0,0.1951228529214859,,0,0,0,0,0,0,0,0,0,0
clean,clean+shift,92,15,CleanCoop,0,10,0,0.0,0,0.20191070437431335,,0,0,0,0,0,0,0,0,0,0
clean,clean+shift,92,15,PrimaryRaw,0,10,0,0.0,0,0.20191070437431335,,0,0,0,0,0,0,0,0,0,0
clean,clean+shift,92,15,PrimaryTrustCalib,0,10,0,0.0,0,0.20191070437431335,accept,0,0,0,0,0,0,0,0,0,0
clean,clean+shift,92,15,MultiPeerObjectGuard,0,10,0,0.0,0,0.20191070437431335,accept,0,0,0,0,0,0,0,0,0,0
clean,clean+shift,92,16,EgoOnly,0,10,0,0.0,0,0.1962694227695465,,0,0,0,0,0,0,0,0,0,0
clean,clean+shift,92,16,CleanCoop,0,10,0,0.0,0,0.20387233793735504,,0,0,0,0,0,0,0,0,0,0
clean,clean+shift,92,16,PrimaryRaw,0,10,0,0.0,0,0.20387233793735504,,0,0,0,0,0,0,0,0,0,0
clean,clean+shift,92,16,PrimaryTrustCalib,0,10,0,0.0,0,0.20387233793735504,accept,0,0,0,0,0,0,0,0,0,0
clean,clean+shift,92,16,MultiPeerObjectGuard,0,10,0,0.0,0,0.20387233793735504,accept,0,0,0,0,0,0,0,0,0,0
clean,clean+shift,92,17,EgoOnly,0,10,0,0.0,0,0.20211383700370789,,0,0,0,0,0,0,0,0,0,0
clean,clean+shift,92,17,CleanCoop,0,10,0,0.0,0,0.21002523601055145,,0,0,0,0,0,0,0,0,0,0
clean,clean+shift,92,17,PrimaryRaw,0,10,0,0.0,0,0.21002523601055145,,0,0,0,0,0,0,0,0,0,0
clean,clean+shift,92,17,PrimaryTrustCalib,0,10,0,0.0,0,0.21002523601055145,accept,0,0,0,0,0,0,0,0,0,0
clean,clean+shift,92,17,MultiPeerObjectGuard,0,10,0,0.0,0,0.21002523601055145,accept,0,0,0,0,0,0,0,0,0,0
clean,clean+shift,92,18,EgoOnly,0,10,0,0.0,0,0.21610702574253082,,0,0,0,0,0,0,0,0,0,0
clean,clean+shift,92,18,CleanCoop,0,10,0,0.0,0,0.2271798998117447,,0,0,0,0,0,0,0,0,0,0
clean,clean+shift,92,18,PrimaryRaw,0,10,0,0.0,0,0.2271798998117447,,0,0,0,0,0,0,0,0,0,0
clean,clean+shift,92,18,PrimaryTrustCalib,0,10,0,0.0,0,0.2271798998117447,accept,0,0,0,0,0,0,0,0,0,0
clean,clean+shift,92,18,MultiPeerObjectGuard,0,10,0,0.0,0,0.2271798998117447,accept,0,0,0,0,0,0,0,0,0,0
clean,clean+shift,92,19,EgoOnly,0,10,0,0.0,0,0.22649435698986053,,0,0,0,0,0,0,0,0,0,0
clean,clean+shift,92,19,CleanCoop,0,10,0,0.0,0,0.2406124323606491,,0,0,0,0,0,0,0,0,0,0
clean,clean+shift,92,19,PrimaryRaw,0,10,0,0.0,0,0.2406124323606491,,0,0,0,0,0,0,0,0,0,0
clean,clean+shift,92,19,PrimaryTrustCalib,0,10,0,0.0,0,0.2406124323606491,accept,0,0,0,0,0,0,0,0,0,0
clean,clean+shift,92,19,MultiPeerObjectGuard,0,10,0,0.0,0,0.2406124323606491,accept,0,0,0,0,0,0,0,0,0,0
drop,clean+shift,7,0,EgoOnly,3,10,1,0.1,1,0.15264847874641418,,0,0,0,0,0,0,0,0,0,0
drop,clean+shift,7,0,CleanCoop,0,10,1,0.8,8,0.18618473410606384,,0,0,0,0,0,0,0,0,0,0
drop,clean+shift,7,0,PrimaryRaw,3,10,1,0.1,1,0.17917291820049286,,0,0,0,0,0,0,0,0,0,0
drop,clean+shift,7,0,PrimaryTrustCalib,3,10,1,0.1,1,0.17917291820049286,accept,0,0,0,0,0,0,0,0,0,0
drop,clean+shift,7,0,MultiPeerObjectGuard,0,10,1,0.8,8,0.17917291820049286,accept,0,0,0,0,7,7,7,7,0,0
drop,clean+shift,7,1,EgoOnly,2,10,1,0.2,2,0.15437646210193634,,0,0,0,0,0,0,0,0,0,0
drop,clean+shift,7,1,CleanCoop,0,10,1,0.8,8,0.18251489102840424,,0,0,0,0,0,0,0,0,0,0
drop,clean+shift,7,1,PrimaryRaw,2,10,1,0.2,2,0.18141677975654602,,0,0,0,0,0,0,0,0,0,0
drop,clean+shift,7,1,PrimaryTrustCalib,2,10,1,0.2,2,0.18141677975654602,accept,0,0,0,0,0,0,0,0,0,0
drop,clean+shift,7,1,MultiPeerObjectGuard,0,10,1,0.8,8,0.18349987268447876,accept,0,0,0,0,10,10,10,10,0,0
drop,clean+shift,7,2,EgoOnly,2,10,1,0.3,3,0.18399128317832947,,0,0,0,0,0,0,0,0,0,0
drop,clean+shift,7,2,CleanCoop,0,10,1,0.8,8,0.17869067192077637,,0,0,0,0,0,0,0,0,0,0
drop,clean+shift,7,2,PrimaryRaw,2,10,1,0.3,3,0.18161413073539734,,0,0,0,0,0,0,0,0,0,0
drop,clean+shift,7,2,PrimaryTrustCalib,2,10,1,0.3,3,0.18161413073539734,accept,0,0,0,0,0,0,0,0,0,0
drop,clean+shift,7,2,MultiPeerObjectGuard,0,10,1,0.8,8,0.17869065701961517,accept,0,0,0,0,12,12,12,12,0,0
drop,clean+shift,7,3,EgoOnly,2,10,1,0.3,3,0.152507022023201,,0,0,0,0,0,0,0,0,0,0
drop,clean+shift,7,3,CleanCoop,0,10,1,0.8,8,0.1718025952577591,,0,0,0,0,0,0,0,0,0,0
drop,clean+shift,7,3,PrimaryRaw,2,10,1,0.3,3,0.14509792625904083,,0,0,0,0,0,0,0,0,0,0
drop,clean+shift,7,3,PrimaryTrustCalib,2,10,1,0.3,3,0.14509792625904083,accept,0,0,0,0,0,0,0,0,0,0
drop,clean+shift,7,3,MultiPeerObjectGuard,0,10,1,0.8,8,0.14509792625904083,accept,0,0,0,0,9,9,9,9,0,0
drop,clean+shift,7,4,EgoOnly,1,10,1,0.3,3,0.16032369434833527,,0,0,0,0,0,0,0,0,0,0
drop,clean+shift,7,4,CleanCoop,0,10,1,0.7,7,0.1697544902563095,,0,0,0,0,0,0,0,0,0,0
drop,clean+shift,7,4,PrimaryRaw,0,10,1,0.7,7,0.16827555000782013,,0,0,0,0,0,0,0,0,0,0
drop,clean+shift,7,4,PrimaryTrustCalib,0,10,1,0.7,7,0.16827555000782013,accept,0,0,0,0,0,0,0,0,0,0
drop,clean+shift,7,4,MultiPeerObjectGuard,0,10,1,0.7,7,0.16542254388332367,accept,0,0,0,0,12,12,12,12,0,0
drop,clean+shift,7,5,EgoOnly,0,10,1,0.7,7,0.19189539551734924,,0,0,0,0,0,0,0,0,0,0
drop,clean+shift,7,5,CleanCoop,0,10,1,0.7,7,0.16067397594451904,,0,0,0,0,0,0,0,0,0,0
drop,clean+shift,7,5,PrimaryRaw,0,10,1,0.7,7,0.12982577085494995,,0,0,0,0,0,0,0,0,0,0
drop,clean+shift,7,5,PrimaryTrustCalib,0,10,1,0.7,7,0.12982577085494995,accept,0,0,0,0,0,0,0,0,0,0
drop,clean+shift,7,5,MultiPeerObjectGuard,0,10,1,0.7,7,0.12982577085494995,accept,0,0,0,0,9,9,9,9,0,0
drop,clean+shift,7,6,EgoOnly,0,10,1,0.7,7,0.1722574681043625,,0,0,0,0,0,0,0,0,0,0
drop,clean+shift,7,6,CleanCoop,0,10,1,0.7,7,0.1715162694454193,,0,0,0,0,0,0,0,0,0,0
drop,clean+shift,7,6,PrimaryRaw,0,10,1,0.7,7,0.16434432566165924,,0,0,0,0,0,0,0,0,0,0
drop,clean+shift,7,6,PrimaryTrustCalib,0,10,1,0.7,7,0.16434432566165924,accept,0,0,0,0,0,0,0,0,0,0
drop,clean+shift,7,6,MultiPeerObjectGuard,0,10,1,0.7,7,0.16434432566165924,accept,0,0,0,0,9,9,9,9,0,0
drop,clean+shift,7,7,EgoOnly,0,10,1,0.6,6,0.2313428372144699,,0,0,0,0,0,0,0,0,0,0
drop,clean+shift,7,7,CleanCoop,0,10,1,0.6,6,0.21758891642093658,,0,0,0,0,0,0,0,0,0,0
drop,clean+shift,7,7,PrimaryRaw,0,10,1,0.6,6,0.16661295294761658,,0,0,0,0,0,0,0,0,0,0
drop,clean+shift,7,7,PrimaryTrustCalib,0,10,1,0.6,6,0.16661295294761658,accept,0,0,0,0,0,0,0,0,0,0
drop,clean+shift,7,7,MultiPeerObjectGuard,0,10,1,0.6,6,0.16521403193473816,accept,0,0,0,0,10,10,10,10,0,0
drop,clean+shift,7,8,EgoOnly,0,10,1,0.6,6,0.2956150770187378,,0,0,0,0,0,0,0,0,0,0
drop,clean+shift,7,8,CleanCoop,0,10,1,0.6,6,0.27956125140190125,,0,0,0,0,0,0,0,0,0,0
drop,clean+shift,7,8,PrimaryRaw,0,10,1,0.6,6,0.19118241965770721,,0,0,0,0,0,0,0,0,0,0
drop,clean+shift,7,8,PrimaryTrustCalib,0,10,1,0.6,6,0.19118241965770721,accept,0,0,0,0,0,0,0,0,0,0
drop,clean+shift,7,8,MultiPeerObjectGuard,0,10,1,0.6,6,0.19118241965770721,accept,0,0,0,0,7,7,7,7,0,0
drop,clean+shift,7,9,EgoOnly,0,10,1,0.6,6,0.3101848065853119,,0,0,0,0,0,0,0,0,0,0
drop,clean+shift,7,9,CleanCoop,0,10,1,0.6,6,0.3026198744773865,,0,0,0,0,0,0,0,0,0,0
drop,clean+shift,7,9,PrimaryRaw,0,10,1,0.6,6,0.24932250380516052,,0,0,0,0,0,0,0,0,0,0
drop,clean+shift,7,9,PrimaryTrustCalib,0,10,1,0.6,6,0.24932250380516052,accept,0,0,0,0,0,0,0,0,0,0
drop,clean+shift,7,9,MultiPeerObjectGuard,0,10,1,0.6,6,0.24932250380516052,accept,0,0,0,0,9,9,9,9,0,0
drop,clean+shift,7,10,EgoOnly,0,10,1,0.6,6,0.307140052318573,,0,0,0,0,0,0,0,0,0,0
drop,clean+shift,7,10,CleanCoop,0,10,1,0.6,6,0.3036900758743286,,0,0,0,0,0,0,0,0,0,0
drop,clean+shift,7,10,PrimaryRaw,0,10,1,0.6,6,0.26187753677368164,,0,0,0,0,0,0,0,0,0,0
drop,clean+shift,7,10,PrimaryTrustCalib,0,10,1,0.6,6,0.26187753677368164,accept,0,0,0,0,0,0,0,0,0,0
drop,clean+shift,7,10,MultiPeerObjectGuard,0,10,1,0.6,6,0.26187753677368164,accept,0,0,0,0,7,7,7,7,0,0
drop,clean+shift,7,11,EgoOnly,0,10,1,0.6,6,0.24371126294136047,,0,0,0,0,0,0,0,0,0,0
drop,clean+shift,7,11,CleanCoop,0,10,1,0.6,6,0.24213498830795288,,0,0,0,0,0,0,0,0,0,0
drop,clean+shift,7,11,PrimaryRaw,0,10,1,0.6,6,0.19809067249298096,,0,0,0,0,0,0,0,0,0,0
drop,clean+shift,7,11,PrimaryTrustCalib,0,10,1,0.6,6,0.19809067249298096,accept,0,0,0,0,0,0,0,0,0,0
drop,clean+shift,7,11,MultiPeerObjectGuard,0,10,1,0.6,6,0.19809067249298096,accept,0,0,0,0,8,8,8,8,0,0
drop,clean+shift,7,12,EgoOnly,0,10,1,0.6,6,0.19582699239253998,,0,0,0,0,0,0,0,0,0,0
drop,clean+shift,7,12,CleanCoop,0,10,1,0.6,6,0.2022445648908615,,0,0,0,0,0,0,0,0,0,0
drop,clean+shift,7,12,PrimaryRaw,0,10,1,0.6,6,0.19832636415958405,,0,0,0,0,0,0,0,0,0,0
drop,clean+shift,7,12,PrimaryTrustCalib,0,10,1,0.6,6,0.19832636415958405,accept,0,0,0,0,0,0,0,0,0,0
drop,clean+shift,7,12,MultiPeerObjectGuard,0,10,1,0.6,6,0.19832636415958405,accept,0,0,0,0,7,7,7,7,0,0
drop,clean+shift,7,13,EgoOnly,0,10,1,0.6,6,0.16944557428359985,,0,0,0,0,0,0,0,0,0,0
drop,clean+shift,7,13,CleanCoop,0,10,1,0.6,6,0.16660206019878387,,0,0,0,0,0,0,0,0,0,0
drop,clean+shift,7,13,PrimaryRaw,0,10,1,0.6,6,0.15717199444770813,,0,0,0,0,0,0,0,0,0,0
drop,clean+shift,7,13,PrimaryTrustCalib,0,10,1,0.6,6,0.15717199444770813,accept,0,0,0,0,0,0,0,0,0,0
drop,clean+shift,7,13,MultiPeerObjectGuard,0,10,1,0.6,6,0.15651923418045044,accept,0,0,0,0,11,11,11,11,0,0
drop,clean+shift,7,14,EgoOnly,0,10,1,0.6,6,0.1624145209789276,,0,0,0,0,0,0,0,0,0,0
drop,clean+shift,7,14,CleanCoop,0,10,1,0.6,6,0.15920035541057587,,0,0,0,0,0,0,0,0,0,0
drop,clean+shift,7,14,PrimaryRaw,0,10,1,0.6,6,0.15920035541057587,,0,0,0,0,0,0,0,0,0,0
drop,clean+shift,7,14,PrimaryTrustCalib,0,10,1,0.6,6,0.15920035541057587,accept,0,0,0,0,0,0,0,0,0,0
drop,clean+shift,7,14,MultiPeerObjectGuard,0,10,1,0.6,6,0.15920035541057587,accept,0,0,0,0,5,5,5,5,0,0
drop,clean+shift,7,15,EgoOnly,1,10,1,0.5,5,0.18329863250255585,,0,0,0,0,0,0,0,0,0,0
drop,clean+shift,7,15,CleanCoop,0,10,1,0.7,7,0.20441308617591858,,0,0,0,0,0,0,0,0,0,0
drop,clean+shift,7,15,PrimaryRaw,1,10,1,0.5,5,0.17875657975673676,,0,0,0,0,0,0,0,0,0,0
drop,clean+shift,7,15,PrimaryTrustCalib,1,10,1,0.5,5,0.17875657975673676,accept,0,0,0,0,0,0,0,0,0,0
drop,clean+shift,7,15,MultiPeerObjectGuard,0,10,1,0.7,7,0.199948251247406,accept,0,0,0,0,11,11,11,11,0,0
drop,clean+shift,7,16,EgoOnly,1,10,1,0.5,5,0.19117328524589539,,0,0,0,0,0,0,0,0,0,0
drop,clean+shift,7,16,CleanCoop,0,10,1,0.7,7,0.20684880018234253,,0,0,0,0,0,0,0,0,0,0
drop,clean+shift,7,16,PrimaryRaw,0,10,1,0.7,7,0.1612791270017624,,0,0,0,0,0,0,0,0,0,0
drop,clean+shift,7,16,PrimaryTrustCalib,0,10,1,0.7,7,0.1612791270017624,accept,0,0,0,0,0,0,0,0,0,0
drop,clean+shift,7,16,MultiPeerObjectGuard,0,10,1,0.7,7,0.1612791270017624,accept,0,0,0,0,8,8,8,8,0,0
drop,clean+shift,7,17,EgoOnly,1,10,1,0.5,5,0.19794540107250214,,0,0,0,0,0,0,0,0,0,0
drop,clean+shift,7,17,CleanCoop,0,10,1,0.7,7,0.20986764132976532,,0,0,0,0,0,0,0,0,0,0
drop,clean+shift,7,17,PrimaryRaw,0,10,1,0.7,7,0.21497739851474762,,0,0,0,0,0,0,0,0,0,0
drop,clean+shift,7,17,PrimaryTrustCalib,0,10,1,0.7,7,0.21497739851474762,accept,0,0,0,0,0,0,0,0,0,0
drop,clean+shift,7,17,MultiPeerObjectGuard,0,10,1,0.7,7,0.21497739851474762,accept,0,0,0,0,7,7,7,7,0,0
drop,clean+shift,7,18,EgoOnly,1,10,1,0.5,5,0.224675253033638,,0,0,0,0,0,0,0,0,0,0
drop,clean+shift,7,18,CleanCoop,0,10,1,0.7,7,0.20929524302482605,,0,0,0,0,0,0,0,0,0,0
drop,clean+shift,7,18,PrimaryRaw,0,10,1,0.7,7,0.1448981761932373,,0,0,0,0,0,0,0,0,0,0
drop,clean+shift,7,18,PrimaryTrustCalib,0,10,1,0.7,7,0.1448981761932373,accept,0,0,0,0,0,0,0,0,0,0
drop,clean+shift,7,18,MultiPeerObjectGuard,0,10,1,0.7,7,0.1448981761932373,accept,0,0,0,0,9,9,9,9,0,0
drop,clean+shift,7,19,EgoOnly,0,10,1,0.4,4,0.23677147924900055,,0,0,0,0,0,0,0,0,0,0
drop,clean+shift,7,19,CleanCoop,0,10,1,0.5,5,0.22360484302043915,,0,0,0,0,0,0,0,0,0,0
drop,clean+shift,7,19,PrimaryRaw,0,10,1,0.4,4,0.22852465510368347,,0,0,0,0,0,0,0,0,0,0
drop,clean+shift,7,19,PrimaryTrustCalib,0,10,1,0.4,4,0.22852465510368347,accept,0,0,0,0,0,0,0,0,0,0
drop,clean+shift,7,19,MultiPeerObjectGuard,0,10,1,0.5,5,0.2269381284713745,accept,0,0,0,0,11,11,11,11,0,0
drop,clean+shift,12,0,EgoOnly,0,10,0,0.0,0,0.15281367301940918,,0,0,0,0,0,0,0,0,0,0
drop,clean+shift,12,0,CleanCoop,0,10,0,0.0,0,0.12016486376523972,,0,0,0,0,0,0,0,0,0,0
drop,clean+shift,12,0,PrimaryRaw,0,10,0,0.0,0,0.12307750433683395,,0,0,0,0,0,0,0,0,0,0
drop,clean+shift,12,0,PrimaryTrustCalib,0,10,0,0.0,0,0.12307750433683395,accept,0,0,0,0,0,0,0,0,0,0
drop,clean+shift,12,0,MultiPeerObjectGuard,0,10,0,0.0,0,0.11717146635055542,accept,0,0,0,0,18,18,18,18,0,0
drop,clean+shift,12,1,EgoOnly,0,10,0,0.0,0,0.1570848822593689,,0,0,0,0,0,0,0,0,0,0
drop,clean+shift,12,1,CleanCoop,0,10,0,0.0,0,0.11925899237394333,,0,0,0,0,0,0,0,0,0,0
drop,clean+shift,12,1,PrimaryRaw,0,10,0,0.0,0,0.11047712713479996,,0,0,0,0,0,0,0,0,0,0
drop,clean+shift,12,1,PrimaryTrustCalib,0,10,0,0.0,0,0.11047712713479996,accept,0,0,0,0,0,0,0,0,0,0
drop,clean+shift,12,1,MultiPeerObjectGuard,0,10,0,0.0,0,0.11513280868530273,accept,0,0,0,0,12,12,12,12,0,0
drop,clean+shift,12,2,EgoOnly,0,10,0,0.0,0,0.14528588950634003,,0,0,0,0,0,0,0,0,0,0
drop,clean+shift,12,2,CleanCoop,0,10,0,0.0,0,0.11932884901762009,,0,0,0,0,0,0,0,0,0,0
drop,clean+shift,12,2,PrimaryRaw,0,10,0,0.0,0,0.1299857795238495,,0,0,0,0,0,0,0,0,0,0
drop,clean+shift,12,2,PrimaryTrustCalib,0,10,0,0.0,0,0.1299857795238495,accept,0,0,0,0,0,0,0,0,0,0
drop,clean+shift,12,2,MultiPeerObjectGuard,0,10,0,0.0,0,0.11612468957901001,accept,0,0,0,0,12,12,12,12,0,0
drop,clean+shift,12,3,EgoOnly,0,10,0,0.0,0,0.1462281197309494,,0,0,0,0,0,0,0,0,0,0
drop,clean+shift,12,3,CleanCoop,0,10,0,0.0,0,0.11887969821691513,,0,0,0,0,0,0,0,0,0,0
drop,clean+shift,12,3,PrimaryRaw,0,10,0,0.0,0,0.13075833022594452,,0,0,0,0,0,0,0,0,0,0
drop,clean+shift,12,3,PrimaryTrustCalib,0,10,0,0.0,0,0.13075833022594452,accept,0,0,0,0,0,0,0,0,0,0
drop,clean+shift,12,3,MultiPeerObjectGuard,0,10,0,0.0,0,0.11887972801923752,accept,0,0,0,0,14,14,14,14,0,0
drop,clean+shift,12,4,EgoOnly,0,10,0,0.0,0,0.14383330941200256,,0,0,0,0,0,0,0,0,0,0
drop,clean+shift,12,4,CleanCoop,0,10,0,0.0,0,0.1203032061457634,,0,0,0,0,0,0,0,0,0,0
drop,clean+shift,12,4,PrimaryRaw,0,10,0,0.0,0,0.1384858340024948,,0,0,0,0,0,0,0,0,0,0
drop,clean+shift,12,4,PrimaryTrustCalib,0,10,0,0.0,0,0.1384858340024948,accept,0,0,0,0,0,0,0,0,0,0
drop,clean+shift,12,4,MultiPeerObjectGuard,0,10,0,0.0,0,0.1203032061457634,accept,0,0,0,0,17,17,17,17,0,0
drop,clean+shift,12,5,EgoOnly,0,10,0,0.0,0,0.13482937216758728,,0,0,0,0,0,0,0,0,0,0
drop,clean+shift,12,5,CleanCoop,0,10,0,0.0,0,0.11830943077802658,,0,0,0,0,0,0,0,0,0,0
drop,clean+shift,12,5,PrimaryRaw,0,10,0,0.0,0,0.13307972252368927,,0,0,0,0,0,0,0,0,0,0
drop,clean+shift,12,5,PrimaryTrustCalib,0,10,0,0.0,0,0.13307972252368927,accept,0,0,0,0,0,0,0,0,0,0
drop,clean+shift,12,5,MultiPeerObjectGuard,0,10,0,0.0,0,0.1183094009757042,accept,0,0,0,0,14,14,14,14,0,0
drop,clean+shift,12,6,EgoOnly,0,10,0,0.0,0,0.13432541489601135,,0,0,0,0,0,0,0,0,0,0
drop,clean+shift,12,6,CleanCoop,0,10,0,0.0,0,0.11030985414981842,,0,0,0,0,0,0,0,0,0,0
drop,clean+shift,12,6,PrimaryRaw,0,10,0,0.0,0,0.09917894750833511,,0,0,0,0,0,0,0,0,0,0
drop,clean+shift,12,6,PrimaryTrustCalib,0,10,0,0.0,0,0.09917894750833511,accept,0,0,0,0,0,0,0,0,0,0
drop,clean+shift,12,6,MultiPeerObjectGuard,0,10,0,0.0,0,0.10364006459712982,accept,0,0,0,0,11,11,11,11,0,0
drop,clean+shift,12,7,EgoOnly,0,10,0,0.0,0,0.1827940195798874,,0,0,0,0,0,0,0,0,0,0
drop,clean+shift,12,7,CleanCoop,0,10,0,0.0,0,0.10671420395374298,,0,0,0,0,0,0,0,0,0,0
drop,clean+shift,12,7,PrimaryRaw,0,10,0,0.0,0,0.08929546922445297,,0,0,0,0,0,0,0,0,0,0
drop,clean+shift,12,7,PrimaryTrustCalib,0,10,0,0.0,0,0.08929546922445297,accept,0,0,0,0,0,0,0,0,0,0
drop,clean+shift,12,7,MultiPeerObjectGuard,0,10,0,0.0,0,0.10417228937149048,accept,0,0,0,0,13,13,13,13,0,0
drop,clean+shift,12,8,EgoOnly,0,10,0,0.0,0,0.22359293699264526,,0,0,0,0,0,0,0,0,0,0
drop,clean+shift,12,8,CleanCoop,0,10,0,0.0,0,0.10668100416660309,,0,0,0,0,0,0,0,0,0,0
drop,clean+shift,12,8,PrimaryRaw,0,10,0,0.0,0,0.11688204109668732,,0,0,0,0,0,0,0,0,0,0
drop,clean+shift,12,8,PrimaryTrustCalib,0,10,0,0.0,0,0.11688204109668732,accept,0,0,0,0,0,0,0,0,0,0
drop,clean+shift,12,8,MultiPeerObjectGuard,0,10,0,0.0,0,0.10660872608423233,accept,0,0,0,0,16,16,16,16,0,0
drop,clean+shift,12,9,EgoOnly,0,10,1,0.0,0,0.30967971682548523,,0,0,0,0,0,0,0,0,0,0
drop,clean+shift,12,9,CleanCoop,0,10,0,0.0,0,0.11145170778036118,,0,0,0,0,0,0,0,0,0,0
drop,clean+shift,12,9,PrimaryRaw,0,10,0,0.0,0,0.10671505331993103,,0,0,0,0,0,0,0,0,0,0
drop,clean+shift,12,9,PrimaryTrustCalib,0,10,0,0.0,0,0.10671505331993103,accept,0,0,0,0,0,0,0,0,0,0
drop,clean+shift,12,9,MultiPeerObjectGuard,0,10,0,0.0,0,0.11174610257148743,accept,0,0,0,0,13,13,13,13,0,0
drop,clean+shift,12,10,EgoOnly,0,10,1,0.0,0,0.4019470810890198,,0,0,0,0,0,0,0,0,0,0
drop,clean+shift,12,10,CleanCoop,0,10,0,0.0,0,0.1185947135090828,,0,0,0,0,0,0,0,0,0,0
drop,clean+shift,12,10,PrimaryRaw,0,10,0,0.0,0,0.14276839792728424,,0,0,0,0,0,0,0,0,0,0
drop,clean+shift,12,10,PrimaryTrustCalib,0,10,0,0.0,0,0.14276839792728424,accept,0,0,0,0,0,0,0,0,0,0
drop,clean+shift,12,10,MultiPeerObjectGuard,0,10,0,0.0,0,0.11984360218048096,accept,0,0,0,0,17,17,17,17,0,0
drop,clean+shift,12,11,EgoOnly,0,10,1,0.0,0,0.6561183333396912,,0,0,0,0,0,0,0,0,0,0
drop,clean+shift,12,11,CleanCoop,0,10,0,0.0,0,0.12641072273254395,,0,0,0,0,0,0,0,0,0,0
drop,clean+shift,12,11,PrimaryRaw,0,10,0,0.0,0,0.15183621644973755,,0,0,0,0,0,0,0,0,0,0
drop,clean+shift,12,11,PrimaryTrustCalib,0,10,0,0.0,0,0.15183621644973755,accept,0,0,0,0,0,0,0,0,0,0
drop,clean+shift,12,11,MultiPeerObjectGuard,0,10,0,0.0,0,0.12641067802906036,accept,0,0,0,0,15,15,15,15,0,0
drop,clean+shift,12,12,EgoOnly,0,10,1,0.0,0,0.8061890006065369,,0,0,0,0,0,0,0,0,0,0
drop,clean+shift,12,12,CleanCoop,0,10,0,0.0,0,0.14124038815498352,,0,0,0,0,0,0,0,0,0,0
drop,clean+shift,12,12,PrimaryRaw,0,10,0,0.0,0,0.22677743434906006,,0,0,0,0,0,0,0,0,0,0
drop,clean+shift,12,12,PrimaryTrustCalib,0,10,0,0.0,0,0.22677743434906006,accept,0,0,0,0,0,0,0,0,0,0
drop,clean+shift,12,12,MultiPeerObjectGuard,0,10,0,0.0,0,0.14124038815498352,accept,0,0,0,0,17,17,17,17,0,0
drop,clean+shift,12,13,EgoOnly,0,10,1,0.0,0,0.8587881326675415,,0,0,0,0,0,0,0,0,0,0
drop,clean+shift,12,13,CleanCoop,0,10,0,0.0,0,0.1669478416442871,,0,0,0,0,0,0,0,0,0,0
drop,clean+shift,12,13,PrimaryRaw,0,10,0,0.0,0,0.2050192803144455,,0,0,0,0,0,0,0,0,0,0
drop,clean+shift,12,13,PrimaryTrustCalib,0,10,0,0.0,0,0.2050192803144455,accept,0,0,0,0,0,0,0,0,0,0
drop,clean+shift,12,13,MultiPeerObjectGuard,0,10,0,0.0,0,0.16694782674312592,accept,0,0,0,0,16,16,16,16,0,0
drop,clean+shift,12,14,EgoOnly,0,10,1,0.0,0,0.8869273066520691,,0,0,0,0,0,0,0,0,0,0
drop,clean+shift,12,14,CleanCoop,0,10,0,0.0,0,0.20666541159152985,,0,0,0,0,0,0,0,0,0,0
drop,clean+shift,12,14,PrimaryRaw,0,10,0,0.0,0,0.23676835000514984,,0,0,0,0,0,0,0,0,0,0
drop,clean+shift,12,14,PrimaryTrustCalib,0,10,0,0.0,0,0.23676835000514984,accept,0,0,0,0,0,0,0,0,0,0
drop,clean+shift,12,14,MultiPeerObjectGuard,0,10,0,0.0,0,0.20660777390003204,accept,0,0,0,0,16,16,16,16,0,0
drop,clean+shift,12,15,EgoOnly,0,10,1,0.0,0,0.9073237180709839,,0,0,0,0,0,0,0,0,0,0
drop,clean+shift,12,15,CleanCoop,0,10,0,0.0,0,0.24778659641742706,,0,0,0,0,0,0,0,0,0,0
drop,clean+shift,12,15,PrimaryRaw,0,10,1,0.0,0,0.3053675889968872,,0,0,0,0,0,0,0,0,0,0
drop,clean+shift,12,15,PrimaryTrustCalib,0,10,1,0.0,0,0.3053675889968872,accept,0,0,0,0,0,0,0,0,0,0
drop,clean+shift,12,15,MultiPeerObjectGuard,0,10,0,0.0,0,0.24778662621974945,accept,0,0,0,0,14,14,14,14,0,0
drop,clean+shift,12,16,EgoOnly,0,10,1,0.0,0,0.9189062714576721,,0,0,0,0,0,0,0,0,0,0
drop,clean+shift,12,16,CleanCoop,0,10,0,0.0,0,0.2577671408653259,,0,0,0,0,0,0,0,0,0,0
drop,clean+shift,12,16,PrimaryRaw,0,10,1,0.0,0,0.46302729845046997,,0,0,0,0,0,0,0,0,0,0
drop,clean+shift,12,16,PrimaryTrustCalib,0,10,1,0.0,0,0.46302729845046997,accept,0,0,0,0,0,0,0,0,0,0
drop,clean+shift,12,16,MultiPeerObjectGuard,0,10,0,0.0,0,0.2577671408653259,accept,0,0,0,0,15,15,15,15,0,0
drop,clean+shift,12,17,EgoOnly,0,10,1,0.0,0,0.8435673117637634,,0,0,0,0,0,0,0,0,0,0
drop,clean+shift,12,17,CleanCoop,0,10,1,0.0,0,0.33347970247268677,,0,0,0,0,0,0,0,0,0,0
drop,clean+shift,12,17,PrimaryRaw,0,10,1,0.0,0,0.5884076952934265,,0,0,0,0,0,0,0,0,0,0
drop,clean+shift,12,17,PrimaryTrustCalib,0,10,1,0.0,0,0.5884076952934265,accept,0,0,0,0,0,0,0,0,0,0
drop,clean+shift,12,17,MultiPeerObjectGuard,0,10,1,0.0,0,0.33347970247268677,accept,0,0,0,0,13,13,13,13,0,0
drop,clean+shift,12,18,EgoOnly,0,10,1,0.1,1,0.9085433483123779,,0,0,0,0,0,0,0,0,0,0
drop,clean+shift,12,18,CleanCoop,0,10,1,0.1,1,0.1576777547597885,,0,0,0,0,0,0,0,0,0,0
drop,clean+shift,12,18,PrimaryRaw,0,10,1,0.1,1,0.1814952939748764,,0,0,0,0,0,0,0,0,0,0
drop,clean+shift,12,18,PrimaryTrustCalib,0,10,1,0.1,1,0.1814952939748764,accept,0,0,0,0,0,0,0,0,0,0
drop,clean+shift,12,18,MultiPeerObjectGuard,0,10,1,0.1,1,0.15767773985862732,accept,0,0,0,0,14,14,14,14,0,0
drop,clean+shift,12,19,EgoOnly,0,10,1,0.1,1,0.8534132838249207,,0,0,0,0,0,0,0,0,0,0
drop,clean+shift,12,19,CleanCoop,0,10,1,0.1,1,0.1518813818693161,,0,0,0,0,0,0,0,0,0,0
drop,clean+shift,12,19,PrimaryRaw,0,10,1,0.1,1,0.48666977882385254,,0,0,0,0,0,0,0,0,0,0
drop,clean+shift,12,19,PrimaryTrustCalib,0,10,1,0.1,1,0.48666977882385254,accept,0,0,0,0,0,0,0,0,0,0
drop,clean+shift,12,19,MultiPeerObjectGuard,0,10,1,0.1,1,0.3293662369251251,accept,0,0,0,0,15,15,15,15,0,0
drop,clean+shift,14,0,EgoOnly,0,10,1,1.0,10,0.21326719224452972,,0,0,0,0,0,0,0,0,0,0
drop,clean+shift,14,0,CleanCoop,0,10,1,1.0,10,0.25504621863365173,,0,0,0,0,0,0,0,0,0,0
drop,clean+shift,14,0,PrimaryRaw,0,10,1,1.0,10,0.18187452852725983,,0,0,0,0,0,0,0,0,0,0
drop,clean+shift,14,0,PrimaryTrustCalib,0,10,1,1.0,10,0.18187452852725983,accept,0,0,0,0,0,0,0,0,0,0
drop,clean+shift,14,0,MultiPeerObjectGuard,0,10,1,1.0,10,0.20271241664886475,accept,0,0,0,0,9,9,9,9,0,0
drop,clean+shift,14,1,EgoOnly,0,10,0,0.0,0,0.21110652387142181,,0,0,0,0,0,0,0,0,0,0
drop,clean+shift,14,1,CleanCoop,0,10,0,0.0,0,0.2528553903102875,,0,0,0,0,0,0,0,0,0,0
drop,clean+shift,14,1,PrimaryRaw,0,10,0,0.0,0,0.21113529801368713,,0,0,0,0,0,0,0,0,0,0
drop,clean+shift,14,1,PrimaryTrustCalib,0,10,0,0.0,0,0.21113529801368713,accept,0,0,0,0,0,0,0,0,0,0
drop,clean+shift,14,1,MultiPeerObjectGuard,0,10,0,0.0,0,0.24146176874637604,accept,0,0,0,0,10,10,10,10,0,0
drop,clean+shift,14,2,EgoOnly,0,10,0,0.0,0,0.2088356614112854,,0,0,0,0,0,0,0,0,0,0
drop,clean+shift,14,2,CleanCoop,0,10,0,0.0,0,0.2503722906112671,,0,0,0,0,0,0,0,0,0,0
drop,clean+shift,14,2,PrimaryRaw,0,10,0,0.0,0,0.17776665091514587,,0,0,0,0,0,0,0,0,0,0
drop,clean+shift,14,2,PrimaryTrustCalib,0,10,0,0.0,0,0.17776665091514587,accept,0,0,0,0,0,0,0,0,0,0
drop,clean+shift,14,2,MultiPeerObjectGuard,0,10,0,0.0,0,0.19840489327907562,accept,0,0,0,0,10,10,10,10,0,0
drop,clean+shift,14,3,EgoOnly,0,10,1,0.2,2,0.2154216319322586,,0,0,0,0,0,0,0,0,0,0
drop,clean+shift,14,3,CleanCoop,0,10,1,0.2,2,0.25110262632369995,,0,0,0,0,0,0,0,0,0,0
drop,clean+shift,14,3,PrimaryRaw,0,10,1,0.2,2,0.183621346950531,,0,0,0,0,0,0,0,0,0,0
drop,clean+shift,14,3,PrimaryTrustCalib,0,10,1,0.2,2,0.183621346950531,accept,0,0,0,0,0,0,0,0,0,0
drop,clean+shift,14,3,MultiPeerObjectGuard,0,10,1,0.2,2,0.18727374076843262,accept,0,0,0,0,9,9,9,9,0,0
drop,clean+shift,14,4,EgoOnly,0,10,1,0.2,2,0.21156075596809387,,0,0,0,0,0,0,0,0,0,0
drop,clean+shift,14,4,CleanCoop,0,10,1,0.2,2,0.339692085981369,,0,0,0,0,0,0,0,0,0,0
drop,clean+shift,14,4,PrimaryRaw,0,10,1,0.2,2,0.1741858720779419,,0,0,0,0,0,0,0,0,0,0
drop,clean+shift,14,4,PrimaryTrustCalib,0,10,1,0.2,2,0.1741858720779419,accept,0,0,0,0,0,0,0,0,0,0
drop,clean+shift,14,4,MultiPeerObjectGuard,0,10,1,0.2,2,0.1741858720779419,accept,0,0,0,0,9,9,9,9,0,0
drop,clean+shift,14,5,EgoOnly,0,10,1,0.1,1,0.17747807502746582,,0,0,0,0,0,0,0,0,0,0
drop,clean+shift,14,5,CleanCoop,0,10,1,0.1,1,0.2941591739654541,,0,0,0,0,0,0,0,0,0,0
drop,clean+shift,14,5,PrimaryRaw,0,10,1,0.1,1,0.3021884262561798,,0,0,0,0,0,0,0,0,0,0
drop,clean+shift,14,5,PrimaryTrustCalib,0,10,1,0.1,1,0.3021884262561798,accept,0,0,0,0,0,0,0,0,0,0
drop,clean+shift,14,5,MultiPeerObjectGuard,0,10,1,0.1,1,0.2941591739654541,accept,0,0,0,0,10,10,10,10,0,0
drop,clean+shift,14,6,EgoOnly,0,10,1,0.1,1,0.2195167988538742,,0,0,0,0,0,0,0,0,0,0
drop,clean+shift,14,6,CleanCoop,0,10,1,0.1,1,0.26289230585098267,,0,0,0,0,0,0,0,0,0,0
drop,clean+shift,14,6,PrimaryRaw,0,10,1,0.1,1,0.20598317682743073,,0,0,0,0,0,0,0,0,0,0
drop,clean+shift,14,6,PrimaryTrustCalib,0,10,1,0.1,1,0.20598317682743073,accept,0,0,0,0,0,0,0,0,0,0
drop,clean+shift,14,6,MultiPeerObjectGuard,0,10,1,0.1,1,0.20598317682743073,accept,0,0,0,0,10,10,10,10,0,0
drop,clean+shift,14,7,EgoOnly,0,10,1,0.2,2,0.23648075759410858,,0,0,0,0,0,0,0,0,0,0
drop,clean+shift,14,7,CleanCoop,0,10,1,0.2,2,0.2617097496986389,,0,0,0,0,0,0,0,0,0,0
drop,clean+shift,14,7,PrimaryRaw,0,10,1,0.2,2,0.32573384046554565,,0,0,0,0,0,0,0,0,0,0
drop,clean+shift,14,7,PrimaryTrustCalib,0,10,1,0.2,2,0.32573384046554565,accept,0,0,0,0,0,0,0,0,0,0
drop,clean+shift,14,7,MultiPeerObjectGuard,0,10,1,0.2,2,0.32573384046554565,accept,0,0,0,0,10,10,10,10,0,0
drop,clean+shift,14,8,EgoOnly,0,10,1,0.1,1,0.23272015154361725,,0,0,0,0,0,0,0,0,0,0
drop,clean+shift,14,8,CleanCoop,0,10,1,0.1,1,0.3363262116909027,,0,0,0,0,0,0,0,0,0,0
drop,clean+shift,14,8,PrimaryRaw,0,10,1,0.1,1,0.2171894907951355,,0,0,0,0,0,0,0,0,0,0
drop,clean+shift,14,8,PrimaryTrustCalib,0,10,1,0.1,1,0.2171894907951355,accept,0,0,0,0,0,0,0,0,0,0
drop,clean+shift,14,8,MultiPeerObjectGuard,0,10,1,0.1,1,0.2171894907951355,accept,0,0,0,0,9,9,9,9,0,0
drop,clean+shift,14,9,EgoOnly,0,10,1,0.1,1,0.18938347697257996,,0,0,0,0,0,0,0,0,0,0
drop,clean+shift,14,9,CleanCoop,0,10,1,0.1,1,0.25984326004981995,,0,0,0,0,0,0,0,0,0,0
drop,clean+shift,14,9,PrimaryRaw,0,10,1,0.1,1,0.2092151790857315,,0,0,0,0,0,0,0,0,0,0
drop,clean+shift,14,9,PrimaryTrustCalib,0,10,1,0.1,1,0.2092151790857315,accept,0,0,0,0,0,0,0,0,0,0
drop,clean+shift,14,9,MultiPeerObjectGuard,0,10,1,0.1,1,0.2092151790857315,accept,0,0,0,0,8,8,8,8,0,0
drop,clean+shift,14,10,EgoOnly,0,10,1,0.1,1,0.19276063144207,,0,0,0,0,0,0,0,0,0,0
drop,clean+shift,14,10,CleanCoop,0,10,1,0.1,1,0.25679811835289,,0,0,0,0,0,0,0,0,0,0
drop,clean+shift,14,10,PrimaryRaw,0,10,1,0.1,1,0.19469645619392395,,0,0,0,0,0,0,0,0,0,0
drop,clean+shift,14,10,PrimaryTrustCalib,0,10,1,0.1,1,0.19469645619392395,accept,0,0,0,0,0,0,0,0,0,0
drop,clean+shift,14,10,MultiPeerObjectGuard,0,10,1,0.1,1,0.2084311842918396,accept,0,0,0,0,12,12,12,12,0,0
drop,clean+shift,14,11,EgoOnly,0,10,1,0.1,1,0.20646242797374725,,0,0,0,0,0,0,0,0,0,0
drop,clean+shift,14,11,CleanCoop,0,10,1,0.1,1,0.2642810046672821,,0,0,0,0,0,0,0,0,0,0
drop,clean+shift,14,11,PrimaryRaw,0,10,1,0.1,1,0.19264750182628632,,0,0,0,0,0,0,0,0,0,0
drop,clean+shift,14,11,PrimaryTrustCalib,0,10,1,0.1,1,0.19264750182628632,accept,0,0,0,0,0,0,0,0,0,0
drop,clean+shift,14,11,MultiPeerObjectGuard,0,10,1,0.1,1,0.23845183849334717,accept,0,0,0,0,14,14,14,14,0,0
drop,clean+shift,14,12,EgoOnly,0,10,1,0.1,1,0.1976715475320816,,0,0,0,0,0,0,0,0,0,0
drop,clean+shift,14,12,CleanCoop,0,10,1,0.1,1,0.271071195602417,,0,0,0,0,0,0,0,0,0,0
drop,clean+shift,14,12,PrimaryRaw,0,10,1,0.1,1,0.2729529142379761,,0,0,0,0,0,0,0,0,0,0
drop,clean+shift,14,12,PrimaryTrustCalib,0,10,1,0.1,1,0.2729529142379761,accept,0,0,0,0,0,0,0,0,0,0
drop,clean+shift,14,12,MultiPeerObjectGuard,0,10,1,0.1,1,0.27461424469947815,accept,0,0,0,0,13,13,13,13,0,0
drop,clean+shift,14,13,EgoOnly,0,10,1,0.1,1,0.33696672320365906,,0,0,0,0,0,0,0,0,0,0
drop,clean+shift,14,13,CleanCoop,0,10,1,0.1,1,0.26940077543258667,,0,0,0,0,0,0,0,0,0,0
drop,clean+shift,14,13,PrimaryRaw,0,10,1,0.1,1,0.35592058300971985,,0,0,0,0,0,0,0,0,0,0
drop,clean+shift,14,13,PrimaryTrustCalib,0,10,1,0.1,1,0.35592058300971985,accept,0,0,0,0,0,0,0,0,0,0
drop,clean+shift,14,13,MultiPeerObjectGuard,0,10,1,0.1,1,0.27039992809295654,accept,0,0,0,0,14,14,14,14,0,0
drop,clean+shift,14,14,EgoOnly,0,10,1,0.1,1,0.2483895868062973,,0,0,0,0,0,0,0,0,0,0
drop,clean+shift,14,14,CleanCoop,0,10,1,0.1,1,0.2880418002605438,,0,0,0,0,0,0,0,0,0,0
drop,clean+shift,14,14,PrimaryRaw,0,10,1,0.1,1,0.28023791313171387,,0,0,0,0,0,0,0,0,0,0
drop,clean+shift,14,14,PrimaryTrustCalib,0,10,1,0.1,1,0.28023791313171387,accept,0,0,0,0,0,0,0,0,0,0
drop,clean+shift,14,14,MultiPeerObjectGuard,0,10,1,0.1,1,0.36337199807167053,accept,0,0,0,0,15,15,15,15,0,0
drop,clean+shift,14,15,EgoOnly,0,10,1,0.0,0,0.35019075870513916,,0,0,0,0,0,0,0,0,0,0
drop,clean+shift,14,15,CleanCoop,0,10,1,0.1,1,0.3134940266609192,,0,0,0,0,0,0,0,0,0,0
drop,clean+shift,14,15,PrimaryRaw,0,10,1,0.0,0,0.4244373142719269,,0,0,0,0,0,0,0,0,0,0
drop,clean+shift,14,15,PrimaryTrustCalib,0,10,1,0.0,0,0.4244373142719269,accept,0,0,0,0,0,0,0,0,0,0
drop,clean+shift,14,15,MultiPeerObjectGuard,0,10,1,0.1,1,0.3984385132789612,accept,0,0,0,0,12,12,12,12,0,0
drop,clean+shift,14,16,EgoOnly,0,10,0,0.0,0,0.2652733027935028,,0,0,0,0,0,0,0,0,0,0
drop,clean+shift,14,16,CleanCoop,0,10,1,0.1,1,0.30814674496650696,,0,0,0,0,0,0,0,0,0,0
drop,clean+shift,14,16,PrimaryRaw,0,10,1,0.0,0,0.30068716406822205,,0,0,0,0,0,0,0,0,0,0
drop,clean+shift,14,16,PrimaryTrustCalib,0,10,1,0.0,0,0.30068716406822205,accept,0,0,0,0,0,0,0,0,0,0
drop,clean+shift,14,16,MultiPeerObjectGuard,0,10,1,0.1,1,0.3241327702999115,accept,0,0,0,0,12,12,12,12,0,0
drop,clean+shift,14,17,EgoOnly,0,10,0,0.0,0,0.2624236047267914,,0,0,0,0,0,0,0,0,0,0
drop,clean+shift,14,17,CleanCoop,0,10,1,0.0,0,0.3125392198562622,,0,0,0,0,0,0,0,0,0,0
drop,clean+shift,14,17,PrimaryRaw,0,10,0,0.0,0,0.26834407448768616,,0,0,0,0,0,0,0,0,0,0
drop,clean+shift,14,17,PrimaryTrustCalib,0,10,0,0.0,0,0.26834407448768616,accept,0,0,0,0,0,0,0,0,0,0
drop,clean+shift,14,17,MultiPeerObjectGuard,0,10,0,0.0,0,0.26834407448768616,accept,0,0,0,0,10,10,10,10,0,0
drop,clean+shift,14,18,EgoOnly,0,10,0,0.0,0,0.2886853814125061,,0,0,0,0,0,0,0,0,0,0
drop,clean+shift,14,18,CleanCoop,0,10,1,0.0,0,0.3179160952568054,,0,0,0,0,0,0,0,0,0,0
drop,clean+shift,14,18,PrimaryRaw,0,10,1,0.0,0,0.3651590049266815,,0,0,0,0,0,0,0,0,0,0
drop,clean+shift,14,18,PrimaryTrustCalib,0,10,1,0.0,0,0.3651590049266815,accept,0,0,0,0,0,0,0,0,0,0
drop,clean+shift,14,18,MultiPeerObjectGuard,0,10,1,0.0,0,0.35623297095298767,accept,0,0,0,0,12,12,12,12,0,0
drop,clean+shift,14,19,EgoOnly,0,10,1,0.0,0,0.36014869809150696,,0,0,0,0,0,0,0,0,0,0
drop,clean+shift,14,19,CleanCoop,0,10,1,0.0,0,0.33675312995910645,,0,0,0,0,0,0,0,0,0,0
drop,clean+shift,14,19,PrimaryRaw,0,10,1,0.0,0,0.4828236997127533,,0,0,0,0,0,0,0,0,0,0
drop,clean+shift,14,19,PrimaryTrustCalib,0,10,1,0.0,0,0.4828236997127533,accept,0,0,0,0,0,0,0,0,0,0
drop,clean+shift,14,19,MultiPeerObjectGuard,0,10,1,0.0,0,0.4828236997127533,accept,0,0,0,0,10,10,10,10,0,0
drop,clean+shift,21,0,EgoOnly,0,10,1,0.3,3,0.14543090760707855,,0,0,0,0,0,0,0,0,0,0
drop,clean+shift,21,0,CleanCoop,0,10,1,0.3,3,0.15055783092975616,,0,0,0,0,0,0,0,0,0,0
drop,clean+shift,21,0,PrimaryRaw,0,10,1,0.3,3,0.18705390393733978,,0,0,0,0,0,0,0,0,0,0
drop,clean+shift,21,0,PrimaryTrustCalib,0,10,1,0.3,3,0.18705390393733978,accept,0,0,0,0,0,0,0,0,0,0
drop,clean+shift,21,0,MultiPeerObjectGuard,0,10,1,0.3,3,0.1652858555316925,accept,0,0,0,0,11,11,11,11,0,0
drop,clean+shift,21,1,EgoOnly,0,10,1,0.3,3,0.15409569442272186,,0,0,0,0,0,0,0,0,0,0
drop,clean+shift,21,1,CleanCoop,0,10,1,0.3,3,0.14432086050510406,,0,0,0,0,0,0,0,0,0,0
drop,clean+shift,21,1,PrimaryRaw,0,10,1,0.3,3,0.16115200519561768,,0,0,0,0,0,0,0,0,0,0
drop,clean+shift,21,1,PrimaryTrustCalib,0,10,1,0.3,3,0.16115200519561768,accept,0,0,0,0,0,0,0,0,0,0
drop,clean+shift,21,1,MultiPeerObjectGuard,0,10,1,0.3,3,0.14210906624794006,accept,0,0,0,0,9,9,9,9,0,0
drop,clean+shift,21,2,EgoOnly,0,10,1,0.3,3,0.1338755339384079,,0,0,0,0,0,0,0,0,0,0
drop,clean+shift,21,2,CleanCoop,0,10,1,0.3,3,0.14185574650764465,,0,0,0,0,0,0,0,0,0,0
drop,clean+shift,21,2,PrimaryRaw,0,10,1,0.3,3,0.13567450642585754,,0,0,0,0,0,0,0,0,0,0
drop,clean+shift,21,2,PrimaryTrustCalib,0,10,1,0.3,3,0.13567450642585754,accept,0,0,0,0,0,0,0,0,0,0
drop,clean+shift,21,2,MultiPeerObjectGuard,0,10,1,0.3,3,0.1409216821193695,accept,0,0,0,0,14,14,14,14,0,0
drop,clean+shift,21,3,EgoOnly,0,10,1,0.3,3,0.1448509693145752,,0,0,0,0,0,0,0,0,0,0
drop,clean+shift,21,3,CleanCoop,0,10,1,0.3,3,0.14946985244750977,,0,0,0,0,0,0,0,0,0,0
drop,clean+shift,21,3,PrimaryRaw,0,10,1,0.3,3,0.14332695305347443,,0,0,0,0,0,0,0,0,0,0
drop,clean+shift,21,3,PrimaryTrustCalib,0,10,1,0.3,3,0.14332695305347443,accept,0,0,0,0,0,0,0,0,0,0
drop,clean+shift,21,3,MultiPeerObjectGuard,0,10,1,0.3,3,0.15130619704723358,accept,0,0,0,0,9,9,9,9,0,0
drop,clean+shift,21,4,EgoOnly,0,10,1,0.2,2,0.1520305573940277,,0,0,0,0,0,0,0,0,0,0
drop,clean+shift,21,4,CleanCoop,0,10,1,0.2,2,0.14212387800216675,,0,0,0,0,0,0,0,0,0,0
drop,clean+shift,21,4,PrimaryRaw,0,10,1,0.2,2,0.12888646125793457,,0,0,0,0,0,0,0,0,0,0
drop,clean+shift,21,4,PrimaryTrustCalib,0,10,1,0.2,2,0.12888646125793457,accept,0,0,0,0,0,0,0,0,0,0
drop,clean+shift,21,4,MultiPeerObjectGuard,0,10,1,0.2,2,0.14496532082557678,accept,0,0,0,0,16,16,16,16,0,0
drop,clean+shift,21,5,EgoOnly,0,10,1,0.1,1,0.12091058492660522,,0,0,0,0,0,0,0,0,0,0
drop,clean+shift,21,5,CleanCoop,0,10,1,0.1,1,0.13849933445453644,,0,0,0,0,0,0,0,0,0,0
drop,clean+shift,21,5,PrimaryRaw,0,10,1,0.1,1,0.135957270860672,,0,0,0,0,0,0,0,0,0,0
drop,clean+shift,21,5,PrimaryTrustCalib,0,10,1,0.1,1,0.135957270860672,accept,0,0,0,0,0,0,0,0,0,0
drop,clean+shift,21,5,MultiPeerObjectGuard,0,10,1,0.1,1,0.13859418034553528,accept,0,0,0,0,9,9,9,9,0,0
drop,clean+shift,21,6,EgoOnly,0,10,0,0.0,0,0.12365857511758804,,0,0,0,0,0,0,0,0,0,0
drop,clean+shift,21,6,CleanCoop,0,10,0,0.0,0,0.1471041589975357,,0,0,0,0,0,0,0,0,0,0
drop,clean+shift,21,6,PrimaryRaw,0,10,0,0.0,0,0.14297808706760406,,0,0,0,0,0,0,0,0,0,0
drop,clean+shift,21,6,PrimaryTrustCalib,0,10,0,0.0,0,0.14297808706760406,accept,0,0,0,0,0,0,0,0,0,0
drop,clean+shift,21,6,MultiPeerObjectGuard,0,10,0,0.0,0,0.13812963664531708,accept,0,0,0,0,13,13,13,13,0,0
drop,clean+shift,21,7,EgoOnly,0,10,0,0.0,0,0.12913388013839722,,0,0,0,0,0,0,0,0,0,0
drop,clean+shift,21,7,CleanCoop,0,10,0,0.0,0,0.13952261209487915,,0,0,0,0,0,0,0,0,0,0
drop,clean+shift,21,7,PrimaryRaw,0,10,0,0.0,0,0.14811867475509644,,0,0,0,0,0,0,0,0,0,0
drop,clean+shift,21,7,PrimaryTrustCalib,0,10,0,0.0,0,0.14811867475509644,accept,0,0,0,0,0,0,0,0,0,0
drop,clean+shift,21,7,MultiPeerObjectGuard,0,10,0,0.0,0,0.13288836181163788,accept,0,0,0,0,12,12,12,12,0,0
drop,clean+shift,21,8,EgoOnly,0,10,0,0.0,0,0.21506987512111664,,0,0,0,0,0,0,0,0,0,0
drop,clean+shift,21,8,CleanCoop,0,10,0,0.0,0,0.14641770720481873,,0,0,0,0,0,0,0,0,0,0
drop,clean+shift,21,8,PrimaryRaw,0,10,0,0.0,0,0.1604631543159485,,0,0,0,0,0,0,0,0,0,0
drop,clean+shift,21,8,PrimaryTrustCalib,0,10,0,0.0,0,0.1604631543159485,accept,0,0,0,0,0,0,0,0,0,0
drop,clean+shift,21,8,MultiPeerObjectGuard,0,10,0,0.0,0,0.16556909680366516,accept,0,0,0,0,10,10,10,10,0,0
drop,clean+shift,21,9,EgoOnly,0,10,1,0.3,3,0.20770184695720673,,0,0,0,0,0,0,0,0,0,0
drop,clean+shift,21,9,CleanCoop,0,10,1,0.3,3,0.1705644130706787,,0,0,0,0,0,0,0,0,0,0
drop,clean+shift,21,9,PrimaryRaw,0,10,1,0.3,3,0.1282106339931488,,0,0,0,0,0,0,0,0,0,0
drop,clean+shift,21,9,PrimaryTrustCalib,0,10,1,0.3,3,0.1282106339931488,accept,0,0,0,0,0,0,0,0,0,0
drop,clean+shift,21,9,MultiPeerObjectGuard,0,10,1,0.3,3,0.15786774456501007,accept,0,0,0,0,19,19,19,19,0,0
drop,clean+shift,21,10,EgoOnly,0,10,0,0.0,0,0.15347979962825775,,0,0,0,0,0,0,0,0,0,0
drop,clean+shift,21,10,CleanCoop,0,10,1,0.3,3,0.18396952748298645,,0,0,0,0,0,0,0,0,0,0
drop,clean+shift,21,10,PrimaryRaw,0,10,0,0.0,0,0.169618621468544,,0,0,0,0,0,0,0,0,0,0
drop,clean+shift,21,10,PrimaryTrustCalib,0,10,0,0.0,0,0.169618621468544,accept,0,0,0,0,0,0,0,0,0,0
drop,clean+shift,21,10,MultiPeerObjectGuard,0,10,1,0.3,3,0.17366541922092438,accept,0,0,0,0,13,13,13,13,0,0
drop,clean+shift,21,11,EgoOnly,2,10,0,0.0,0,0.20522791147232056,,0,0,0,0,0,0,0,0,0,0
drop,clean+shift,21,11,CleanCoop,1,10,1,0.3,3,0.18618325889110565,,0,0,0,0,0,0,0,0,0,0
drop,clean+shift,21,11,PrimaryRaw,2,10,0,0.0,0,0.2546640634536743,,0,0,0,0,0,0,0,0,0,0
drop,clean+shift,21,11,PrimaryTrustCalib,2,10,0,0.0,0,0.2546640634536743,accept,0,0,0,0,0,0,0,0,0,0
drop,clean+shift,21,11,MultiPeerObjectGuard,1,10,1,0.3,3,0.18005652725696564,accept,0,0,0,0,16,16,16,16,0,0
drop,clean+shift,21,12,EgoOnly,2,10,0,0.0,0,0.23910868167877197,,0,0,0,0,0,0,0,0,0,0
drop,clean+shift,21,12,CleanCoop,0,10,1,0.3,3,0.18615803122520447,,0,0,0,0,0,0,0,0,0,0
drop,clean+shift,21,12,PrimaryRaw,2,10,0,0.0,0,0.17786337435245514,,0,0,0,0,0,0,0,0,0,0
drop,clean+shift,21,12,PrimaryTrustCalib,2,10,0,0.0,0,0.17786337435245514,accept,0,0,0,0,0,0,0,0,0,0
drop,clean+shift,21,12,MultiPeerObjectGuard,0,10,1,0.3,3,0.17786337435245514,accept,0,0,0,0,8,8,8,8,0,0
drop,clean+shift,21,13,EgoOnly,0,10,1,0.2,2,0.1538943648338318,,0,0,0,0,0,0,0,0,0,0
drop,clean+shift,21,13,CleanCoop,0,10,1,0.2,2,0.1810694932937622,,0,0,0,0,0,0,0,0,0,0
drop,clean+shift,21,13,PrimaryRaw,0,10,1,0.2,2,0.15853184461593628,,0,0,0,0,0,0,0,0,0,0
drop,clean+shift,21,13,PrimaryTrustCalib,0,10,1,0.2,2,0.15853184461593628,accept,0,0,0,0,0,0,0,0,0,0
drop,clean+shift,21,13,MultiPeerObjectGuard,0,10,1,0.2,2,0.1783144623041153,accept,0,0,0,0,14,14,14,14,0,0
drop,clean+shift,21,14,EgoOnly,0,10,1,0.2,2,0.15674743056297302,,0,0,0,0,0,0,0,0,0,0
drop,clean+shift,21,14,CleanCoop,0,10,1,0.2,2,0.17957007884979248,,0,0,0,0,0,0,0,0,0,0
drop,clean+shift,21,14,PrimaryRaw,0,10,1,0.2,2,0.15245604515075684,,0,0,0,0,0,0,0,0,0,0
drop,clean+shift,21,14,PrimaryTrustCalib,0,10,1,0.2,2,0.15245604515075684,accept,0,0,0,0,0,0,0,0,0,0
drop,clean+shift,21,14,MultiPeerObjectGuard,0,10,1,0.2,2,0.172728031873703,accept,0,0,0,0,15,15,15,15,0,0
drop,clean+shift,21,15,EgoOnly,0,10,0,0.0,0,0.21677294373512268,,0,0,0,0,0,0,0,0,0,0
drop,clean+shift,21,15,CleanCoop,0,10,0,0.0,0,0.17432813346385956,,0,0,0,0,0,0,0,0,0,0
drop,clean+shift,21,15,PrimaryRaw,0,10,0,0.0,0,0.1994217038154602,,0,0,0,0,0,0,0,0,0,0
drop,clean+shift,21,15,PrimaryTrustCalib,0,10,0,0.0,0,0.1994217038154602,accept,0,0,0,0,0,0,0,0,0,0
drop,clean+shift,21,15,MultiPeerObjectGuard,0,10,0,0.0,0,0.17063549160957336,accept,0,0,0,0,15,15,15,15,0,0
drop,clean+shift,21,16,EgoOnly,0,10,0,0.0,0,0.2188006043434143,,0,0,0,0,0,0,0,0,0,0
drop,clean+shift,21,16,CleanCoop,0,10,0,0.0,0,0.1703236699104309,,0,0,0,0,0,0,0,0,0,0
drop,clean+shift,21,16,PrimaryRaw,0,10,0,0.0,0,0.16285023093223572,,0,0,0,0,0,0,0,0,0,0
drop,clean+shift,21,16,PrimaryTrustCalib,0,10,0,0.0,0,0.16285023093223572,accept,0,0,0,0,0,0,0,0,0,0
drop,clean+shift,21,16,MultiPeerObjectGuard,0,10,0,0.0,0,0.17291127145290375,accept,0,0,0,0,13,13,13,13,0,0
drop,clean+shift,21,17,EgoOnly,0,10,0,0.0,0,0.263966828584671,,0,0,0,0,0,0,0,0,0,0
drop,clean+shift,21,17,CleanCoop,0,10,0,0.0,0,0.1647293120622635,,0,0,0,0,0,0,0,0,0,0
drop,clean+shift,21,17,PrimaryRaw,0,10,0,0.0,0,0.17311778664588928,,0,0,0,0,0,0,0,0,0,0
drop,clean+shift,21,17,PrimaryTrustCalib,0,10,0,0.0,0,0.17311778664588928,accept,0,0,0,0,0,0,0,0,0,0
drop,clean+shift,21,17,MultiPeerObjectGuard,0,10,0,0.0,0,0.1647292971611023,accept,0,0,0,0,14,14,14,14,0,0
drop,clean+shift,21,18,EgoOnly,0,10,1,0.1,1,0.267577588558197,,0,0,0,0,0,0,0,0,0,0
drop,clean+shift,21,18,CleanCoop,0,10,1,0.1,1,0.16350030899047852,,0,0,0,0,0,0,0,0,0,0
drop,clean+shift,21,18,PrimaryRaw,0,10,1,0.1,1,0.15523168444633484,,0,0,0,0,0,0,0,0,0,0
drop,clean+shift,21,18,PrimaryTrustCalib,0,10,1,0.1,1,0.15523168444633484,accept,0,0,0,0,0,0,0,0,0,0
drop,clean+shift,21,18,MultiPeerObjectGuard,0,10,1,0.1,1,0.16167952120304108,accept,0,0,0,0,13,13,13,13,0,0
drop,clean+shift,21,19,EgoOnly,0,10,1,0.4,4,0.2701622545719147,,0,0,0,0,0,0,0,0,0,0
drop,clean+shift,21,19,CleanCoop,0,10,1,0.4,4,0.16366440057754517,,0,0,0,0,0,0,0,0,0,0
drop,clean+shift,21,19,PrimaryRaw,0,10,1,0.4,4,0.3009175956249237,,0,0,0,0,0,0,0,0,0,0
drop,clean+shift,21,19,PrimaryTrustCalib,0,10,1,0.4,4,0.3009175956249237,accept,0,0,0,0,0,0,0,0,0,0
drop,clean+shift,21,19,MultiPeerObjectGuard,0,10,1,0.4,4,0.1618330478668213,accept,0,0,0,0,18,18,18,18,0,0
drop,clean+shift,24,0,EgoOnly,0,10,1,0.2,2,0.15427269041538239,,0,0,0,0,0,0,0,0,0,0
drop,clean+shift,24,0,CleanCoop,2,10,1,0.9,9,0.14627334475517273,,0,0,0,0,0,0,0,0,0,0
drop,clean+shift,24,0,PrimaryRaw,0,10,1,0.2,2,0.1578458696603775,,0,0,0,0,0,0,0,0,0,0
drop,clean+shift,24,0,PrimaryTrustCalib,0,10,1,0.2,2,0.1578458696603775,accept,0,0,0,0,0,0,0,0,0,0
drop,clean+shift,24,0,MultiPeerObjectGuard,2,10,1,0.9,9,0.1578458696603775,accept,0,0,0,0,14,14,14,14,0,0
drop,clean+shift,24,1,EgoOnly,0,10,1,0.2,2,0.15981008112430573,,0,0,0,0,0,0,0,0,0,0
drop,clean+shift,24,1,CleanCoop,1,10,1,0.8,8,0.13960088789463043,,0,0,0,0,0,0,0,0,0,0
drop,clean+shift,24,1,PrimaryRaw,0,10,1,0.2,2,0.13960088789463043,,0,0,0,0,0,0,0,0,0,0
drop,clean+shift,24,1,PrimaryTrustCalib,0,10,1,0.2,2,0.13960088789463043,accept,0,0,0,0,0,0,0,0,0,0
drop,clean+shift,24,1,MultiPeerObjectGuard,1,10,1,0.8,8,0.13960088789463043,accept,0,0,0,0,17,17,17,17,0,0
drop,clean+shift,24,2,EgoOnly,0,10,1,0.1,1,0.15121470391750336,,0,0,0,0,0,0,0,0,0,0
drop,clean+shift,24,2,CleanCoop,1,10,1,0.7,7,0.13827472925186157,,0,0,0,0,0,0,0,0,0,0
drop,clean+shift,24,2,PrimaryRaw,0,10,1,0.1,1,0.18528172373771667,,0,0,0,0,0,0,0,0,0,0
drop,clean+shift,24,2,PrimaryTrustCalib,0,10,1,0.1,1,0.18528172373771667,accept,0,0,0,0,0,0,0,0,0,0
drop,clean+shift,24,2,MultiPeerObjectGuard,1,10,1,0.7,7,0.18528172373771667,accept,0,0,0,0,14,14,14,14,0,0
drop,clean+shift,24,3,EgoOnly,0,10,1,0.4,4,0.15425336360931396,,0,0,0,0,0,0,0,0,0,0
drop,clean+shift,24,3,CleanCoop,0,10,1,0.4,4,0.15425336360931396,,0,0,0,0,0,0,0,0,0,0
drop,clean+shift,24,3,PrimaryRaw,0,10,1,0.4,4,0.15425336360931396,,0,0,0,0,0,0,0,0,0,0
drop,clean+shift,24,3,PrimaryTrustCalib,0,10,1,0.4,4,0.15425336360931396,accept,0,0,0,0,0,0,0,0,0,0
drop,clean+shift,24,3,MultiPeerObjectGuard,0,10,1,0.4,4,0.15425336360931396,accept,0,0,0,0,14,14,14,14,0,0
drop,clean+shift,24,4,EgoOnly,0,10,1,0.3,3,0.15410035848617554,,0,0,0,0,0,0,0,0,0,0
drop,clean+shift,24,4,CleanCoop,0,10,1,0.3,3,0.1486484408378601,,0,0,0,0,0,0,0,0,0,0
drop,clean+shift,24,4,PrimaryRaw,0,10,1,0.3,3,0.1544136255979538,,0,0,0,0,0,0,0,0,0,0
drop,clean+shift,24,4,PrimaryTrustCalib,0,10,1,0.3,3,0.1544136255979538,accept,0,0,0,0,0,0,0,0,0,0
drop,clean+shift,24,4,MultiPeerObjectGuard,0,10,1,0.3,3,0.1544136255979538,accept,0,0,0,0,15,15,15,15,0,0
drop,clean+shift,24,5,EgoOnly,0,10,1,0.2,2,0.15661866962909698,,0,0,0,0,0,0,0,0,0,0
drop,clean+shift,24,5,CleanCoop,0,10,1,0.2,2,0.15661866962909698,,0,0,0,0,0,0,0,0,0,0
drop,clean+shift,24,5,PrimaryRaw,0,10,1,0.2,2,0.15661866962909698,,0,0,0,0,0,0,0,0,0,0
drop,clean+shift,24,5,PrimaryTrustCalib,0,10,1,0.2,2,0.15661866962909698,accept,0,0,0,0,0,0,0,0,0,0
drop,clean+shift,24,5,MultiPeerObjectGuard,0,10,1,0.2,2,0.15661866962909698,accept,0,0,0,0,15,15,15,15,0,0
drop,clean+shift,24,6,EgoOnly,0,10,1,0.2,2,0.15503369271755219,,0,0,0,0,0,0,0,0,0,0
drop,clean+shift,24,6,CleanCoop,0,10,1,0.2,2,0.15503369271755219,,0,0,0,0,0,0,0,0,0,0
drop,clean+shift,24,6,PrimaryRaw,0,10,1,0.2,2,0.15503369271755219,,0,0,0,0,0,0,0,0,0,0
drop,clean+shift,24,6,PrimaryTrustCalib,0,10,1,0.2,2,0.15503369271755219,accept,0,0,0,0,0,0,0,0,0,0
drop,clean+shift,24,6,MultiPeerObjectGuard,0,10,1,0.2,2,0.15503369271755219,accept,0,0,0,0,14,14,14,14,0,0
drop,clean+shift,24,7,EgoOnly,0,10,1,0.2,2,0.14789249002933502,,0,0,0,0,0,0,0,0,0,0
drop,clean+shift,24,7,CleanCoop,0,10,1,0.2,2,0.14789249002933502,,0,0,0,0,0,0,0,0,0,0
drop,clean+shift,24,7,PrimaryRaw,0,10,1,0.2,2,0.14789249002933502,,0,0,0,0,0,0,0,0,0,0
drop,clean+shift,24,7,PrimaryTrustCalib,0,10,1,0.2,2,0.14789249002933502,accept,0,0,0,0,0,0,0,0,0,0
drop,clean+shift,24,7,MultiPeerObjectGuard,0,10,1,0.2,2,0.14789249002933502,accept,0,0,0,0,14,14,14,14,0,0
drop,clean+shift,24,8,EgoOnly,0,10,1,0.1,1,0.14085453748703003,,0,0,0,0,0,0,0,0,0,0
drop,clean+shift,24,8,CleanCoop,0,10,1,0.1,1,0.11462537944316864,,0,0,0,0,0,0,0,0,0,0
drop,clean+shift,24,8,PrimaryRaw,0,10,1,0.1,1,0.11462537944316864,,0,0,0,0,0,0,0,0,0,0
drop,clean+shift,24,8,PrimaryTrustCalib,0,10,1,0.1,1,0.11462537944316864,accept,0,0,0,0,0,0,0,0,0,0
drop,clean+shift,24,8,MultiPeerObjectGuard,0,10,1,0.1,1,0.11462537944316864,accept,0,0,0,0,15,15,15,15,0,0
drop,clean+shift,24,9,EgoOnly,0,10,1,0.1,1,0.12911587953567505,,0,0,0,0,0,0,0,0,0,0
drop,clean+shift,24,9,CleanCoop,0,10,1,0.1,1,0.12124241888523102,,0,0,0,0,0,0,0,0,0,0
drop,clean+shift,24,9,PrimaryRaw,0,10,1,0.1,1,0.09258972108364105,,0,0,0,0,0,0,0,0,0,0
drop,clean+shift,24,9,PrimaryTrustCalib,0,10,1,0.1,1,0.09258972108364105,accept,0,0,0,0,0,0,0,0,0,0
drop,clean+shift,24,9,MultiPeerObjectGuard,0,10,1,0.1,1,0.09258972108364105,accept,0,0,0,0,16,16,16,16,0,0
drop,clean+shift,24,10,EgoOnly,0,10,1,0.1,1,0.12549801170825958,,0,0,0,0,0,0,0,0,0,0
drop,clean+shift,24,10,CleanCoop,0,10,1,0.1,1,0.0926613137125969,,0,0,0,0,0,0,0,0,0,0
drop,clean+shift,24,10,PrimaryRaw,0,10,1,0.1,1,0.0926613137125969,,0,0,0,0,0,0,0,0,0,0
drop,clean+shift,24,10,PrimaryTrustCalib,0,10,1,0.1,1,0.0926613137125969,accept,0,0,0,0,0,0,0,0,0,0
drop,clean+shift,24,10,MultiPeerObjectGuard,0,10,1,0.1,1,0.0926613137125969,accept,0,0,0,0,10,10,10,10,0,0
drop,clean+shift,24,11,EgoOnly,0,10,1,0.1,1,0.1320536732673645,,0,0,0,0,0,0,0,0,0,0
drop,clean+shift,24,11,CleanCoop,0,10,1,0.1,1,0.09826569259166718,,0,0,0,0,0,0,0,0,0,0
drop,clean+shift,24,11,PrimaryRaw,0,10,1,0.1,1,0.12685227394104004,,0,0,0,0,0,0,0,0,0,0
drop,clean+shift,24,11,PrimaryTrustCalib,0,10,1,0.1,1,0.12685227394104004,accept,0,0,0,0,0,0,0,0,0,0
drop,clean+shift,24,11,MultiPeerObjectGuard,0,10,1,0.1,1,0.12685227394104004,accept,0,0,0,0,14,14,14,14,0,0
drop,clean+shift,24,12,EgoOnly,0,10,1,0.1,1,0.13850684463977814,,0,0,0,0,0,0,0,0,0,0
drop,clean+shift,24,12,CleanCoop,0,10,1,0.1,1,0.12030082195997238,,0,0,0,0,0,0,0,0,0,0
drop,clean+shift,24,12,PrimaryRaw,0,10,1,0.1,1,0.12881316244602203,,0,0,0,0,0,0,0,0,0,0
drop,clean+shift,24,12,PrimaryTrustCalib,0,10,1,0.1,1,0.12881316244602203,accept,0,0,0,0,0,0,0,0,0,0
drop,clean+shift,24,12,MultiPeerObjectGuard,0,10,1,0.1,1,0.12881316244602203,accept,0,0,0,0,16,16,16,16,0,0
drop,clean+shift,24,13,EgoOnly,0,10,1,0.2,2,0.13351860642433167,,0,0,0,0,0,0,0,0,0,0
drop,clean+shift,24,13,CleanCoop,0,10,1,0.2,2,0.11434740573167801,,0,0,0,0,0,0,0,0,0,0
drop,clean+shift,24,13,PrimaryRaw,0,10,1,0.2,2,0.17533466219902039,,0,0,0,0,0,0,0,0,0,0
drop,clean+shift,24,13,PrimaryTrustCalib,0,10,1,0.2,2,0.17533466219902039,accept,0,0,0,0,0,0,0,0,0,0
drop,clean+shift,24,13,MultiPeerObjectGuard,0,10,1,0.2,2,0.17533466219902039,accept,0,0,0,0,18,17,18,17,0,0
drop,clean+shift,24,14,EgoOnly,0,10,1,0.3,3,0.1421816349029541,,0,0,0,0,0,0,0,0,0,0
drop,clean+shift,24,14,CleanCoop,0,10,1,0.3,3,0.1179983988404274,,0,0,0,0,0,0,0,0,0,0
drop,clean+shift,24,14,PrimaryRaw,0,10,1,0.3,3,0.15470384061336517,,0,0,0,0,0,0,0,0,0,0
drop,clean+shift,24,14,PrimaryTrustCalib,0,10,1,0.3,3,0.15470384061336517,accept,0,0,0,0,0,0,0,0,0,0
drop,clean+shift,24,14,MultiPeerObjectGuard,0,10,1,0.3,3,0.15470384061336517,accept,0,0,0,0,15,15,15,15,0,0
drop,clean+shift,24,15,EgoOnly,0,10,1,0.2,2,0.1529833972454071,,0,0,0,0,0,0,0,0,0,0
drop,clean+shift,24,15,CleanCoop,0,10,1,0.2,2,0.11727875471115112,,0,0,0,0,0,0,0,0,0,0
drop,clean+shift,24,15,PrimaryRaw,0,10,1,0.2,2,0.17138487100601196,,0,0,0,0,0,0,0,0,0,0
drop,clean+shift,24,15,PrimaryTrustCalib,0,10,1,0.2,2,0.17138487100601196,accept,0,0,0,0,0,0,0,0,0,0
drop,clean+shift,24,15,MultiPeerObjectGuard,0,10,1,0.2,2,0.17138487100601196,accept,0,0,0,0,15,14,15,14,0,0
drop,clean+shift,24,16,EgoOnly,0,10,1,0.2,2,0.16195283830165863,,0,0,0,0,0,0,0,0,0,0
drop,clean+shift,24,16,CleanCoop,0,10,1,0.2,2,0.11798159033060074,,0,0,0,0,0,0,0,0,0,0
drop,clean+shift,24,16,PrimaryRaw,0,10,1,0.2,2,0.15053504705429077,,0,0,0,0,0,0,0,0,0,0
drop,clean+shift,24,16,PrimaryTrustCalib,0,10,1,0.2,2,0.15053504705429077,accept,0,0,0,0,0,0,0,0,0,0
drop,clean+shift,24,16,MultiPeerObjectGuard,0,10,1,0.2,2,0.15053504705429077,accept,0,0,0,0,14,14,14,14,0,0
drop,clean+shift,24,17,EgoOnly,0,10,1,0.2,2,0.1809834986925125,,0,0,0,0,0,0,0,0,0,0
drop,clean+shift,24,17,CleanCoop,0,10,1,0.2,2,0.11536841094493866,,0,0,0,0,0,0,0,0,0,0
drop,clean+shift,24,17,PrimaryRaw,0,10,1,0.2,2,0.2508649528026581,,0,0,0,0,0,0,0,0,0,0
drop,clean+shift,24,17,PrimaryTrustCalib,0,10,1,0.2,2,0.2508649528026581,accept,0,0,0,0,0,0,0,0,0,0
drop,clean+shift,24,17,MultiPeerObjectGuard,0,10,1,0.2,2,0.2508649528026581,accept,0,0,0,0,18,17,18,17,0,0
drop,clean+shift,24,18,EgoOnly,0,10,1,0.2,2,0.22093214094638824,,0,0,0,0,0,0,0,0,0,0
drop,clean+shift,24,18,CleanCoop,0,10,1,0.2,2,0.11835133284330368,,0,0,0,0,0,0,0,0,0,0
drop,clean+shift,24,18,PrimaryRaw,0,10,1,0.2,2,0.16948196291923523,,0,0,0,0,0,0,0,0,0,0
drop,clean+shift,24,18,PrimaryTrustCalib,0,10,1,0.2,2,0.16948196291923523,accept,0,0,0,0,0,0,0,0,0,0
drop,clean+shift,24,18,MultiPeerObjectGuard,0,10,1,0.2,2,0.16948196291923523,accept,0,0,0,0,14,14,14,14,0,0
drop,clean+shift,24,19,EgoOnly,0,10,1,0.2,2,0.16063916683197021,,0,0,0,0,0,0,0,0,0,0
drop,clean+shift,24,19,CleanCoop,0,10,1,0.2,2,0.11986172199249268,,0,0,0,0,0,0,0,0,0,0
drop,clean+shift,24,19,PrimaryRaw,0,10,1,0.2,2,0.22658714652061462,,0,0,0,0,0,0,0,0,0,0
drop,clean+shift,24,19,PrimaryTrustCalib,0,10,1,0.2,2,0.22658714652061462,accept,0,0,0,0,0,0,0,0,0,0
drop,clean+shift,24,19,MultiPeerObjectGuard,0,10,1,0.2,2,0.22658714652061462,accept,0,0,0,0,14,14,14,14,0,0
drop,clean+shift,34,0,EgoOnly,0,10,1,0.5,5,0.20370496809482574,,0,0,0,0,0,0,0,0,0,0
drop,clean+shift,34,0,CleanCoop,0,10,1,0.5,5,0.19505487382411957,,0,0,0,0,0,0,0,0,0,0
drop,clean+shift,34,0,PrimaryRaw,0,10,1,0.5,5,0.19368983805179596,,0,0,0,0,0,0,0,0,0,0
drop,clean+shift,34,0,PrimaryTrustCalib,0,10,1,0.5,5,0.19368983805179596,accept,0,0,0,0,0,0,0,0,0,0
drop,clean+shift,34,0,MultiPeerObjectGuard,0,10,1,0.5,5,0.19368983805179596,accept,0,0,0,0,8,8,8,8,0,0
drop,clean+shift,34,1,EgoOnly,0,10,1,0.7,7,0.1518774926662445,,0,0,0,0,0,0,0,0,0,0
drop,clean+shift,34,1,CleanCoop,0,10,1,0.7,7,0.18430224061012268,,0,0,0,0,0,0,0,0,0,0
drop,clean+shift,34,1,PrimaryRaw,0,10,1,0.7,7,0.200535848736763,,0,0,0,0,0,0,0,0,0,0
drop,clean+shift,34,1,PrimaryTrustCalib,0,10,1,0.7,7,0.200535848736763,accept,0,0,0,0,0,0,0,0,0,0
drop,clean+shift,34,1,MultiPeerObjectGuard,0,10,1,0.7,7,0.200535848736763,accept,0,0,0,0,7,7,7,7,0,0
drop,clean+shift,34,2,EgoOnly,2,10,1,0.5,5,0.1545800268650055,,0,0,0,0,0,0,0,0,0,0
drop,clean+shift,34,2,CleanCoop,1,10,1,1.0,10,0.18285469710826874,,0,0,0,0,0,0,0,0,0,0
drop,clean+shift,34,2,PrimaryRaw,2,10,1,0.5,5,0.208147332072258,,0,0,0,0,0,0,0,0,0,0
drop,clean+shift,34,2,PrimaryTrustCalib,2,10,1,0.5,5,0.208147332072258,accept,0,0,0,0,0,0,0,0,0,0
drop,clean+shift,34,2,MultiPeerObjectGuard,1,10,1,1.0,10,0.19694207608699799,accept,0,0,0,0,11,11,11,11,0,0
drop,clean+shift,34,3,EgoOnly,0,10,1,0.9,9,0.15129223465919495,,0,0,0,0,0,0,0,0,0,0
drop,clean+shift,34,3,CleanCoop,0,10,1,0.9,9,0.1829632967710495,,0,0,0,0,0,0,0,0,0,0
drop,clean+shift,34,3,PrimaryRaw,0,10,1,0.9,9,0.195362851023674,,0,0,0,0,0,0,0,0,0,0
drop,clean+shift,34,3,PrimaryTrustCalib,0,10,1,0.9,9,0.195362851023674,accept,0,0,0,0,0,0,0,0,0,0
drop,clean+shift,34,3,MultiPeerObjectGuard,0,10,1,0.9,9,0.195362851023674,accept,0,0,0,0,7,7,7,7,0,0
drop,clean+shift,34,4,EgoOnly,0,10,1,0.9,9,0.15103542804718018,,0,0,0,0,0,0,0,0,0,0
drop,clean+shift,34,4,CleanCoop,0,10,1,0.9,9,0.18340522050857544,,0,0,0,0,0,0,0,0,0,0
drop,clean+shift,34,4,PrimaryRaw,0,10,1,0.9,9,0.18340522050857544,,0,0,0,0,0,0,0,0,0,0
drop,clean+shift,34,4,PrimaryTrustCalib,0,10,1,0.9,9,0.18340522050857544,accept,0,0,0,0,0,0,0,0,0,0
drop,clean+shift,34,4,MultiPeerObjectGuard,0,10,1,0.9,9,0.18340522050857544,accept,0,0,0,0,5,5,5,5,0,0
drop,clean+shift,34,5,EgoOnly,1,10,1,1.0,10,0.15138301253318787,,0,0,0,0,0,0,0,0,0,0
drop,clean+shift,34,5,CleanCoop,1,10,1,1.0,10,0.1837354600429535,,0,0,0,0,0,0,0,0,0,0
drop,clean+shift,34,5,PrimaryRaw,1,10,1,1.0,10,0.17280073463916779,,0,0,0,0,0,0,0,0,0,0
drop,clean+shift,34,5,PrimaryTrustCalib,1,10,1,1.0,10,0.17280073463916779,accept,0,0,0,0,0,0,0,0,0,0
drop,clean+shift,34,5,MultiPeerObjectGuard,1,10,1,1.0,10,0.17280073463916779,accept,0,0,0,0,5,5,5,5,0,0
drop,clean+shift,34,6,EgoOnly,1,10,1,0.9,9,0.17250768840312958,,0,0,0,0,0,0,0,0,0,0
drop,clean+shift,34,6,CleanCoop,1,10,1,0.9,9,0.19167080521583557,,0,0,0,0,0,0,0,0,0,0
drop,clean+shift,34,6,PrimaryRaw,1,10,1,0.9,9,0.1874816119670868,,0,0,0,0,0,0,0,0,0,0
drop,clean+shift,34,6,PrimaryTrustCalib,1,10,1,0.9,9,0.1874816119670868,accept,0,0,0,0,0,0,0,0,0,0
drop,clean+shift,34,6,MultiPeerObjectGuard,1,10,1,0.9,9,0.1874816119670868,accept,0,0,0,0,7,7,7,7,0,0
drop,clean+shift,34,7,EgoOnly,1,10,1,0.9,9,0.18356932699680328,,0,0,0,0,0,0,0,0,0,0
drop,clean+shift,34,7,CleanCoop,1,10,1,0.9,9,0.19738157093524933,,0,0,0,0,0,0,0,0,0,0
drop,clean+shift,34,7,PrimaryRaw,1,10,1,0.9,9,0.19076967239379883,,0,0,0,0,0,0,0,0,0,0
drop,clean+shift,34,7,PrimaryTrustCalib,1,10,1,0.9,9,0.19076967239379883,accept,0,0,0,0,0,0,0,0,0,0
drop,clean+shift,34,7,MultiPeerObjectGuard,1,10,1,0.9,9,0.19076967239379883,accept,0,0,0,0,6,6,6,6,0,0
drop,clean+shift,34,8,EgoOnly,1,10,1,0.9,9,0.18531106412410736,,0,0,0,0,0,0,0,0,0,0
drop,clean+shift,34,8,CleanCoop,1,10,1,0.9,9,0.2026532143354416,,0,0,0,0,0,0,0,0,0,0
drop,clean+shift,34,8,PrimaryRaw,1,10,1,0.9,9,0.2026532143354416,,0,0,0,0,0,0,0,0,0,0
drop,clean+shift,34,8,PrimaryTrustCalib,1,10,1,0.9,9,0.2026532143354416,accept,0,0,0,0,0,0,0,0,0,0
drop,clean+shift,34,8,MultiPeerObjectGuard,1,10,1,0.9,9,0.2026532143354416,accept,0,0,0,0,5,5,5,5,0,0
drop,clean+shift,34,9,EgoOnly,0,10,1,0.2,2,0.21439777314662933,,0,0,0,0,0,0,0,0,0,0
drop,clean+shift,34,9,CleanCoop,0,10,1,0.2,2,0.21873773634433746,,0,0,0,0,0,0,0,0,0,0
drop,clean+shift,34,9,PrimaryRaw,0,10,1,0.2,2,0.21257859468460083,,0,0,0,0,0,0,0,0,0,0
drop,clean+shift,34,9,PrimaryTrustCalib,0,10,1,0.2,2,0.21257859468460083,accept,0,0,0,0,0,0,0,0,0,0
drop,clean+shift,34,9,MultiPeerObjectGuard,0,10,1,0.2,2,0.2287152111530304,accept,0,0,0,0,10,10,10,10,0,0
drop,clean+shift,34,10,EgoOnly,0,10,1,0.2,2,0.2550045847892761,,0,0,0,0,0,0,0,0,0,0
drop,clean+shift,34,10,CleanCoop,0,10,1,0.2,2,0.24851664900779724,,0,0,0,0,0,0,0,0,0,0
drop,clean+shift,34,10,PrimaryRaw,0,10,1,0.2,2,0.2603841722011566,,0,0,0,0,0,0,0,0,0,0
drop,clean+shift,34,10,PrimaryTrustCalib,0,10,1,0.2,2,0.2603841722011566,accept,0,0,0,0,0,0,0,0,0,0
drop,clean+shift,34,10,MultiPeerObjectGuard,0,10,1,0.2,2,0.2603841722011566,accept,0,0,0,0,8,8,8,8,0,0
drop,clean+shift,34,11,EgoOnly,0,10,1,0.2,2,0.26471155881881714,,0,0,0,0,0,0,0,0,0,0
drop,clean+shift,34,11,CleanCoop,0,10,1,0.2,2,0.25425752997398376,,0,0,0,0,0,0,0,0,0,0
drop,clean+shift,34,11,PrimaryRaw,0,10,1,0.2,2,0.2503700256347656,,0,0,0,0,0,0,0,0,0,0
drop,clean+shift,34,11,PrimaryTrustCalib,0,10,1,0.2,2,0.2503700256347656,accept,0,0,0,0,0,0,0,0,0,0
drop,clean+shift,34,11,MultiPeerObjectGuard,0,10,1,0.2,2,0.2503700256347656,accept,0,0,0,0,6,6,6,6,0,0
drop,clean+shift,34,12,EgoOnly,0,10,1,0.2,2,0.27318158745765686,,0,0,0,0,0,0,0,0,0,0
drop,clean+shift,34,12,CleanCoop,0,10,1,0.2,2,0.26674360036849976,,0,0,0,0,0,0,0,0,0,0
drop,clean+shift,34,12,PrimaryRaw,0,10,1,0.2,2,0.2723712921142578,,0,0,0,0,0,0,0,0,0,0
drop,clean+shift,34,12,PrimaryTrustCalib,0,10,1,0.2,2,0.2723712921142578,accept,0,0,0,0,0,0,0,0,0,0
drop,clean+shift,34,12,MultiPeerObjectGuard,0,10,1,0.2,2,0.2723712921142578,accept,0,0,0,0,5,5,5,5,0,0
drop,clean+shift,34,13,EgoOnly,0,10,1,0.2,2,0.2503901422023773,,0,0,0,0,0,0,0,0,0,0
drop,clean+shift,34,13,CleanCoop,0,10,1,0.2,2,0.2503901422023773,,0,0,0,0,0,0,0,0,0,0
drop,clean+shift,34,13,PrimaryRaw,0,10,1,0.2,2,0.2503901422023773,,0,0,0,0,0,0,0,0,0,0
drop,clean+shift,34,13,PrimaryTrustCalib,0,10,1,0.2,2,0.2503901422023773,accept,0,0,0,0,0,0,0,0,0,0
drop,clean+shift,34,13,MultiPeerObjectGuard,0,10,1,0.2,2,0.2503901422023773,accept,0,0,0,0,5,5,5,5,0,0
drop,clean+shift,34,14,EgoOnly,0,10,1,0.3,3,0.284663587808609,,0,0,0,0,0,0,0,0,0,0
drop,clean+shift,34,14,CleanCoop,0,10,1,0.3,3,0.284663587808609,,0,0,0,0,0,0,0,0,0,0
drop,clean+shift,34,14,PrimaryRaw,0,10,1,0.3,3,0.284663587808609,,0,0,0,0,0,0,0,0,0,0
drop,clean+shift,34,14,PrimaryTrustCalib,0,10,1,0.3,3,0.284663587808609,accept,0,0,0,0,0,0,0,0,0,0
drop,clean+shift,34,14,MultiPeerObjectGuard,0,10,1,0.3,3,0.284663587808609,accept,0,0,0,0,6,6,6,6,0,0
drop,clean+shift,34,15,EgoOnly,0,10,1,0.3,3,0.27447623014450073,,0,0,0,0,0,0,0,0,0,0
drop,clean+shift,34,15,CleanCoop,0,10,1,0.3,3,0.24662719666957855,,0,0,0,0,0,0,0,0,0,0
drop,clean+shift,34,15,PrimaryRaw,0,10,1,0.3,3,0.26050856709480286,,0,0,0,0,0,0,0,0,0,0
drop,clean+shift,34,15,PrimaryTrustCalib,0,10,1,0.3,3,0.26050856709480286,accept,0,0,0,0,0,0,0,0,0,0
drop,clean+shift,34,15,MultiPeerObjectGuard,0,10,1,0.3,3,0.26050856709480286,accept,0,0,0,0,6,6,6,6,0,0
drop,clean+shift,34,16,EgoOnly,0,10,1,0.3,3,0.2713547646999359,,0,0,0,0,0,0,0,0,0,0
drop,clean+shift,34,16,CleanCoop,0,10,1,0.3,3,0.2623141407966614,,0,0,0,0,0,0,0,0,0,0
drop,clean+shift,34,16,PrimaryRaw,0,10,1,0.3,3,0.2623141407966614,,0,0,0,0,0,0,0,0,0,0
drop,clean+shift,34,16,PrimaryTrustCalib,0,10,1,0.3,3,0.2623141407966614,accept,0,0,0,0,0,0,0,0,0,0
drop,clean+shift,34,16,MultiPeerObjectGuard,0,10,1,0.3,3,0.2623141407966614,accept,0,0,0,0,6,6,6,6,0,0
drop,clean+shift,34,17,EgoOnly,0,10,1,0.4,4,0.285530686378479,,0,0,0,0,0,0,0,0,0,0
drop,clean+shift,34,17,CleanCoop,0,10,1,0.4,4,0.285530686378479,,0,0,0,0,0,0,0,0,0,0
drop,clean+shift,34,17,PrimaryRaw,0,10,1,0.4,4,0.285530686378479,,0,0,0,0,0,0,0,0,0,0
drop,clean+shift,34,17,PrimaryTrustCalib,0,10,1,0.4,4,0.285530686378479,accept,0,0,0,0,0,0,0,0,0,0
drop,clean+shift,34,17,MultiPeerObjectGuard,0,10,1,0.4,4,0.285530686378479,accept,0,0,0,0,7,7,7,7,0,0
drop,clean+shift,34,18,EgoOnly,0,10,1,0.6,6,0.297892302274704,,0,0,0,0,0,0,0,0,0,0
drop,clean+shift,34,18,CleanCoop,0,10,1,0.6,6,0.2958765923976898,,0,0,0,0,0,0,0,0,0,0
drop,clean+shift,34,18,PrimaryRaw,0,10,1,0.6,6,0.2862594723701477,,0,0,0,0,0,0,0,0,0,0
drop,clean+shift,34,18,PrimaryTrustCalib,0,10,1,0.6,6,0.2862594723701477,accept,0,0,0,0,0,0,0,0,0,0
drop,clean+shift,34,18,MultiPeerObjectGuard,0,10,1,0.6,6,0.2862594723701477,accept,0,0,0,0,7,7,7,7,0,0
drop,clean+shift,34,19,EgoOnly,0,10,1,0.8,8,0.35856929421424866,,0,0,0,0,0,0,0,0,0,0
drop,clean+shift,34,19,CleanCoop,0,10,1,0.8,8,0.35856929421424866,,0,0,0,0,0,0,0,0,0,0
drop,clean+shift,34,19,PrimaryRaw,0,10,1,0.8,8,0.35856929421424866,,0,0,0,0,0,0,0,0,0,0
drop,clean+shift,34,19,PrimaryTrustCalib,0,10,1,0.8,8,0.35856929421424866,accept,0,0,0,0,0,0,0,0,0,0
drop,clean+shift,34,19,MultiPeerObjectGuard,0,10,1,0.8,8,0.35856929421424866,accept,0,0,0,0,5,5,5,5,0,0
drop,clean+shift,39,0,EgoOnly,0,10,0,0.0,0,0.165250763297081,,0,0,0,0,0,0,0,0,0,0
drop,clean+shift,39,0,CleanCoop,0,10,0,0.0,0,0.11968111246824265,,0,0,0,0,0,0,0,0,0,0
drop,clean+shift,39,0,PrimaryRaw,0,10,0,0.0,0,0.1426665335893631,,0,0,0,0,0,0,0,0,0,0
drop,clean+shift,39,0,PrimaryTrustCalib,0,10,0,0.0,0,0.1426665335893631,accept,0,0,0,0,0,0,0,0,0,0
drop,clean+shift,39,0,MultiPeerObjectGuard,0,10,0,0.0,0,0.11968108266592026,accept,0,0,0,0,17,17,17,17,0,0
drop,clean+shift,39,1,EgoOnly,0,10,0,0.0,0,0.12124867737293243,,0,0,0,0,0,0,0,0,0,0
drop,clean+shift,39,1,CleanCoop,0,10,0,0.0,0,0.1196758821606636,,0,0,0,0,0,0,0,0,0,0
drop,clean+shift,39,1,PrimaryRaw,0,10,0,0.0,0,0.12064806371927261,,0,0,0,0,0,0,0,0,0,0
drop,clean+shift,39,1,PrimaryTrustCalib,0,10,0,0.0,0,0.12064806371927261,accept,0,0,0,0,0,0,0,0,0,0
drop,clean+shift,39,1,MultiPeerObjectGuard,0,10,0,0.0,0,0.1196758821606636,accept,0,0,0,0,15,15,15,15,0,0
drop,clean+shift,39,2,EgoOnly,0,10,0,0.0,0,0.1398165076971054,,0,0,0,0,0,0,0,0,0,0
drop,clean+shift,39,2,CleanCoop,0,10,0,0.0,0,0.11993835866451263,,0,0,0,0,0,0,0,0,0,0
drop,clean+shift,39,2,PrimaryRaw,0,10,0,0.0,0,0.11605017632246017,,0,0,0,0,0,0,0,0,0,0
drop,clean+shift,39,2,PrimaryTrustCalib,0,10,0,0.0,0,0.11605017632246017,accept,0,0,0,0,0,0,0,0,0,0
drop,clean+shift,39,2,MultiPeerObjectGuard,0,10,0,0.0,0,0.11669038981199265,accept,0,0,0,0,16,16,16,16,0,0
drop,clean+shift,39,3,EgoOnly,0,10,0,0.0,0,0.1401793509721756,,0,0,0,0,0,0,0,0,0,0
drop,clean+shift,39,3,CleanCoop,0,10,0,0.0,0,0.12003188580274582,,0,0,0,0,0,0,0,0,0,0
drop,clean+shift,39,3,PrimaryRaw,0,10,0,0.0,0,0.12939973175525665,,0,0,0,0,0,0,0,0,0,0
drop,clean+shift,39,3,PrimaryTrustCalib,0,10,0,0.0,0,0.12939973175525665,accept,0,0,0,0,0,0,0,0,0,0
drop,clean+shift,39,3,MultiPeerObjectGuard,0,10,0,0.0,0,0.12003188580274582,accept,0,0,0,0,17,17,17,17,0,0
drop,clean+shift,39,4,EgoOnly,0,10,0,0.0,0,0.14111833274364471,,0,0,0,0,0,0,0,0,0,0
drop,clean+shift,39,4,CleanCoop,0,10,0,0.0,0,0.12049298733472824,,0,0,0,0,0,0,0,0,0,0
drop,clean+shift,39,4,PrimaryRaw,0,10,0,0.0,0,0.1250220686197281,,0,0,0,0,0,0,0,0,0,0
drop,clean+shift,39,4,PrimaryTrustCalib,0,10,0,0.0,0,0.1250220686197281,accept,0,0,0,0,0,0,0,0,0,0
drop,clean+shift,39,4,MultiPeerObjectGuard,0,10,0,0.0,0,0.11636129766702652,accept,0,0,0,0,16,16,16,16,0,0
drop,clean+shift,39,5,EgoOnly,3,10,0,0.0,0,0.14237450063228607,,0,0,0,0,0,0,0,0,0,0
drop,clean+shift,39,5,CleanCoop,0,10,1,1.0,10,0.11795838922262192,,0,0,0,0,0,0,0,0,0,0
drop,clean+shift,39,5,PrimaryRaw,3,10,0,0.0,0,0.11083003133535385,,0,0,0,0,0,0,0,0,0,0
drop,clean+shift,39,5,PrimaryTrustCalib,3,10,0,0.0,0,0.11083003133535385,accept,0,0,0,0,0,0,0,0,0,0
drop,clean+shift,39,5,MultiPeerObjectGuard,0,10,1,1.0,10,0.1164512038230896,accept,0,0,0,0,16,16,16,16,0,0
drop,clean+shift,39,6,EgoOnly,3,10,0,0.0,0,0.1438872367143631,,0,0,0,0,0,0,0,0,0,0
drop,clean+shift,39,6,CleanCoop,0,10,1,1.0,10,0.11823689937591553,,0,0,0,0,0,0,0,0,0,0
drop,clean+shift,39,6,PrimaryRaw,3,10,0,0.0,0,0.14883309602737427,,0,0,0,0,0,0,0,0,0,0
drop,clean+shift,39,6,PrimaryTrustCalib,3,10,0,0.0,0,0.14883309602737427,accept,0,0,0,0,0,0,0,0,0,0
drop,clean+shift,39,6,MultiPeerObjectGuard,0,10,1,1.0,10,0.11823689937591553,accept,0,0,0,0,20,20,20,20,0,0
drop,clean+shift,39,7,EgoOnly,3,10,0,0.0,0,0.13964109122753143,,0,0,0,0,0,0,0,0,0,0
drop,clean+shift,39,7,CleanCoop,0,10,1,1.0,10,0.11940904706716537,,0,0,0,0,0,0,0,0,0,0
drop,clean+shift,39,7,PrimaryRaw,0,10,1,1.0,10,0.11535502225160599,,0,0,0,0,0,0,0,0,0,0
drop,clean+shift,39,7,PrimaryTrustCalib,0,10,1,1.0,10,0.11535502225160599,accept,0,0,0,0,0,0,0,0,0,0
drop,clean+shift,39,7,MultiPeerObjectGuard,0,10,1,1.0,10,0.11684899777173996,accept,0,0,0,0,11,11,11,11,0,0
drop,clean+shift,39,8,EgoOnly,3,10,0,0.0,0,0.1395658254623413,,0,0,0,0,0,0,0,0,0,0
drop,clean+shift,39,8,CleanCoop,0,10,1,1.0,10,0.12176249921321869,,0,0,0,0,0,0,0,0,0,0
drop,clean+shift,39,8,PrimaryRaw,3,10,0,0.0,0,0.14081978797912598,,0,0,0,0,0,0,0,0,0,0
drop,clean+shift,39,8,PrimaryTrustCalib,3,10,0,0.0,0,0.14081978797912598,accept,0,0,0,0,0,0,0,0,0,0
drop,clean+shift,39,8,MultiPeerObjectGuard,0,10,1,1.0,10,0.13127541542053223,accept,0,0,0,0,12,12,12,12,0,0
drop,clean+shift,39,9,EgoOnly,3,10,0,0.0,0,0.13968580961227417,,0,0,0,0,0,0,0,0,0,0
drop,clean+shift,39,9,CleanCoop,0,10,1,1.0,10,0.12028192728757858,,0,0,0,0,0,0,0,0,0,0
drop,clean+shift,39,9,PrimaryRaw,3,10,0,0.0,0,0.15618446469306946,,0,0,0,0,0,0,0,0,0,0
drop,clean+shift,39,9,PrimaryTrustCalib,3,10,0,0.0,0,0.15618446469306946,accept,0,0,0,0,0,0,0,0,0,0
drop,clean+shift,39,9,MultiPeerObjectGuard,0,10,1,1.0,10,0.12028190493583679,accept,0,0,0,0,16,16,16,16,0,0
drop,clean+shift,39,10,EgoOnly,3,10,0,0.0,0,0.1410968154668808,,0,0,0,0,0,0,0,0,0,0
drop,clean+shift,39,10,CleanCoop,0,10,1,1.0,10,0.12170831114053726,,0,0,0,0,0,0,0,0,0,0
drop,clean+shift,39,10,PrimaryRaw,3,10,0,0.0,0,0.12322262674570084,,0,0,0,0,0,0,0,0,0,0
drop,clean+shift,39,10,PrimaryTrustCalib,3,10,0,0.0,0,0.12322262674570084,accept,0,0,0,0,0,0,0,0,0,0
drop,clean+shift,39,10,MultiPeerObjectGuard,0,10,1,1.0,10,0.12170831114053726,accept,0,0,0,0,14,14,14,14,0,0
drop,clean+shift,39,11,EgoOnly,3,10,0,0.0,0,0.14884419739246368,,0,0,0,0,0,0,0,0,0,0
drop,clean+shift,39,11,CleanCoop,0,10,1,1.0,10,0.12265768647193909,,0,0,0,0,0,0,0,0,0,0
drop,clean+shift,39,11,PrimaryRaw,0,10,1,1.0,10,0.14524894952774048,,0,0,0,0,0,0,0,0,0,0
drop,clean+shift,39,11,PrimaryTrustCalib,0,10,1,1.0,10,0.14524894952774048,accept,0,0,0,0,0,0,0,0,0,0
drop,clean+shift,39,11,MultiPeerObjectGuard,0,10,1,1.0,10,0.12374458461999893,accept,0,0,0,0,14,14,14,14,0,0
drop,clean+shift,39,12,EgoOnly,3,10,0,0.0,0,0.14912186563014984,,0,0,0,0,0,0,0,0,0,0
drop,clean+shift,39,12,CleanCoop,0,10,1,1.0,10,0.12323574721813202,,0,0,0,0,0,0,0,0,0,0
drop,clean+shift,39,12,PrimaryRaw,3,10,0,0.0,0,0.15482348203659058,,0,0,0,0,0,0,0,0,0,0
drop,clean+shift,39,12,PrimaryTrustCalib,3,10,0,0.0,0,0.15482348203659058,accept,0,0,0,0,0,0,0,0,0,0
drop,clean+shift,39,12,MultiPeerObjectGuard,0,10,1,1.0,10,0.13829340040683746,accept,0,0,0,0,14,14,14,14,0,0
drop,clean+shift,39,13,EgoOnly,3,10,0,0.0,0,0.15101729333400726,,0,0,0,0,0,0,0,0,0,0
drop,clean+shift,39,13,CleanCoop,0,10,1,1.0,10,0.12343184649944305,,0,0,0,0,0,0,0,0,0,0
drop,clean+shift,39,13,PrimaryRaw,3,10,0,0.0,0,0.13280610740184784,,0,0,0,0,0,0,0,0,0,0
drop,clean+shift,39,13,PrimaryTrustCalib,3,10,0,0.0,0,0.13280610740184784,accept,0,0,0,0,0,0,0,0,0,0
drop,clean+shift,39,13,MultiPeerObjectGuard,0,10,1,1.0,10,0.14227381348609924,accept,0,0,0,0,16,16,16,16,0,0
drop,clean+shift,39,14,EgoOnly,3,10,0,0.0,0,0.1552271842956543,,0,0,0,0,0,0,0,0,0,0
drop,clean+shift,39,14,CleanCoop,0,10,1,1.0,10,0.12369530647993088,,0,0,0,0,0,0,0,0,0,0
drop,clean+shift,39,14,PrimaryRaw,0,10,1,1.0,10,0.12943656742572784,,0,0,0,0,0,0,0,0,0,0
drop,clean+shift,39,14,PrimaryTrustCalib,0,10,1,1.0,10,0.12943656742572784,accept,0,0,0,0,0,0,0,0,0,0
drop,clean+shift,39,14,MultiPeerObjectGuard,0,10,1,1.0,10,0.12413067370653152,accept,0,0,0,0,17,17,17,17,0,0
drop,clean+shift,39,15,EgoOnly,3,10,0,0.0,0,0.17376984655857086,,0,0,0,0,0,0,0,0,0,0
drop,clean+shift,39,15,CleanCoop,0,10,1,1.0,10,0.1433468461036682,,0,0,0,0,0,0,0,0,0,0
drop,clean+shift,39,15,PrimaryRaw,3,10,0,0.0,0,0.13522648811340332,,0,0,0,0,0,0,0,0,0,0
drop,clean+shift,39,15,PrimaryTrustCalib,3,10,0,0.0,0,0.13522648811340332,accept,0,0,0,0,0,0,0,0,0,0
drop,clean+shift,39,15,MultiPeerObjectGuard,0,10,1,1.0,10,0.12233512848615646,accept,0,0,0,0,15,15,15,15,0,0
drop,clean+shift,39,16,EgoOnly,3,10,0,0.0,0,0.14450015127658844,,0,0,0,0,0,0,0,0,0,0
drop,clean+shift,39,16,CleanCoop,0,10,1,1.0,10,0.13833901286125183,,0,0,0,0,0,0,0,0,0,0
drop,clean+shift,39,16,PrimaryRaw,0,10,1,1.0,10,0.13979987800121307,,0,0,0,0,0,0,0,0,0,0
drop,clean+shift,39,16,PrimaryTrustCalib,0,10,1,1.0,10,0.13979987800121307,accept,0,0,0,0,0,0,0,0,0,0
drop,clean+shift,39,16,MultiPeerObjectGuard,0,10,1,1.0,10,0.13764658570289612,accept,0,0,0,0,13,13,13,13,0,0
drop,clean+shift,39,17,EgoOnly,3,10,0,0.0,0,0.17458854615688324,,0,0,0,0,0,0,0,0,0,0
drop,clean+shift,39,17,CleanCoop,0,10,1,1.0,10,0.1466900259256363,,0,0,0,0,0,0,0,0,0,0
drop,clean+shift,39,17,PrimaryRaw,0,10,1,1.0,10,0.15315565466880798,,0,0,0,0,0,0,0,0,0,0
drop,clean+shift,39,17,PrimaryTrustCalib,0,10,1,1.0,10,0.15315565466880798,accept,0,0,0,0,0,0,0,0,0,0
drop,clean+shift,39,17,MultiPeerObjectGuard,0,10,1,1.0,10,0.1481117606163025,accept,0,0,0,0,12,12,12,12,0,0
drop,clean+shift,39,18,EgoOnly,3,10,0,0.0,0,0.16254965960979462,,0,0,0,0,0,0,0,0,0,0
drop,clean+shift,39,18,CleanCoop,0,10,1,1.0,10,0.13366782665252686,,0,0,0,0,0,0,0,0,0,0
drop,clean+shift,39,18,PrimaryRaw,0,10,1,1.0,10,0.1729171723127365,,0,0,0,0,0,0,0,0,0,0
drop,clean+shift,39,18,PrimaryTrustCalib,0,10,1,1.0,10,0.1729171723127365,accept,0,0,0,0,0,0,0,0,0,0
drop,clean+shift,39,18,MultiPeerObjectGuard,0,10,1,1.0,10,0.1329631507396698,accept,0,0,0,0,14,14,14,14,0,0
drop,clean+shift,39,19,EgoOnly,3,10,0,0.0,0,0.1660938709974289,,0,0,0,0,0,0,0,0,0,0
drop,clean+shift,39,19,CleanCoop,0,10,1,1.0,10,0.126437246799469,,0,0,0,0,0,0,0,0,0,0
drop,clean+shift,39,19,PrimaryRaw,3,10,0,0.0,0,0.16962440311908722,,0,0,0,0,0,0,0,0,0,0
drop,clean+shift,39,19,PrimaryTrustCalib,3,10,0,0.0,0,0.16962440311908722,accept,0,0,0,0,0,0,0,0,0,0
drop,clean+shift,39,19,MultiPeerObjectGuard,0,10,1,1.0,10,0.126437246799469,accept,0,0,0,0,17,17,17,17,0,0
drop,clean+shift,41,0,EgoOnly,0,10,1,0.6,6,0.21061211824417114,,0,0,0,0,0,0,0,0,0,0
drop,clean+shift,41,0,CleanCoop,0,10,1,0.6,6,0.25231608748435974,,0,0,0,0,0,0,0,0,0,0
drop,clean+shift,41,0,PrimaryRaw,0,10,1,0.6,6,0.17847707867622375,,0,0,0,0,0,0,0,0,0,0
drop,clean+shift,41,0,PrimaryTrustCalib,0,10,1,0.6,6,0.17847707867622375,accept,0,0,0,0,0,0,0,0,0,0
drop,clean+shift,41,0,MultiPeerObjectGuard,0,10,1,0.6,6,0.18191227316856384,accept,0,0,0,0,9,9,9,9,0,0
drop,clean+shift,41,1,EgoOnly,0,10,1,0.6,6,0.21239423751831055,,0,0,0,0,0,0,0,0,0,0
drop,clean+shift,41,1,CleanCoop,0,10,1,0.6,6,0.2534995973110199,,0,0,0,0,0,0,0,0,0,0
drop,clean+shift,41,1,PrimaryRaw,0,10,1,0.6,6,0.2009386420249939,,0,0,0,0,0,0,0,0,0,0
drop,clean+shift,41,1,PrimaryTrustCalib,0,10,1,0.6,6,0.2009386420249939,accept,0,0,0,0,0,0,0,0,0,0
drop,clean+shift,41,1,MultiPeerObjectGuard,0,10,1,0.6,6,0.2009386420249939,accept,0,0,0,0,6,6,6,6,0,0
drop,clean+shift,41,2,EgoOnly,0,10,1,0.7,7,0.21460728347301483,,0,0,0,0,0,0,0,0,0,0
drop,clean+shift,41,2,CleanCoop,0,10,1,0.7,7,0.25581666827201843,,0,0,0,0,0,0,0,0,0,0
drop,clean+shift,41,2,PrimaryRaw,0,10,1,0.7,7,0.19771085679531097,,0,0,0,0,0,0,0,0,0,0
drop,clean+shift,41,2,PrimaryTrustCalib,0,10,1,0.7,7,0.19771085679531097,accept,0,0,0,0,0,0,0,0,0,0
drop,clean+shift,41,2,MultiPeerObjectGuard,0,10,1,0.7,7,0.19771085679531097,accept,0,0,0,0,7,7,7,7,0,0
drop,clean+shift,41,3,EgoOnly,0,10,1,0.7,7,0.21209533512592316,,0,0,0,0,0,0,0,0,0,0
drop,clean+shift,41,3,CleanCoop,0,10,1,0.7,7,0.25365039706230164,,0,0,0,0,0,0,0,0,0,0
drop,clean+shift,41,3,PrimaryRaw,0,10,1,0.7,7,0.17446693778038025,,0,0,0,0,0,0,0,0,0,0
drop,clean+shift,41,3,PrimaryTrustCalib,0,10,1,0.7,7,0.17446693778038025,accept,0,0,0,0,0,0,0,0,0,0
drop,clean+shift,41,3,MultiPeerObjectGuard,0,10,1,0.7,7,0.17446693778038025,accept,0,0,0,0,8,8,8,8,0,0
drop,clean+shift,41,4,EgoOnly,0,10,1,0.7,7,0.21975192427635193,,0,0,0,0,0,0,0,0,0,0
drop,clean+shift,41,4,CleanCoop,0,10,1,0.7,7,0.21754738688468933,,0,0,0,0,0,0,0,0,0,0
drop,clean+shift,41,4,PrimaryRaw,0,10,1,0.7,7,0.24307145178318024,,0,0,0,0,0,0,0,0,0,0
drop,clean+shift,41,4,PrimaryTrustCalib,0,10,1,0.7,7,0.24307145178318024,accept,0,0,0,0,0,0,0,0,0,0
drop,clean+shift,41,4,MultiPeerObjectGuard,0,10,1,0.7,7,0.2527551054954529,accept,0,0,0,0,10,10,10,10,0,0
drop,clean+shift,41,5,EgoOnly,0,10,1,0.1,1,0.2183321863412857,,0,0,0,0,0,0,0,0,0,0
drop,clean+shift,41,5,CleanCoop,0,10,1,0.1,1,0.34743985533714294,,0,0,0,0,0,0,0,0,0,0
drop,clean+shift,41,5,PrimaryRaw,0,10,1,0.1,1,0.18388566374778748,,0,0,0,0,0,0,0,0,0,0
drop,clean+shift,41,5,PrimaryTrustCalib,0,10,1,0.1,1,0.18388566374778748,accept,0,0,0,0,0,0,0,0,0,0
drop,clean+shift,41,5,MultiPeerObjectGuard,0,10,1,0.1,1,0.18388566374778748,accept,0,0,0,0,9,9,9,9,0,0
drop,clean+shift,41,6,EgoOnly,0,10,1,0.2,2,0.17910568416118622,,0,0,0,0,0,0,0,0,0,0
drop,clean+shift,41,6,CleanCoop,0,10,1,0.2,2,0.31126219034194946,,0,0,0,0,0,0,0,0,0,0
drop,clean+shift,41,6,PrimaryRaw,0,10,1,0.2,2,0.17765909433364868,,0,0,0,0,0,0,0,0,0,0
drop,clean+shift,41,6,PrimaryTrustCalib,0,10,1,0.2,2,0.17765909433364868,accept,0,0,0,0,0,0,0,0,0,0
drop,clean+shift,41,6,MultiPeerObjectGuard,0,10,1,0.2,2,0.17765909433364868,accept,0,0,0,0,7,7,7,7,0,0
drop,clean+shift,41,7,EgoOnly,0,10,1,0.2,2,0.2224920690059662,,0,0,0,0,0,0,0,0,0,0
drop,clean+shift,41,7,CleanCoop,0,10,1,0.2,2,0.2464735209941864,,0,0,0,0,0,0,0,0,0,0
drop,clean+shift,41,7,PrimaryRaw,0,10,1,0.2,2,0.33295586705207825,,0,0,0,0,0,0,0,0,0,0
drop,clean+shift,41,7,PrimaryTrustCalib,0,10,1,0.2,2,0.33295586705207825,accept,0,0,0,0,0,0,0,0,0,0
drop,clean+shift,41,7,MultiPeerObjectGuard,0,10,1,0.2,2,0.33295586705207825,accept,0,0,0,0,6,6,6,6,0,0
drop,clean+shift,41,8,EgoOnly,0,10,1,0.2,2,0.1819668710231781,,0,0,0,0,0,0,0,0,0,0
drop,clean+shift,41,8,CleanCoop,0,10,1,0.2,2,0.2632468640804291,,0,0,0,0,0,0,0,0,0,0
drop,clean+shift,41,8,PrimaryRaw,0,10,1,0.2,2,0.18152262270450592,,0,0,0,0,0,0,0,0,0,0
drop,clean+shift,41,8,PrimaryTrustCalib,0,10,1,0.2,2,0.18152262270450592,accept,0,0,0,0,0,0,0,0,0,0
drop,clean+shift,41,8,MultiPeerObjectGuard,0,10,1,0.2,2,0.18977151811122894,accept,0,0,0,0,11,11,11,11,0,0
drop,clean+shift,41,9,EgoOnly,0,10,1,0.3,3,0.2330506592988968,,0,0,0,0,0,0,0,0,0,0
drop,clean+shift,41,9,CleanCoop,0,10,1,0.3,3,0.33205291628837585,,0,0,0,0,0,0,0,0,0,0
drop,clean+shift,41,9,PrimaryRaw,0,10,1,0.3,3,0.23679323494434357,,0,0,0,0,0,0,0,0,0,0
drop,clean+shift,41,9,PrimaryTrustCalib,0,10,1,0.3,3,0.23679323494434357,accept,0,0,0,0,0,0,0,0,0,0
drop,clean+shift,41,9,MultiPeerObjectGuard,0,10,1,0.3,3,0.23679323494434357,accept,0,0,0,0,9,9,9,9,0,0
drop,clean+shift,41,10,EgoOnly,0,10,1,0.3,3,0.23846672475337982,,0,0,0,0,0,0,0,0,0,0
drop,clean+shift,41,10,CleanCoop,0,10,1,0.3,3,0.24583488702774048,,0,0,0,0,0,0,0,0,0,0
drop,clean+shift,41,10,PrimaryRaw,0,10,1,0.3,3,0.19118233025074005,,0,0,0,0,0,0,0,0,0,0
drop,clean+shift,41,10,PrimaryTrustCalib,0,10,1,0.3,3,0.19118233025074005,accept,0,0,0,0,0,0,0,0,0,0
drop,clean+shift,41,10,MultiPeerObjectGuard,0,10,1,0.3,3,0.19118233025074005,accept,0,0,0,0,9,9,9,9,0,0
drop,clean+shift,41,11,EgoOnly,0,10,1,0.2,2,0.23785129189491272,,0,0,0,0,0,0,0,0,0,0
drop,clean+shift,41,11,CleanCoop,0,10,1,0.2,2,0.24726271629333496,,0,0,0,0,0,0,0,0,0,0
drop,clean+shift,41,11,PrimaryRaw,0,10,1,0.2,2,0.2631036639213562,,0,0,0,0,0,0,0,0,0,0
drop,clean+shift,41,11,PrimaryTrustCalib,0,10,1,0.2,2,0.2631036639213562,accept,0,0,0,0,0,0,0,0,0,0
drop,clean+shift,41,11,MultiPeerObjectGuard,0,10,1,0.2,2,0.24726274609565735,accept,0,0,0,0,12,12,12,12,0,0
drop,clean+shift,41,12,EgoOnly,0,10,1,0.1,1,0.19750264286994934,,0,0,0,0,0,0,0,0,0,0
drop,clean+shift,41,12,CleanCoop,0,10,1,0.1,1,0.2769598364830017,,0,0,0,0,0,0,0,0,0,0
drop,clean+shift,41,12,PrimaryRaw,0,10,1,0.1,1,0.23877818882465363,,0,0,0,0,0,0,0,0,0,0
drop,clean+shift,41,12,PrimaryTrustCalib,0,10,1,0.1,1,0.23877818882465363,accept,0,0,0,0,0,0,0,0,0,0
drop,clean+shift,41,12,MultiPeerObjectGuard,0,10,1,0.1,1,0.23877818882465363,accept,0,0,0,0,10,10,10,10,0,0
drop,clean+shift,41,13,EgoOnly,0,10,1,0.1,1,0.2156437188386917,,0,0,0,0,0,0,0,0,0,0
drop,clean+shift,41,13,CleanCoop,0,10,1,0.1,1,0.288473516702652,,0,0,0,0,0,0,0,0,0,0
drop,clean+shift,41,13,PrimaryRaw,0,10,1,0.1,1,0.23089033365249634,,0,0,0,0,0,0,0,0,0,0
drop,clean+shift,41,13,PrimaryTrustCalib,0,10,1,0.1,1,0.23089033365249634,accept,0,0,0,0,0,0,0,0,0,0
drop,clean+shift,41,13,MultiPeerObjectGuard,0,10,1,0.1,1,0.268148273229599,accept,0,0,0,0,12,12,12,12,0,0
drop,clean+shift,41,14,EgoOnly,0,10,1,0.2,2,0.1952163428068161,,0,0,0,0,0,0,0,0,0,0
drop,clean+shift,41,14,CleanCoop,0,10,1,0.2,2,0.30043303966522217,,0,0,0,0,0,0,0,0,0,0
drop,clean+shift,41,14,PrimaryRaw,0,10,1,0.2,2,0.2134019136428833,,0,0,0,0,0,0,0,0,0,0
drop,clean+shift,41,14,PrimaryTrustCalib,0,10,1,0.2,2,0.2134019136428833,accept,0,0,0,0,0,0,0,0,0,0
drop,clean+shift,41,14,MultiPeerObjectGuard,0,10,1,0.2,2,0.3004330098628998,accept,0,0,0,0,15,15,15,15,0,0
drop,clean+shift,41,15,EgoOnly,0,10,1,0.1,1,0.178977370262146,,0,0,0,0,0,0,0,0,0,0
drop,clean+shift,41,15,CleanCoop,0,10,1,0.1,1,0.3085958659648895,,0,0,0,0,0,0,0,0,0,0
drop,clean+shift,41,15,PrimaryRaw,0,10,1,0.1,1,0.37668588757514954,,0,0,0,0,0,0,0,0,0,0
drop,clean+shift,41,15,PrimaryTrustCalib,0,10,1,0.1,1,0.37668588757514954,accept,0,0,0,0,0,0,0,0,0,0
drop,clean+shift,41,15,MultiPeerObjectGuard,0,10,1,0.1,1,0.375582754611969,accept,0,0,0,0,12,12,12,12,0,0
drop,clean+shift,41,16,EgoOnly,0,10,1,0.1,1,0.19009390473365784,,0,0,0,0,0,0,0,0,0,0
drop,clean+shift,41,16,CleanCoop,0,10,1,0.1,1,0.3121417164802551,,0,0,0,0,0,0,0,0,0,0
drop,clean+shift,41,16,PrimaryRaw,0,10,1,0.1,1,0.18160408735275269,,0,0,0,0,0,0,0,0,0,0
drop,clean+shift,41,16,PrimaryTrustCalib,0,10,1,0.1,1,0.18160408735275269,accept,0,0,0,0,0,0,0,0,0,0
drop,clean+shift,41,16,MultiPeerObjectGuard,0,10,1,0.1,1,0.20198491215705872,accept,0,0,0,0,11,11,11,11,0,0
drop,clean+shift,41,17,EgoOnly,0,10,1,0.1,1,0.21306857466697693,,0,0,0,0,0,0,0,0,0,0
drop,clean+shift,41,17,CleanCoop,0,10,1,0.1,1,0.3185713589191437,,0,0,0,0,0,0,0,0,0,0
drop,clean+shift,41,17,PrimaryRaw,0,10,1,0.1,1,0.22220510244369507,,0,0,0,0,0,0,0,0,0,0
drop,clean+shift,41,17,PrimaryTrustCalib,0,10,1,0.1,1,0.22220510244369507,accept,0,0,0,0,0,0,0,0,0,0
drop,clean+shift,41,17,MultiPeerObjectGuard,0,10,1,0.1,1,0.3116019666194916,accept,0,0,0,0,15,15,15,15,0,0
drop,clean+shift,41,18,EgoOnly,0,10,0,0.0,0,0.18414363265037537,,0,0,0,0,0,0,0,0,0,0
drop,clean+shift,41,18,CleanCoop,0,10,1,0.1,1,0.3280959725379944,,0,0,0,0,0,0,0,0,0,0
drop,clean+shift,41,18,PrimaryRaw,0,10,1,0.1,1,0.333149254322052,,0,0,0,0,0,0,0,0,0,0
drop,clean+shift,41,18,PrimaryTrustCalib,0,10,1,0.1,1,0.333149254322052,accept,0,0,0,0,0,0,0,0,0,0
drop,clean+shift,41,18,MultiPeerObjectGuard,0,10,1,0.1,1,0.3545039892196655,accept,0,0,0,0,12,12,12,12,0,0
drop,clean+shift,41,19,EgoOnly,0,10,0,0.0,0,0.22757525742053986,,0,0,0,0,0,0,0,0,0,0
drop,clean+shift,41,19,CleanCoop,0,10,1,0.0,0,0.3315742611885071,,0,0,0,0,0,0,0,0,0,0
drop,clean+shift,41,19,PrimaryRaw,0,10,0,0.0,0,0.2627142369747162,,0,0,0,0,0,0,0,0,0,0
drop,clean+shift,41,19,PrimaryTrustCalib,0,10,0,0.0,0,0.2627142369747162,accept,0,0,0,0,0,0,0,0,0,0
drop,clean+shift,41,19,MultiPeerObjectGuard,0,10,0,0.0,0,0.2627142369747162,accept,0,0,0,0,9,9,9,9,0,0
drop,clean+shift,48,0,EgoOnly,0,10,1,0.3,3,0.1500997692346573,,0,0,0,0,0,0,0,0,0,0
drop,clean+shift,48,0,CleanCoop,0,10,1,0.3,3,0.15068784356117249,,0,0,0,0,0,0,0,0,0,0
drop,clean+shift,48,0,PrimaryRaw,0,10,1,0.3,3,0.17449313402175903,,0,0,0,0,0,0,0,0,0,0
drop,clean+shift,48,0,PrimaryTrustCalib,0,10,1,0.3,3,0.17449313402175903,accept,0,0,0,0,0,0,0,0,0,0
drop,clean+shift,48,0,MultiPeerObjectGuard,0,10,1,0.3,3,0.17192615568637848,accept,0,0,0,0,12,12,12,12,0,0
drop,clean+shift,48,1,EgoOnly,0,10,1,0.3,3,0.14381533861160278,,0,0,0,0,0,0,0,0,0,0
drop,clean+shift,48,1,CleanCoop,0,10,1,0.3,3,0.14554333686828613,,0,0,0,0,0,0,0,0,0,0
drop,clean+shift,48,1,PrimaryRaw,0,10,1,0.3,3,0.16166187822818756,,0,0,0,0,0,0,0,0,0,0
drop,clean+shift,48,1,PrimaryTrustCalib,0,10,1,0.3,3,0.16166187822818756,accept,0,0,0,0,0,0,0,0,0,0
drop,clean+shift,48,1,MultiPeerObjectGuard,0,10,1,0.3,3,0.14453940093517303,accept,0,0,0,0,13,13,13,13,0,0
drop,clean+shift,48,2,EgoOnly,0,10,1,0.3,3,0.15222841501235962,,0,0,0,0,0,0,0,0,0,0
drop,clean+shift,48,2,CleanCoop,0,10,1,0.3,3,0.14246758818626404,,0,0,0,0,0,0,0,0,0,0
drop,clean+shift,48,2,PrimaryRaw,0,10,1,0.3,3,0.16473521292209625,,0,0,0,0,0,0,0,0,0,0
drop,clean+shift,48,2,PrimaryTrustCalib,0,10,1,0.3,3,0.16473521292209625,accept,0,0,0,0,0,0,0,0,0,0
drop,clean+shift,48,2,MultiPeerObjectGuard,0,10,1,0.3,3,0.14190571010112762,accept,0,0,0,0,10,10,10,10,0,0
drop,clean+shift,48,3,EgoOnly,0,10,1,0.3,3,0.14789125323295593,,0,0,0,0,0,0,0,0,0,0
drop,clean+shift,48,3,CleanCoop,0,10,1,0.3,3,0.13624307513237,,0,0,0,0,0,0,0,0,0,0
drop,clean+shift,48,3,PrimaryRaw,0,10,1,0.3,3,0.15967755019664764,,0,0,0,0,0,0,0,0,0,0
drop,clean+shift,48,3,PrimaryTrustCalib,0,10,1,0.3,3,0.15967755019664764,accept,0,0,0,0,0,0,0,0,0,0
drop,clean+shift,48,3,MultiPeerObjectGuard,0,10,1,0.3,3,0.1471608430147171,accept,0,0,0,0,12,12,12,12,0,0
drop,clean+shift,48,4,EgoOnly,0,10,1,0.2,2,0.13582871854305267,,0,0,0,0,0,0,0,0,0,0
drop,clean+shift,48,4,CleanCoop,0,10,1,0.2,2,0.12643973529338837,,0,0,0,0,0,0,0,0,0,0
drop,clean+shift,48,4,PrimaryRaw,0,10,1,0.2,2,0.12096216529607773,,0,0,0,0,0,0,0,0,0,0
drop,clean+shift,48,4,PrimaryTrustCalib,0,10,1,0.2,2,0.12096216529607773,accept,0,0,0,0,0,0,0,0,0,0
drop,clean+shift,48,4,MultiPeerObjectGuard,0,10,1,0.2,2,0.12643970549106598,accept,0,0,0,0,12,12,12,12,0,0
drop,clean+shift,48,5,EgoOnly,0,10,1,0.2,2,0.14596647024154663,,0,0,0,0,0,0,0,0,0,0
drop,clean+shift,48,5,CleanCoop,0,10,1,0.2,2,0.13892672955989838,,0,0,0,0,0,0,0,0,0,0
drop,clean+shift,48,5,PrimaryRaw,0,10,1,0.2,2,0.15014567971229553,,0,0,0,0,0,0,0,0,0,0
drop,clean+shift,48,5,PrimaryTrustCalib,0,10,1,0.2,2,0.15014567971229553,accept,0,0,0,0,0,0,0,0,0,0
drop,clean+shift,48,5,MultiPeerObjectGuard,0,10,1,0.2,2,0.13777825236320496,accept,0,0,0,0,10,10,10,10,0,0
drop,clean+shift,48,6,EgoOnly,0,10,1,0.1,1,0.14645522832870483,,0,0,0,0,0,0,0,0,0,0
drop,clean+shift,48,6,CleanCoop,0,10,1,0.1,1,0.142168790102005,,0,0,0,0,0,0,0,0,0,0
drop,clean+shift,48,6,PrimaryRaw,0,10,1,0.1,1,0.12617449462413788,,0,0,0,0,0,0,0,0,0,0
drop,clean+shift,48,6,PrimaryTrustCalib,0,10,1,0.1,1,0.12617449462413788,accept,0,0,0,0,0,0,0,0,0,0
drop,clean+shift,48,6,MultiPeerObjectGuard,0,10,1,0.1,1,0.14034998416900635,accept,0,0,0,0,12,12,12,12,0,0
drop,clean+shift,48,7,EgoOnly,0,10,0,0.0,0,0.13075391948223114,,0,0,0,0,0,0,0,0,0,0
drop,clean+shift,48,7,CleanCoop,0,10,0,0.0,0,0.1438637673854828,,0,0,0,0,0,0,0,0,0,0
drop,clean+shift,48,7,PrimaryRaw,0,10,0,0.0,0,0.18845316767692566,,0,0,0,0,0,0,0,0,0,0
drop,clean+shift,48,7,PrimaryTrustCalib,0,10,0,0.0,0,0.18845316767692566,accept,0,0,0,0,0,0,0,0,0,0
drop,clean+shift,48,7,MultiPeerObjectGuard,0,10,0,0.0,0,0.14348575472831726,accept,0,0,0,0,10,10,10,10,0,0
drop,clean+shift,48,8,EgoOnly,0,10,0,0.0,0,0.12252696603536606,,0,0,0,0,0,0,0,0,0,0
drop,clean+shift,48,8,CleanCoop,0,10,0,0.0,0,0.13393360376358032,,0,0,0,0,0,0,0,0,0,0
drop,clean+shift,48,8,PrimaryRaw,0,10,0,0.0,0,0.12412403523921967,,0,0,0,0,0,0,0,0,0,0
drop,clean+shift,48,8,PrimaryTrustCalib,0,10,0,0.0,0,0.12412403523921967,accept,0,0,0,0,0,0,0,0,0,0
drop,clean+shift,48,8,MultiPeerObjectGuard,0,10,0,0.0,0,0.13393360376358032,accept,0,0,0,0,16,16,16,16,0,0
drop,clean+shift,48,9,EgoOnly,0,10,0,0.0,0,0.1597805917263031,,0,0,0,0,0,0,0,0,0,0
drop,clean+shift,48,9,CleanCoop,0,10,0,0.0,0,0.13794760406017303,,0,0,0,0,0,0,0,0,0,0
drop,clean+shift,48,9,PrimaryRaw,0,10,0,0.0,0,0.16390004754066467,,0,0,0,0,0,0,0,0,0,0
drop,clean+shift,48,9,PrimaryTrustCalib,0,10,0,0.0,0,0.16390004754066467,accept,0,0,0,0,0,0,0,0,0,0
drop,clean+shift,48,9,MultiPeerObjectGuard,0,10,0,0.0,0,0.13224022090435028,accept,0,0,0,0,11,11,11,11,0,0
drop,clean+shift,48,10,EgoOnly,0,10,0,0.0,0,0.14668256044387817,,0,0,0,0,0,0,0,0,0,0
drop,clean+shift,48,10,CleanCoop,0,10,0,0.0,0,0.13846179842948914,,0,0,0,0,0,0,0,0,0,0
drop,clean+shift,48,10,PrimaryRaw,0,10,0,0.0,0,0.15930651128292084,,0,0,0,0,0,0,0,0,0,0
drop,clean+shift,48,10,PrimaryTrustCalib,0,10,0,0.0,0,0.15930651128292084,accept,0,0,0,0,0,0,0,0,0,0
drop,clean+shift,48,10,MultiPeerObjectGuard,0,10,0,0.0,0,0.14028578996658325,accept,0,0,0,0,9,9,9,9,0,0
drop,clean+shift,48,11,EgoOnly,0,10,0,0.0,0,0.17090672254562378,,0,0,0,0,0,0,0,0,0,0
drop,clean+shift,48,11,CleanCoop,0,10,0,0.0,0,0.1416732668876648,,0,0,0,0,0,0,0,0,0,0
drop,clean+shift,48,11,PrimaryRaw,0,10,0,0.0,0,0.18769726157188416,,0,0,0,0,0,0,0,0,0,0
drop,clean+shift,48,11,PrimaryTrustCalib,0,10,0,0.0,0,0.18769726157188416,accept,0,0,0,0,0,0,0,0,0,0
drop,clean+shift,48,11,MultiPeerObjectGuard,0,10,0,0.0,0,0.14394816756248474,accept,0,0,0,0,10,10,10,10,0,0
drop,clean+shift,48,12,EgoOnly,0,10,0,0.0,0,0.1607835441827774,,0,0,0,0,0,0,0,0,0,0
drop,clean+shift,48,12,CleanCoop,0,10,0,0.0,0,0.1643766313791275,,0,0,0,0,0,0,0,0,0,0
drop,clean+shift,48,12,PrimaryRaw,0,10,0,0.0,0,0.16795513033866882,,0,0,0,0,0,0,0,0,0,0
drop,clean+shift,48,12,PrimaryTrustCalib,0,10,0,0.0,0,0.16795513033866882,accept,0,0,0,0,0,0,0,0,0,0
drop,clean+shift,48,12,MultiPeerObjectGuard,0,10,0,0.0,0,0.15615220367908478,accept,0,0,0,0,13,13,13,13,0,0
drop,clean+shift,48,13,EgoOnly,0,10,1,0.2,2,0.21519114077091217,,0,0,0,0,0,0,0,0,0,0
drop,clean+shift,48,13,CleanCoop,0,10,1,0.2,2,0.1632809042930603,,0,0,0,0,0,0,0,0,0,0
drop,clean+shift,48,13,PrimaryRaw,0,10,1,0.2,2,0.32212817668914795,,0,0,0,0,0,0,0,0,0,0
drop,clean+shift,48,13,PrimaryTrustCalib,0,10,1,0.2,2,0.32212817668914795,accept,0,0,0,0,0,0,0,0,0,0
drop,clean+shift,48,13,MultiPeerObjectGuard,0,10,1,0.2,2,0.15959982573986053,accept,0,0,0,0,12,12,12,12,0,0
drop,clean+shift,48,14,EgoOnly,0,10,1,0.2,2,0.18602381646633148,,0,0,0,0,0,0,0,0,0,0
drop,clean+shift,48,14,CleanCoop,0,10,1,0.2,2,0.17839182913303375,,0,0,0,0,0,0,0,0,0,0
drop,clean+shift,48,14,PrimaryRaw,0,10,1,0.2,2,0.21057955920696259,,0,0,0,0,0,0,0,0,0,0
drop,clean+shift,48,14,PrimaryTrustCalib,0,10,1,0.2,2,0.21057955920696259,accept,0,0,0,0,0,0,0,0,0,0
drop,clean+shift,48,14,MultiPeerObjectGuard,0,10,1,0.2,2,0.16951805353164673,accept,0,0,0,0,9,9,9,9,0,0
drop,clean+shift,48,15,EgoOnly,0,10,1,0.2,2,0.21464546024799347,,0,0,0,0,0,0,0,0,0,0
drop,clean+shift,48,15,CleanCoop,0,10,1,0.2,2,0.167792409658432,,0,0,0,0,0,0,0,0,0,0
drop,clean+shift,48,15,PrimaryRaw,0,10,1,0.2,2,0.19628141820430756,,0,0,0,0,0,0,0,0,0,0
drop,clean+shift,48,15,PrimaryTrustCalib,0,10,1,0.2,2,0.19628141820430756,accept,0,0,0,0,0,0,0,0,0,0
drop,clean+shift,48,15,MultiPeerObjectGuard,0,10,1,0.2,2,0.1630857288837433,accept,0,0,0,0,13,13,13,13,0,0
drop,clean+shift,48,16,EgoOnly,0,10,1,0.2,2,0.2323460727930069,,0,0,0,0,0,0,0,0,0,0
drop,clean+shift,48,16,CleanCoop,0,10,1,0.2,2,0.16345064342021942,,0,0,0,0,0,0,0,0,0,0
drop,clean+shift,48,16,PrimaryRaw,0,10,1,0.2,2,0.17323818802833557,,0,0,0,0,0,0,0,0,0,0
drop,clean+shift,48,16,PrimaryTrustCalib,0,10,1,0.2,2,0.17323818802833557,accept,0,0,0,0,0,0,0,0,0,0
drop,clean+shift,48,16,MultiPeerObjectGuard,0,10,1,0.2,2,0.16243776679039001,accept,0,0,0,0,11,11,11,11,0,0
drop,clean+shift,48,17,EgoOnly,0,10,1,0.0,0,0.4128149449825287,,0,0,0,0,0,0,0,0,0,0
drop,clean+shift,48,17,CleanCoop,0,10,1,0.2,2,0.18799735605716705,,0,0,0,0,0,0,0,0,0,0
drop,clean+shift,48,17,PrimaryRaw,0,10,1,0.2,2,0.2569648325443268,,0,0,0,0,0,0,0,0,0,0
drop,clean+shift,48,17,PrimaryTrustCalib,0,10,1,0.2,2,0.2569648325443268,accept,0,0,0,0,0,0,0,0,0,0
drop,clean+shift,48,17,MultiPeerObjectGuard,0,10,1,0.2,2,0.18779288232326508,accept,0,0,0,0,12,12,12,12,0,0
drop,clean+shift,48,18,EgoOnly,2,10,0,0.0,0,0.17490296065807343,,0,0,0,0,0,0,0,0,0,0
drop,clean+shift,48,18,CleanCoop,0,10,1,0.4,4,0.20110535621643066,,0,0,0,0,0,0,0,0,0,0
drop,clean+shift,48,18,PrimaryRaw,2,10,0,0.0,0,0.1806604117155075,,0,0,0,0,0,0,0,0,0,0
drop,clean+shift,48,18,PrimaryTrustCalib,2,10,0,0.0,0,0.1806604117155075,accept,0,0,0,0,0,0,0,0,0,0
drop,clean+shift,48,18,MultiPeerObjectGuard,0,10,1,0.4,4,0.1990291327238083,accept,0,0,0,0,14,14,14,14,0,0
drop,clean+shift,48,19,EgoOnly,3,10,0,0.0,0,0.17534078657627106,,0,0,0,0,0,0,0,0,0,0
drop,clean+shift,48,19,CleanCoop,1,10,1,0.8,8,0.19903235137462616,,0,0,0,0,0,0,0,0,0,0
drop,clean+shift,48,19,PrimaryRaw,3,10,0,0.0,0,0.1823117733001709,,0,0,0,0,0,0,0,0,0,0
drop,clean+shift,48,19,PrimaryTrustCalib,3,10,0,0.0,0,0.1823117733001709,accept,0,0,0,0,0,0,0,0,0,0
drop,clean+shift,48,19,MultiPeerObjectGuard,1,10,1,0.8,8,0.19779083132743835,accept,0,0,0,0,13,13,13,13,0,0
drop,clean+shift,51,0,EgoOnly,0,10,1,0.2,2,0.153463214635849,,0,0,0,0,0,0,0,0,0,0
drop,clean+shift,51,0,CleanCoop,3,10,1,0.9,9,0.14610886573791504,,0,0,0,0,0,0,0,0,0,0
drop,clean+shift,51,0,PrimaryRaw,0,10,1,0.2,2,0.1459372490644455,,0,0,0,0,0,0,0,0,0,0
drop,clean+shift,51,0,PrimaryTrustCalib,0,10,1,0.2,2,0.1459372490644455,accept,0,0,0,0,0,0,0,0,0,0
drop,clean+shift,51,0,MultiPeerObjectGuard,3,10,1,0.9,9,0.1459372490644455,accept,0,0,0,0,16,16,16,16,0,0
drop,clean+shift,51,1,EgoOnly,0,10,1,0.2,2,0.1537245362997055,,0,0,0,0,0,0,0,0,0,0
drop,clean+shift,51,1,CleanCoop,2,10,1,0.9,9,0.14493833482265472,,0,0,0,0,0,0,0,0,0,0
drop,clean+shift,51,1,PrimaryRaw,0,10,1,0.2,2,0.1714312583208084,,0,0,0,0,0,0,0,0,0,0
drop,clean+shift,51,1,PrimaryTrustCalib,0,10,1,0.2,2,0.1714312583208084,accept,0,0,0,0,0,0,0,0,0,0
drop,clean+shift,51,1,MultiPeerObjectGuard,2,10,1,0.9,9,0.1714312583208084,accept,0,0,0,0,14,14,14,14,0,0
drop,clean+shift,51,2,EgoOnly,0,10,1,0.2,2,0.15420682728290558,,0,0,0,0,0,0,0,0,0,0
drop,clean+shift,51,2,CleanCoop,0,10,1,0.8,8,0.14263398945331573,,0,0,0,0,0,0,0,0,0,0
drop,clean+shift,51,2,PrimaryRaw,0,10,1,0.2,2,0.15411336719989777,,0,0,0,0,0,0,0,0,0,0
drop,clean+shift,51,2,PrimaryTrustCalib,0,10,1,0.2,2,0.15411336719989777,accept,0,0,0,0,0,0,0,0,0,0
drop,clean+shift,51,2,MultiPeerObjectGuard,0,10,1,0.8,8,0.15411336719989777,accept,0,0,0,0,18,18,18,18,0,0
drop,clean+shift,51,3,EgoOnly,0,10,1,0.1,1,0.15106184780597687,,0,0,0,0,0,0,0,0,0,0
drop,clean+shift,51,3,CleanCoop,1,10,1,0.7,7,0.13640965521335602,,0,0,0,0,0,0,0,0,0,0
drop,clean+shift,51,3,PrimaryRaw,0,10,1,0.1,1,0.13866016268730164,,0,0,0,0,0,0,0,0,0,0
drop,clean+shift,51,3,PrimaryTrustCalib,0,10,1,0.1,1,0.13866016268730164,accept,0,0,0,0,0,0,0,0,0,0
drop,clean+shift,51,3,MultiPeerObjectGuard,1,10,1,0.7,7,0.13866016268730164,accept,0,0,0,0,16,16,16,16,0,0
drop,clean+shift,51,4,EgoOnly,0,10,1,0.4,4,0.1549200415611267,,0,0,0,0,0,0,0,0,0,0
drop,clean+shift,51,4,CleanCoop,0,10,1,0.4,4,0.1549200415611267,,0,0,0,0,0,0,0,0,0,0
drop,clean+shift,51,4,PrimaryRaw,0,10,1,0.4,4,0.1549200415611267,,0,0,0,0,0,0,0,0,0,0
drop,clean+shift,51,4,PrimaryTrustCalib,0,10,1,0.4,4,0.1549200415611267,accept,0,0,0,0,0,0,0,0,0,0
drop,clean+shift,51,4,MultiPeerObjectGuard,0,10,1,0.4,4,0.1549200415611267,accept,0,0,0,0,15,15,15,15,0,0
drop,clean+shift,51,5,EgoOnly,0,10,1,0.4,4,0.15575920045375824,,0,0,0,0,0,0,0,0,0,0
drop,clean+shift,51,5,CleanCoop,0,10,1,0.4,4,0.15575920045375824,,0,0,0,0,0,0,0,0,0,0
drop,clean+shift,51,5,PrimaryRaw,0,10,1,0.4,4,0.15575920045375824,,0,0,0,0,0,0,0,0,0,0
drop,clean+shift,51,5,PrimaryTrustCalib,0,10,1,0.4,4,0.15575920045375824,accept,0,0,0,0,0,0,0,0,0,0
drop,clean+shift,51,5,MultiPeerObjectGuard,0,10,1,0.4,4,0.15575920045375824,accept,0,0,0,0,14,14,14,14,0,0
drop,clean+shift,51,6,EgoOnly,0,10,1,0.3,3,0.15261702239513397,,0,0,0,0,0,0,0,0,0,0
drop,clean+shift,51,6,CleanCoop,0,10,1,0.3,3,0.14210116863250732,,0,0,0,0,0,0,0,0,0,0
drop,clean+shift,51,6,PrimaryRaw,0,10,1,0.3,3,0.15493080019950867,,0,0,0,0,0,0,0,0,0,0
drop,clean+shift,51,6,PrimaryTrustCalib,0,10,1,0.3,3,0.15493080019950867,accept,0,0,0,0,0,0,0,0,0,0
drop,clean+shift,51,6,MultiPeerObjectGuard,0,10,1,0.3,3,0.15493080019950867,accept,0,0,0,0,13,13,13,13,0,0
drop,clean+shift,51,7,EgoOnly,0,10,1,0.2,2,0.14760179817676544,,0,0,0,0,0,0,0,0,0,0
drop,clean+shift,51,7,CleanCoop,0,10,1,0.2,2,0.12947477400302887,,0,0,0,0,0,0,0,0,0,0
drop,clean+shift,51,7,PrimaryRaw,0,10,1,0.2,2,0.12947477400302887,,0,0,0,0,0,0,0,0,0,0
drop,clean+shift,51,7,PrimaryTrustCalib,0,10,1,0.2,2,0.12947477400302887,accept,0,0,0,0,0,0,0,0,0,0
drop,clean+shift,51,7,MultiPeerObjectGuard,0,10,1,0.2,2,0.12947477400302887,accept,0,0,0,0,12,12,12,12,0,0
drop,clean+shift,51,8,EgoOnly,0,10,1,0.1,1,0.14599643647670746,,0,0,0,0,0,0,0,0,0,0
drop,clean+shift,51,8,CleanCoop,0,10,1,0.1,1,0.14599643647670746,,0,0,0,0,0,0,0,0,0,0
drop,clean+shift,51,8,PrimaryRaw,0,10,1,0.1,1,0.14599643647670746,,0,0,0,0,0,0,0,0,0,0
drop,clean+shift,51,8,PrimaryTrustCalib,0,10,1,0.1,1,0.14599643647670746,accept,0,0,0,0,0,0,0,0,0,0
drop,clean+shift,51,8,MultiPeerObjectGuard,0,10,1,0.1,1,0.14599643647670746,accept,0,0,0,0,15,15,15,15,0,0
drop,clean+shift,51,9,EgoOnly,0,10,1,0.1,1,0.14021654427051544,,0,0,0,0,0,0,0,0,0,0
drop,clean+shift,51,9,CleanCoop,0,10,1,0.1,1,0.14021654427051544,,0,0,0,0,0,0,0,0,0,0
drop,clean+shift,51,9,PrimaryRaw,0,10,1,0.1,1,0.14021654427051544,,0,0,0,0,0,0,0,0,0,0
drop,clean+shift,51,9,PrimaryTrustCalib,0,10,1,0.1,1,0.14021654427051544,accept,0,0,0,0,0,0,0,0,0,0
drop,clean+shift,51,9,MultiPeerObjectGuard,0,10,1,0.1,1,0.14021654427051544,accept,0,0,0,0,13,13,13,13,0,0
drop,clean+shift,51,10,EgoOnly,0,10,1,0.1,1,0.1299562305212021,,0,0,0,0,0,0,0,0,0,0
drop,clean+shift,51,10,CleanCoop,0,10,1,0.1,1,0.09632452577352524,,0,0,0,0,0,0,0,0,0,0
drop,clean+shift,51,10,PrimaryRaw,0,10,1,0.1,1,0.09632452577352524,,0,0,0,0,0,0,0,0,0,0
drop,clean+shift,51,10,PrimaryTrustCalib,0,10,1,0.1,1,0.09632452577352524,accept,0,0,0,0,0,0,0,0,0,0
drop,clean+shift,51,10,MultiPeerObjectGuard,0,10,1,0.1,1,0.09632452577352524,accept,0,0,0,0,13,13,13,13,0,0
drop,clean+shift,51,11,EgoOnly,0,10,1,0.1,1,0.1314845085144043,,0,0,0,0,0,0,0,0,0,0
drop,clean+shift,51,11,CleanCoop,0,10,1,0.1,1,0.11474549770355225,,0,0,0,0,0,0,0,0,0,0
drop,clean+shift,51,11,PrimaryRaw,0,10,1,0.1,1,0.08989623188972473,,0,0,0,0,0,0,0,0,0,0
drop,clean+shift,51,11,PrimaryTrustCalib,0,10,1,0.1,1,0.08989623188972473,accept,0,0,0,0,0,0,0,0,0,0
drop,clean+shift,51,11,MultiPeerObjectGuard,0,10,1,0.1,1,0.08989623188972473,accept,0,0,0,0,15,15,15,15,0,0
drop,clean+shift,51,12,EgoOnly,0,10,1,0.2,2,0.13869954645633698,,0,0,0,0,0,0,0,0,0,0
drop,clean+shift,51,12,CleanCoop,0,10,1,0.2,2,0.09985850006341934,,0,0,0,0,0,0,0,0,0,0
drop,clean+shift,51,12,PrimaryRaw,0,10,1,0.2,2,0.1759815663099289,,0,0,0,0,0,0,0,0,0,0
drop,clean+shift,51,12,PrimaryTrustCalib,0,10,1,0.2,2,0.1759815663099289,accept,0,0,0,0,0,0,0,0,0,0
drop,clean+shift,51,12,MultiPeerObjectGuard,0,10,1,0.2,2,0.1759815663099289,accept,0,0,0,0,15,15,15,15,0,0
drop,clean+shift,51,13,EgoOnly,0,10,1,0.1,1,0.13432563841342926,,0,0,0,0,0,0,0,0,0,0
drop,clean+shift,51,13,CleanCoop,0,10,1,0.1,1,0.11732093244791031,,0,0,0,0,0,0,0,0,0,0
drop,clean+shift,51,13,PrimaryRaw,0,10,1,0.1,1,0.09948059171438217,,0,0,0,0,0,0,0,0,0,0
drop,clean+shift,51,13,PrimaryTrustCalib,0,10,1,0.1,1,0.09948059171438217,accept,0,0,0,0,0,0,0,0,0,0
drop,clean+shift,51,13,MultiPeerObjectGuard,0,10,1,0.1,1,0.09948059171438217,accept,0,0,0,0,12,12,12,12,0,0
drop,clean+shift,51,14,EgoOnly,0,10,1,0.3,3,0.13579681515693665,,0,0,0,0,0,0,0,0,0,0
drop,clean+shift,51,14,CleanCoop,0,10,1,0.3,3,0.1192258968949318,,0,0,0,0,0,0,0,0,0,0
drop,clean+shift,51,14,PrimaryRaw,0,10,1,0.3,3,0.10459703952074051,,0,0,0,0,0,0,0,0,0,0
drop,clean+shift,51,14,PrimaryTrustCalib,0,10,1,0.3,3,0.10459703952074051,accept,0,0,0,0,0,0,0,0,0,0
drop,clean+shift,51,14,MultiPeerObjectGuard,0,10,1,0.3,3,0.10459703952074051,accept,0,0,0,0,12,12,12,12,0,0
drop,clean+shift,51,15,EgoOnly,0,10,1,0.2,2,0.135295107960701,,0,0,0,0,0,0,0,0,0,0
drop,clean+shift,51,15,CleanCoop,0,10,1,0.2,2,0.11708758771419525,,0,0,0,0,0,0,0,0,0,0
drop,clean+shift,51,15,PrimaryRaw,0,10,1,0.2,2,0.08783110231161118,,0,0,0,0,0,0,0,0,0,0
drop,clean+shift,51,15,PrimaryTrustCalib,0,10,1,0.2,2,0.08783110231161118,accept,0,0,0,0,0,0,0,0,0,0
drop,clean+shift,51,15,MultiPeerObjectGuard,0,10,1,0.2,2,0.08783110231161118,accept,0,0,0,0,10,10,10,10,0,0
drop,clean+shift,51,16,EgoOnly,0,10,1,0.2,2,0.14619138836860657,,0,0,0,0,0,0,0,0,0,0
drop,clean+shift,51,16,CleanCoop,0,10,1,0.2,2,0.1121356263756752,,0,0,0,0,0,0,0,0,0,0
drop,clean+shift,51,16,PrimaryRaw,0,10,1,0.2,2,0.22975991666316986,,0,0,0,0,0,0,0,0,0,0
drop,clean+shift,51,16,PrimaryTrustCalib,0,10,1,0.2,2,0.22975991666316986,accept,0,0,0,0,0,0,0,0,0,0
drop,clean+shift,51,16,MultiPeerObjectGuard,0,10,1,0.2,2,0.22975991666316986,accept,0,0,0,0,14,13,14,13,0,0
drop,clean+shift,51,17,EgoOnly,0,10,1,0.2,2,0.17738620936870575,,0,0,0,0,0,0,0,0,0,0
drop,clean+shift,51,17,CleanCoop,0,10,1,0.2,2,0.11822301894426346,,0,0,0,0,0,0,0,0,0,0
drop,clean+shift,51,17,PrimaryRaw,0,10,1,0.2,2,0.12220783531665802,,0,0,0,0,0,0,0,0,0,0
drop,clean+shift,51,17,PrimaryTrustCalib,0,10,1,0.2,2,0.12220783531665802,accept,0,0,0,0,0,0,0,0,0,0
drop,clean+shift,51,17,MultiPeerObjectGuard,0,10,1,0.2,2,0.12220783531665802,accept,0,0,0,0,14,13,14,13,0,0
drop,clean+shift,51,18,EgoOnly,0,10,1,0.2,2,0.20916342735290527,,0,0,0,0,0,0,0,0,0,0
drop,clean+shift,51,18,CleanCoop,0,10,1,0.2,2,0.16123582422733307,,0,0,0,0,0,0,0,0,0,0
drop,clean+shift,51,18,PrimaryRaw,0,10,1,0.2,2,0.1516590267419815,,0,0,0,0,0,0,0,0,0,0
drop,clean+shift,51,18,PrimaryTrustCalib,0,10,1,0.2,2,0.1516590267419815,accept,0,0,0,0,0,0,0,0,0,0
drop,clean+shift,51,18,MultiPeerObjectGuard,0,10,1,0.2,2,0.1516590267419815,accept,0,0,0,0,10,10,10,10,0,0
drop,clean+shift,51,19,EgoOnly,0,10,1,0.2,2,0.23094622790813446,,0,0,0,0,0,0,0,0,0,0
drop,clean+shift,51,19,CleanCoop,0,10,1,0.2,2,0.11184413731098175,,0,0,0,0,0,0,0,0,0,0
drop,clean+shift,51,19,PrimaryRaw,0,10,1,0.2,2,0.29757413268089294,,0,0,0,0,0,0,0,0,0,0
drop,clean+shift,51,19,PrimaryTrustCalib,0,10,1,0.2,2,0.29757413268089294,accept,0,0,0,0,0,0,0,0,0,0
drop,clean+shift,51,19,MultiPeerObjectGuard,0,10,1,0.2,2,0.29757413268089294,accept,0,0,0,0,15,15,15,15,0,0
drop,clean+shift,55,0,EgoOnly,0,10,0,0.0,0,0.1535462886095047,,0,0,0,0,0,0,0,0,0,0
drop,clean+shift,55,0,CleanCoop,0,10,0,0.0,0,0.1697874814271927,,0,0,0,0,0,0,0,0,0,0
drop,clean+shift,55,0,PrimaryRaw,0,10,0,0.0,0,0.15023018419742584,,0,0,0,0,0,0,0,0,0,0
drop,clean+shift,55,0,PrimaryTrustCalib,0,10,0,0.0,0,0.15023018419742584,accept,0,0,0,0,0,0,0,0,0,0
drop,clean+shift,55,0,MultiPeerObjectGuard,0,10,0,0.0,0,0.15023018419742584,accept,0,0,0,0,18,17,18,17,0,0
drop,clean+shift,55,1,EgoOnly,0,10,0,0.0,0,0.15330134332180023,,0,0,0,0,0,0,0,0,0,0
drop,clean+shift,55,1,CleanCoop,0,10,0,0.0,0,0.16988931596279144,,0,0,0,0,0,0,0,0,0,0
drop,clean+shift,55,1,PrimaryRaw,0,10,0,0.0,0,0.16335920989513397,,0,0,0,0,0,0,0,0,0,0
drop,clean+shift,55,1,PrimaryTrustCalib,0,10,0,0.0,0,0.16335920989513397,accept,0,0,0,0,0,0,0,0,0,0
drop,clean+shift,55,1,MultiPeerObjectGuard,0,10,0,0.0,0,0.16335920989513397,accept,0,0,0,0,15,15,15,15,0,0
drop,clean+shift,55,2,EgoOnly,0,10,0,0.0,0,0.2050769329071045,,0,0,0,0,0,0,0,0,0,0
drop,clean+shift,55,2,CleanCoop,0,10,0,0.0,0,0.18493962287902832,,0,0,0,0,0,0,0,0,0,0
drop,clean+shift,55,2,PrimaryRaw,0,10,0,0.0,0,0.14061619341373444,,0,0,0,0,0,0,0,0,0,0
drop,clean+shift,55,2,PrimaryTrustCalib,0,10,0,0.0,0,0.14061619341373444,accept,0,0,0,0,0,0,0,0,0,0
drop,clean+shift,55,2,MultiPeerObjectGuard,0,10,0,0.0,0,0.15748456120491028,accept,0,0,0,0,22,20,22,20,0,0
drop,clean+shift,55,3,EgoOnly,0,10,0,0.0,0,0.15083439648151398,,0,0,0,0,0,0,0,0,0,0
drop,clean+shift,55,3,CleanCoop,0,10,0,0.0,0,0.18732549250125885,,0,0,0,0,0,0,0,0,0,0
drop,clean+shift,55,3,PrimaryRaw,0,10,0,0.0,0,0.1832428276538849,,0,0,0,0,0,0,0,0,0,0
drop,clean+shift,55,3,PrimaryTrustCalib,0,10,0,0.0,0,0.1832428276538849,accept,0,0,0,0,0,0,0,0,0,0
drop,clean+shift,55,3,MultiPeerObjectGuard,0,10,0,0.0,0,0.1832428276538849,accept,0,0,0,0,15,13,15,13,0,0
drop,clean+shift,55,4,EgoOnly,0,10,0,0.0,0,0.15678870677947998,,0,0,0,0,0,0,0,0,0,0
drop,clean+shift,55,4,CleanCoop,0,10,0,0.0,0,0.1963696926832199,,0,0,0,0,0,0,0,0,0,0
drop,clean+shift,55,4,PrimaryRaw,0,10,0,0.0,0,0.17484040558338165,,0,0,0,0,0,0,0,0,0,0
drop,clean+shift,55,4,PrimaryTrustCalib,0,10,0,0.0,0,0.17484040558338165,accept,0,0,0,0,0,0,0,0,0,0
drop,clean+shift,55,4,MultiPeerObjectGuard,0,10,0,0.0,0,0.17484040558338165,accept,0,0,0,0,21,19,21,19,0,0
drop,clean+shift,55,5,EgoOnly,0,10,0,0.0,0,0.1645635962486267,,0,0,0,0,0,0,0,0,0,0
drop,clean+shift,55,5,CleanCoop,0,10,0,0.0,0,0.19417080283164978,,0,0,0,0,0,0,0,0,0,0
drop,clean+shift,55,5,PrimaryRaw,0,10,0,0.0,0,0.16514600813388824,,0,0,0,0,0,0,0,0,0,0
drop,clean+shift,55,5,PrimaryTrustCalib,0,10,0,0.0,0,0.16514600813388824,accept,0,0,0,0,0,0,0,0,0,0
drop,clean+shift,55,5,MultiPeerObjectGuard,0,10,0,0.0,0,0.16514600813388824,accept,0,0,0,0,14,13,14,13,0,0
drop,clean+shift,55,6,EgoOnly,0,10,0,0.0,0,0.15613125264644623,,0,0,0,0,0,0,0,0,0,0
drop,clean+shift,55,6,CleanCoop,0,10,0,0.0,0,0.2084706574678421,,0,0,0,0,0,0,0,0,0,0
drop,clean+shift,55,6,PrimaryRaw,0,10,0,0.0,0,0.21923084557056427,,0,0,0,0,0,0,0,0,0,0
drop,clean+shift,55,6,PrimaryTrustCalib,0,10,0,0.0,0,0.21923084557056427,accept,0,0,0,0,0,0,0,0,0,0
drop,clean+shift,55,6,MultiPeerObjectGuard,0,10,0,0.0,0,0.21923084557056427,accept,0,0,0,0,19,17,19,17,0,0
drop,clean+shift,55,7,EgoOnly,0,10,0,0.0,0,0.14738598465919495,,0,0,0,0,0,0,0,0,0,0
drop,clean+shift,55,7,CleanCoop,0,10,0,0.0,0,0.21063931286334991,,0,0,0,0,0,0,0,0,0,0
drop,clean+shift,55,7,PrimaryRaw,0,10,0,0.0,0,0.16782499849796295,,0,0,0,0,0,0,0,0,0,0
drop,clean+shift,55,7,PrimaryTrustCalib,0,10,0,0.0,0,0.16782499849796295,accept,0,0,0,0,0,0,0,0,0,0
drop,clean+shift,55,7,MultiPeerObjectGuard,0,10,0,0.0,0,0.16782499849796295,accept,0,0,0,0,21,19,21,19,0,0
drop,clean+shift,55,8,EgoOnly,0,10,0,0.0,0,0.15820404887199402,,0,0,0,0,0,0,0,0,0,0
drop,clean+shift,55,8,CleanCoop,0,10,0,0.0,0,0.22990389168262482,,0,0,0,0,0,0,0,0,0,0
drop,clean+shift,55,8,PrimaryRaw,0,10,0,0.0,0,0.22697162628173828,,0,0,0,0,0,0,0,0,0,0
drop,clean+shift,55,8,PrimaryTrustCalib,0,10,0,0.0,0,0.22697162628173828,accept,0,0,0,0,0,0,0,0,0,0
drop,clean+shift,55,8,MultiPeerObjectGuard,0,10,0,0.0,0,0.21753838658332825,accept,0,0,0,0,24,22,24,22,0,0
drop,clean+shift,55,9,EgoOnly,0,10,0,0.0,0,0.24365457892417908,,0,0,0,0,0,0,0,0,0,0
drop,clean+shift,55,9,CleanCoop,0,10,0,0.0,0,0.18344126641750336,,0,0,0,0,0,0,0,0,0,0
drop,clean+shift,55,9,PrimaryRaw,0,10,0,0.0,0,0.24813662469387054,,0,0,0,0,0,0,0,0,0,0
drop,clean+shift,55,9,PrimaryTrustCalib,0,10,0,0.0,0,0.24813662469387054,accept,0,0,0,0,0,0,0,0,0,0
drop,clean+shift,55,9,MultiPeerObjectGuard,0,10,0,0.0,0,0.16865625977516174,accept,0,0,0,0,22,19,22,19,0,0
drop,clean+shift,55,10,EgoOnly,0,10,0,0.0,0,0.2374626100063324,,0,0,0,0,0,0,0,0,0,0
drop,clean+shift,55,10,CleanCoop,0,10,0,0.0,0,0.19096757471561432,,0,0,0,0,0,0,0,0,0,0
drop,clean+shift,55,10,PrimaryRaw,0,10,0,0.0,0,0.14443989098072052,,0,0,0,0,0,0,0,0,0,0
drop,clean+shift,55,10,PrimaryTrustCalib,0,10,0,0.0,0,0.14443989098072052,accept,0,0,0,0,0,0,0,0,0,0
drop,clean+shift,55,10,MultiPeerObjectGuard,0,10,0,0.0,0,0.14443989098072052,accept,0,0,0,0,17,16,17,16,0,0
drop,clean+shift,55,11,EgoOnly,0,10,0,0.0,0,0.22594159841537476,,0,0,0,0,0,0,0,0,0,0
drop,clean+shift,55,11,CleanCoop,0,10,0,0.0,0,0.19796541333198547,,0,0,0,0,0,0,0,0,0,0
drop,clean+shift,55,11,PrimaryRaw,0,10,0,0.0,0,0.17196831107139587,,0,0,0,0,0,0,0,0,0,0
drop,clean+shift,55,11,PrimaryTrustCalib,0,10,0,0.0,0,0.17196831107139587,accept,0,0,0,0,0,0,0,0,0,0
drop,clean+shift,55,11,MultiPeerObjectGuard,0,10,0,0.0,0,0.1807808130979538,accept,0,0,0,0,23,21,23,21,0,0
drop,clean+shift,55,12,EgoOnly,0,10,0,0.0,0,0.2251756191253662,,0,0,0,0,0,0,0,0,0,0
drop,clean+shift,55,12,CleanCoop,0,10,0,0.0,0,0.18132798373699188,,0,0,0,0,0,0,0,0,0,0
drop,clean+shift,55,12,PrimaryRaw,0,10,0,0.0,0,0.2183791995048523,,0,0,0,0,0,0,0,0,0,0
drop,clean+shift,55,12,PrimaryTrustCalib,0,10,0,0.0,0,0.2183791995048523,accept,0,0,0,0,0,0,0,0,0,0
drop,clean+shift,55,12,MultiPeerObjectGuard,0,10,0,0.0,0,0.25088363885879517,accept,0,0,0,0,22,21,22,21,0,0
drop,clean+shift,55,13,EgoOnly,0,10,0,0.0,0,0.22245875000953674,,0,0,0,0,0,0,0,0,0,0
drop,clean+shift,55,13,CleanCoop,0,10,0,0.0,0,0.17817921936511993,,0,0,0,0,0,0,0,0,0,0
drop,clean+shift,55,13,PrimaryRaw,0,10,0,0.0,0,0.19600442051887512,,0,0,0,0,0,0,0,0,0,0
drop,clean+shift,55,13,PrimaryTrustCalib,0,10,0,0.0,0,0.19600442051887512,accept,0,0,0,0,0,0,0,0,0,0
drop,clean+shift,55,13,MultiPeerObjectGuard,0,10,0,0.0,0,0.18507680296897888,accept,0,0,0,0,26,24,26,24,0,0
drop,clean+shift,55,14,EgoOnly,0,10,0,0.0,0,0.2229672521352768,,0,0,0,0,0,0,0,0,0,0
drop,clean+shift,55,14,CleanCoop,0,10,0,0.0,0,0.23132646083831787,,0,0,0,0,0,0,0,0,0,0
drop,clean+shift,55,14,PrimaryRaw,0,10,0,0.0,0,0.1832844763994217,,0,0,0,0,0,0,0,0,0,0
drop,clean+shift,55,14,PrimaryTrustCalib,0,10,0,0.0,0,0.1832844763994217,accept,0,0,0,0,0,0,0,0,0,0
drop,clean+shift,55,14,MultiPeerObjectGuard,0,10,0,0.0,0,0.17397715151309967,accept,0,0,0,0,23,22,23,22,0,0
drop,clean+shift,55,15,EgoOnly,0,10,0,0.0,0,0.1943691521883011,,0,0,0,0,0,0,0,0,0,0
drop,clean+shift,55,15,CleanCoop,0,10,0,0.0,0,0.17653268575668335,,0,0,0,0,0,0,0,0,0,0
drop,clean+shift,55,15,PrimaryRaw,0,10,0,0.0,0,0.143600195646286,,0,0,0,0,0,0,0,0,0,0
drop,clean+shift,55,15,PrimaryTrustCalib,0,10,0,0.0,0,0.143600195646286,accept,0,0,0,0,0,0,0,0,0,0
drop,clean+shift,55,15,MultiPeerObjectGuard,0,10,0,0.0,0,0.18372514843940735,accept,0,0,0,0,22,20,22,20,0,0
drop,clean+shift,55,16,EgoOnly,0,10,0,0.0,0,0.1914951503276825,,0,0,0,0,0,0,0,0,0,0
drop,clean+shift,55,16,CleanCoop,0,10,0,0.0,0,0.22000625729560852,,0,0,0,0,0,0,0,0,0,0
drop,clean+shift,55,16,PrimaryRaw,0,10,0,0.0,0,0.12915028631687164,,0,0,0,0,0,0,0,0,0,0
drop,clean+shift,55,16,PrimaryTrustCalib,0,10,0,0.0,0,0.12915028631687164,accept,0,0,0,0,0,0,0,0,0,0
drop,clean+shift,55,16,MultiPeerObjectGuard,0,10,0,0.0,0,0.1979631632566452,accept,0,0,0,0,23,21,23,21,0,0
drop,clean+shift,55,17,EgoOnly,0,10,0,0.0,0,0.18938636779785156,,0,0,0,0,0,0,0,0,0,0
drop,clean+shift,55,17,CleanCoop,0,10,0,0.0,0,0.2032071202993393,,0,0,0,0,0,0,0,0,0,0
drop,clean+shift,55,17,PrimaryRaw,0,10,0,0.0,0,0.18386395275592804,,0,0,0,0,0,0,0,0,0,0
drop,clean+shift,55,17,PrimaryTrustCalib,0,10,0,0.0,0,0.18386395275592804,accept,0,0,0,0,0,0,0,0,0,0
drop,clean+shift,55,17,MultiPeerObjectGuard,0,10,0,0.0,0,0.18386395275592804,accept,0,0,0,0,18,17,18,17,0,0
drop,clean+shift,55,18,EgoOnly,0,10,1,0.1,1,0.1901015192270279,,0,0,0,0,0,0,0,0,0,0
drop,clean+shift,55,18,CleanCoop,0,10,1,0.1,1,0.17760221660137177,,0,0,0,0,0,0,0,0,0,0
drop,clean+shift,55,18,PrimaryRaw,0,10,1,0.1,1,0.16293205320835114,,0,0,0,0,0,0,0,0,0,0
drop,clean+shift,55,18,PrimaryTrustCalib,0,10,1,0.1,1,0.16293205320835114,accept,0,0,0,0,0,0,0,0,0,0
drop,clean+shift,55,18,MultiPeerObjectGuard,0,10,1,0.1,1,0.16612732410430908,accept,0,0,0,0,21,20,21,20,0,0
drop,clean+shift,55,19,EgoOnly,0,10,1,0.2,2,0.17699815332889557,,0,0,0,0,0,0,0,0,0,0
drop,clean+shift,55,19,CleanCoop,0,10,1,0.2,2,0.1765567511320114,,0,0,0,0,0,0,0,0,0,0
drop,clean+shift,55,19,PrimaryRaw,0,10,1,0.2,2,0.1730484962463379,,0,0,0,0,0,0,0,0,0,0
drop,clean+shift,55,19,PrimaryTrustCalib,0,10,1,0.2,2,0.1730484962463379,accept,0,0,0,0,0,0,0,0,0,0
drop,clean+shift,55,19,MultiPeerObjectGuard,0,10,1,0.2,2,0.1730484962463379,accept,0,0,0,0,18,17,18,17,0,0
drop,clean+shift,59,0,EgoOnly,0,10,1,0.0,0,0.6478269100189209,,0,0,0,0,0,0,0,0,0,0
drop,clean+shift,59,0,CleanCoop,0,10,0,0.0,0,0.09941838681697845,,0,0,0,0,0,0,0,0,0,0
drop,clean+shift,59,0,PrimaryRaw,0,10,0,0.0,0,0.06611104309558868,,0,0,0,0,0,0,0,0,0,0
drop,clean+shift,59,0,PrimaryTrustCalib,0,10,0,0.0,0,0.06611104309558868,accept,0,0,0,0,0,0,0,0,0,0
drop,clean+shift,59,0,MultiPeerObjectGuard,0,10,0,0.0,0,0.09941838681697845,accept,0,0,0,0,11,11,11,11,0,0
drop,clean+shift,59,1,EgoOnly,0,10,1,0.0,0,0.6544203758239746,,0,0,0,0,0,0,0,0,0,0
drop,clean+shift,59,1,CleanCoop,0,10,0,0.0,0,0.09662297368049622,,0,0,0,0,0,0,0,0,0,0
drop,clean+shift,59,1,PrimaryRaw,0,10,0,0.0,0,0.12365860491991043,,0,0,0,0,0,0,0,0,0,0
drop,clean+shift,59,1,PrimaryTrustCalib,0,10,0,0.0,0,0.12365860491991043,accept,0,0,0,0,0,0,0,0,0,0
drop,clean+shift,59,1,MultiPeerObjectGuard,0,10,0,0.0,0,0.09662295877933502,accept,0,0,0,0,12,12,12,12,0,0
drop,clean+shift,59,2,EgoOnly,0,10,1,0.0,0,0.6555262207984924,,0,0,0,0,0,0,0,0,0,0
drop,clean+shift,59,2,CleanCoop,0,10,0,0.0,0,0.09264982491731644,,0,0,0,0,0,0,0,0,0,0
drop,clean+shift,59,2,PrimaryRaw,0,10,0,0.0,0,0.10133958607912064,,0,0,0,0,0,0,0,0,0,0
drop,clean+shift,59,2,PrimaryTrustCalib,0,10,0,0.0,0,0.10133958607912064,accept,0,0,0,0,0,0,0,0,0,0
drop,clean+shift,59,2,MultiPeerObjectGuard,0,10,0,0.0,0,0.09264982491731644,accept,0,0,0,0,9,9,9,9,0,0
drop,clean+shift,59,3,EgoOnly,0,10,1,0.0,0,0.6606891751289368,,0,0,0,0,0,0,0,0,0,0
drop,clean+shift,59,3,CleanCoop,0,10,0,0.0,0,0.09009264409542084,,0,0,0,0,0,0,0,0,0,0
drop,clean+shift,59,3,PrimaryRaw,0,10,0,0.0,0,0.08486424386501312,,0,0,0,0,0,0,0,0,0,0
drop,clean+shift,59,3,PrimaryTrustCalib,0,10,0,0.0,0,0.08486424386501312,accept,0,0,0,0,0,0,0,0,0,0
drop,clean+shift,59,3,MultiPeerObjectGuard,0,10,0,0.0,0,0.09009262919425964,accept,0,0,0,0,11,11,11,11,0,0
drop,clean+shift,59,4,EgoOnly,0,10,1,0.0,0,0.6679913401603699,,0,0,0,0,0,0,0,0,0,0
drop,clean+shift,59,4,CleanCoop,0,10,0,0.0,0,0.09194774180650711,,0,0,0,0,0,0,0,0,0,0
drop,clean+shift,59,4,PrimaryRaw,0,10,0,0.0,0,0.07817679643630981,,0,0,0,0,0,0,0,0,0,0
drop,clean+shift,59,4,PrimaryTrustCalib,0,10,0,0.0,0,0.07817679643630981,accept,0,0,0,0,0,0,0,0,0,0
drop,clean+shift,59,4,MultiPeerObjectGuard,0,10,0,0.0,0,0.09194772690534592,accept,0,0,0,0,11,11,11,11,0,0
drop,clean+shift,59,5,EgoOnly,0,10,1,0.0,0,0.7508897185325623,,0,0,0,0,0,0,0,0,0,0
drop,clean+shift,59,5,CleanCoop,0,10,0,0.0,0,0.09966845065355301,,0,0,0,0,0,0,0,0,0,0
drop,clean+shift,59,5,PrimaryRaw,0,10,0,0.0,0,0.11103761941194534,,0,0,0,0,0,0,0,0,0,0
drop,clean+shift,59,5,PrimaryTrustCalib,0,10,0,0.0,0,0.11103761941194534,accept,0,0,0,0,0,0,0,0,0,0
drop,clean+shift,59,5,MultiPeerObjectGuard,0,10,0,0.0,0,0.09966843575239182,accept,0,0,0,0,10,10,10,10,0,0
drop,clean+shift,59,6,EgoOnly,0,10,1,0.0,0,0.735143780708313,,0,0,0,0,0,0,0,0,0,0
drop,clean+shift,59,6,CleanCoop,0,10,0,0.0,0,0.10422737151384354,,0,0,0,0,0,0,0,0,0,0
drop,clean+shift,59,6,PrimaryRaw,0,10,0,0.0,0,0.09035192430019379,,0,0,0,0,0,0,0,0,0,0
drop,clean+shift,59,6,PrimaryTrustCalib,0,10,0,0.0,0,0.09035192430019379,accept,0,0,0,0,0,0,0,0,0,0
drop,clean+shift,59,6,MultiPeerObjectGuard,0,10,0,0.0,0,0.10422732681035995,accept,0,0,0,0,9,9,9,9,0,0
drop,clean+shift,59,7,EgoOnly,0,10,1,0.0,0,0.7330717444419861,,0,0,0,0,0,0,0,0,0,0
drop,clean+shift,59,7,CleanCoop,0,10,0,0.0,0,0.10519619286060333,,0,0,0,0,0,0,0,0,0,0
drop,clean+shift,59,7,PrimaryRaw,0,10,0,0.0,0,0.15818700194358826,,0,0,0,0,0,0,0,0,0,0
drop,clean+shift,59,7,PrimaryTrustCalib,0,10,0,0.0,0,0.15818700194358826,accept,0,0,0,0,0,0,0,0,0,0
drop,clean+shift,59,7,MultiPeerObjectGuard,0,10,0,0.0,0,0.10519619286060333,accept,0,0,0,0,10,10,10,10,0,0
drop,clean+shift,59,8,EgoOnly,0,10,1,0.0,0,0.573006808757782,,0,0,0,0,0,0,0,0,0,0
drop,clean+shift,59,8,CleanCoop,0,10,0,0.0,0,0.1048172116279602,,0,0,0,0,0,0,0,0,0,0
drop,clean+shift,59,8,PrimaryRaw,0,10,0,0.0,0,0.267668217420578,,0,0,0,0,0,0,0,0,0,0
drop,clean+shift,59,8,PrimaryTrustCalib,0,10,0,0.0,0,0.267668217420578,accept,0,0,0,0,0,0,0,0,0,0
drop,clean+shift,59,8,MultiPeerObjectGuard,0,10,0,0.0,0,0.10481718182563782,accept,0,0,0,0,10,10,10,10,0,0
drop,clean+shift,59,9,EgoOnly,0,10,1,0.0,0,0.5629701018333435,,0,0,0,0,0,0,0,0,0,0
drop,clean+shift,59,9,CleanCoop,0,10,0,0.0,0,0.10684999078512192,,0,0,0,0,0,0,0,0,0,0
drop,clean+shift,59,9,PrimaryRaw,0,10,0,0.0,0,0.2818225920200348,,0,0,0,0,0,0,0,0,0,0
drop,clean+shift,59,9,PrimaryTrustCalib,0,10,0,0.0,0,0.2818225920200348,accept,0,0,0,0,0,0,0,0,0,0
drop,clean+shift,59,9,MultiPeerObjectGuard,0,10,0,0.0,0,0.2818225920200348,accept,0,0,0,0,0,0,10,0,0,0
drop,clean+shift,59,10,EgoOnly,0,10,1,0.0,0,0.6150733232498169,,0,0,0,0,0,0,0,0,0,0
drop,clean+shift,59,10,CleanCoop,0,10,0,0.0,0,0.11094710975885391,,0,0,0,0,0,0,0,0,0,0
drop,clean+shift,59,10,PrimaryRaw,0,10,0,0.0,0,0.18677987158298492,,0,0,0,0,0,0,0,0,0,0
drop,clean+shift,59,10,PrimaryTrustCalib,0,10,0,0.0,0,0.18677987158298492,accept,0,0,0,0,0,0,0,0,0,0
drop,clean+shift,59,10,MultiPeerObjectGuard,0,10,0,0.0,0,0.18677987158298492,accept,0,0,0,0,0,0,9,0,0,0
drop,clean+shift,59,11,EgoOnly,0,10,1,0.0,0,0.643900990486145,,0,0,0,0,0,0,0,0,0,0
drop,clean+shift,59,11,CleanCoop,0,10,0,0.0,0,0.11665373295545578,,0,0,0,0,0,0,0,0,0,0
drop,clean+shift,59,11,PrimaryRaw,0,10,1,0.0,0,0.4502210021018982,,0,0,0,0,0,0,0,0,0,0
drop,clean+shift,59,11,PrimaryTrustCalib,0,10,1,0.0,0,0.4502210021018982,accept,0,0,0,0,0,0,0,0,0,0
drop,clean+shift,59,11,MultiPeerObjectGuard,0,10,1,0.0,0,0.4502210021018982,accept,0,0,0,0,0,0,11,0,0,0
drop,clean+shift,59,12,EgoOnly,0,10,1,0.0,0,0.6476205587387085,,0,0,0,0,0,0,0,0,0,0
drop,clean+shift,59,12,CleanCoop,0,10,0,0.0,0,0.15316998958587646,,0,0,0,0,0,0,0,0,0,0
drop,clean+shift,59,12,PrimaryRaw,0,10,0,0.0,0,0.160450279712677,,0,0,0,0,0,0,0,0,0,0
drop,clean+shift,59,12,PrimaryTrustCalib,0,10,0,0.0,0,0.160450279712677,accept,0,0,0,0,0,0,0,0,0,0
drop,clean+shift,59,12,MultiPeerObjectGuard,0,10,0,0.0,0,0.160450279712677,accept,0,0,0,0,0,0,9,0,0,0
drop,clean+shift,59,13,EgoOnly,0,10,1,0.0,0,0.5090175867080688,,0,0,0,0,0,0,0,0,0,0
drop,clean+shift,59,13,CleanCoop,0,10,0,0.0,0,0.1540355682373047,,0,0,0,0,0,0,0,0,0,0
drop,clean+shift,59,13,PrimaryRaw,0,10,0,0.0,0,0.15419204533100128,,0,0,0,0,0,0,0,0,0,0
drop,clean+shift,59,13,PrimaryTrustCalib,0,10,0,0.0,0,0.15419204533100128,accept,0,0,0,0,0,0,0,0,0,0
drop,clean+shift,59,13,MultiPeerObjectGuard,0,10,0,0.0,0,0.1540355682373047,accept,0,0,0,0,8,8,8,8,0,0
drop,clean+shift,59,14,EgoOnly,0,10,1,0.0,0,0.5760126113891602,,0,0,0,0,0,0,0,0,0,0
drop,clean+shift,59,14,CleanCoop,0,10,0,0.0,0,0.15105092525482178,,0,0,0,0,0,0,0,0,0,0
drop,clean+shift,59,14,PrimaryRaw,0,10,0,0.0,0,0.1237797886133194,,0,0,0,0,0,0,0,0,0,0
drop,clean+shift,59,14,PrimaryTrustCalib,0,10,0,0.0,0,0.1237797886133194,accept,0,0,0,0,0,0,0,0,0,0
drop,clean+shift,59,14,MultiPeerObjectGuard,0,10,0,0.0,0,0.15105096995830536,accept,0,0,0,0,8,8,8,8,0,0
drop,clean+shift,59,15,EgoOnly,0,10,1,0.0,0,0.46981412172317505,,0,0,0,0,0,0,0,0,0,0
drop,clean+shift,59,15,CleanCoop,0,10,0,0.0,0,0.1556699424982071,,0,0,0,0,0,0,0,0,0,0
drop,clean+shift,59,15,PrimaryRaw,0,10,0,0.0,0,0.1655411422252655,,0,0,0,0,0,0,0,0,0,0
drop,clean+shift,59,15,PrimaryTrustCalib,0,10,0,0.0,0,0.1655411422252655,accept,0,0,0,0,0,0,0,0,0,0
drop,clean+shift,59,15,MultiPeerObjectGuard,0,10,0,0.0,0,0.1556699275970459,accept,0,0,0,0,6,6,6,6,0,0
drop,clean+shift,59,16,EgoOnly,0,10,1,0.2,2,0.44338488578796387,,0,0,0,0,0,0,0,0,0,0
drop,clean+shift,59,16,CleanCoop,0,10,1,0.2,2,0.16053983569145203,,0,0,0,0,0,0,0,0,0,0
drop,clean+shift,59,16,PrimaryRaw,0,10,1,0.2,2,0.16473466157913208,,0,0,0,0,0,0,0,0,0,0
drop,clean+shift,59,16,PrimaryTrustCalib,0,10,1,0.2,2,0.16473466157913208,accept,0,0,0,0,0,0,0,0,0,0
drop,clean+shift,59,16,MultiPeerObjectGuard,0,10,1,0.2,2,0.16053980588912964,accept,0,0,0,0,6,6,6,6,0,0
drop,clean+shift,59,17,EgoOnly,0,10,1,0.0,0,0.3622032403945923,,0,0,0,0,0,0,0,0,0,0
drop,clean+shift,59,17,CleanCoop,0,10,0,0.0,0,0.16091060638427734,,0,0,0,0,0,0,0,0,0,0
drop,clean+shift,59,17,PrimaryRaw,0,10,0,0.0,0,0.1415916085243225,,0,0,0,0,0,0,0,0,0,0
drop,clean+shift,59,17,PrimaryTrustCalib,0,10,0,0.0,0,0.1415916085243225,accept,0,0,0,0,0,0,0,0,0,0
drop,clean+shift,59,17,MultiPeerObjectGuard,0,10,0,0.0,0,0.16091060638427734,accept,0,0,0,0,8,8,8,8,0,0
drop,clean+shift,59,18,EgoOnly,0,10,1,0.0,0,0.3600676953792572,,0,0,0,0,0,0,0,0,0,0
drop,clean+shift,59,18,CleanCoop,0,10,0,0.0,0,0.16112497448921204,,0,0,0,0,0,0,0,0,0,0
drop,clean+shift,59,18,PrimaryRaw,0,10,0,0.0,0,0.24072526395320892,,0,0,0,0,0,0,0,0,0,0
drop,clean+shift,59,18,PrimaryTrustCalib,0,10,0,0.0,0,0.24072526395320892,accept,0,0,0,0,0,0,0,0,0,0
drop,clean+shift,59,18,MultiPeerObjectGuard,0,10,0,0.0,0,0.16112491488456726,accept,0,0,0,0,7,7,7,7,0,0
drop,clean+shift,59,19,EgoOnly,0,10,0,0.0,0,0.19148759543895721,,0,0,0,0,0,0,0,0,0,0
drop,clean+shift,59,19,CleanCoop,0,10,0,0.0,0,0.1578688621520996,,0,0,0,0,0,0,0,0,0,0
drop,clean+shift,59,19,PrimaryRaw,0,10,0,0.0,0,0.17707493901252747,,0,0,0,0,0,0,0,0,0,0
drop,clean+shift,59,19,PrimaryTrustCalib,0,10,0,0.0,0,0.17707493901252747,accept,0,0,0,0,0,0,0,0,0,0
drop,clean+shift,59,19,MultiPeerObjectGuard,0,10,0,0.0,0,0.1578689068555832,accept,0,0,0,0,9,9,9,9,0,0
drop,clean+shift,61,0,EgoOnly,0,10,0,0.0,0,0.1585349440574646,,0,0,0,0,0,0,0,0,0,0
drop,clean+shift,61,0,CleanCoop,0,10,1,0.0,0,0.6070963144302368,,0,0,0,0,0,0,0,0,0,0
drop,clean+shift,61,0,PrimaryRaw,0,10,1,0.0,0,0.6386940479278564,,0,0,0,0,0,0,0,0,0,0
drop,clean+shift,61,0,PrimaryTrustCalib,0,10,1,0.0,0,0.6386940479278564,accept,0,0,0,0,0,0,0,0,0,0
drop,clean+shift,61,0,MultiPeerObjectGuard,0,10,1,0.0,0,0.6757330894470215,accept,0,0,0,0,19,19,19,19,0,0
drop,clean+shift,61,1,EgoOnly,0,10,0,0.0,0,0.1577998697757721,,0,0,0,0,0,0,0,0,0,0
drop,clean+shift,61,1,CleanCoop,0,10,1,0.0,0,0.6061511635780334,,0,0,0,0,0,0,0,0,0,0
drop,clean+shift,61,1,PrimaryRaw,0,10,1,0.0,0,0.6078420281410217,,0,0,0,0,0,0,0,0,0,0
drop,clean+shift,61,1,PrimaryTrustCalib,0,10,1,0.0,0,0.6078420281410217,accept,0,0,0,0,0,0,0,0,0,0
drop,clean+shift,61,1,MultiPeerObjectGuard,0,10,1,0.0,0,0.6399804949760437,accept,0,0,0,0,19,18,19,18,0,0
drop,clean+shift,61,2,EgoOnly,0,10,0,0.0,0,0.1567598581314087,,0,0,0,0,0,0,0,0,0,0
drop,clean+shift,61,2,CleanCoop,0,10,1,0.0,0,0.6044626235961914,,0,0,0,0,0,0,0,0,0,0
drop,clean+shift,61,2,PrimaryRaw,0,10,1,0.0,0,0.5763769745826721,,0,0,0,0,0,0,0,0,0,0
drop,clean+shift,61,2,PrimaryTrustCalib,0,10,1,0.0,0,0.5763769745826721,accept,0,0,0,0,0,0,0,0,0,0
drop,clean+shift,61,2,MultiPeerObjectGuard,0,10,1,0.0,0,0.594163715839386,accept,0,0,0,0,19,17,19,17,0,0
drop,clean+shift,61,3,EgoOnly,0,10,0,0.0,0,0.15542814135551453,,0,0,0,0,0,0,0,0,0,0
drop,clean+shift,61,3,CleanCoop,0,10,1,0.0,0,0.6007642149925232,,0,0,0,0,0,0,0,0,0,0
drop,clean+shift,61,3,PrimaryRaw,0,10,1,0.0,0,0.5749494433403015,,0,0,0,0,0,0,0,0,0,0
drop,clean+shift,61,3,PrimaryTrustCalib,0,10,1,0.0,0,0.5749494433403015,accept,0,0,0,0,0,0,0,0,0,0
drop,clean+shift,61,3,MultiPeerObjectGuard,0,10,1,0.0,0,0.583236813545227,accept,0,0,0,0,16,14,16,14,0,0
drop,clean+shift,61,4,EgoOnly,0,10,0,0.0,0,0.18278901278972626,,0,0,0,0,0,0,0,0,0,0
drop,clean+shift,61,4,CleanCoop,0,10,1,0.0,0,0.596112072467804,,0,0,0,0,0,0,0,0,0,0
drop,clean+shift,61,4,PrimaryRaw,0,10,0,0.0,0,0.17590180039405823,,0,0,0,0,0,0,0,0,0,0
drop,clean+shift,61,4,PrimaryTrustCalib,0,10,0,0.0,0,0.17590180039405823,accept,0,0,0,0,0,0,0,0,0,0
drop,clean+shift,61,4,MultiPeerObjectGuard,0,10,1,0.0,0,0.5862735509872437,accept,0,0,0,0,15,15,15,15,0,0
drop,clean+shift,61,5,EgoOnly,0,10,0,0.0,0,0.20593784749507904,,0,0,0,0,0,0,0,0,0,0
drop,clean+shift,61,5,CleanCoop,0,10,1,0.0,0,0.5887318253517151,,0,0,0,0,0,0,0,0,0,0
drop,clean+shift,61,5,PrimaryRaw,0,10,1,0.0,0,0.6130537986755371,,0,0,0,0,0,0,0,0,0,0
drop,clean+shift,61,5,PrimaryTrustCalib,0,10,1,0.0,0,0.6130537986755371,accept,0,0,0,0,0,0,0,0,0,0
drop,clean+shift,61,5,MultiPeerObjectGuard,0,10,1,0.0,0,0.6390906572341919,accept,0,0,0,0,22,22,22,22,0,0
drop,clean+shift,61,6,EgoOnly,0,10,0,0.0,0,0.18744148313999176,,0,0,0,0,0,0,0,0,0,0
drop,clean+shift,61,6,CleanCoop,0,10,1,0.0,0,0.5641404986381531,,0,0,0,0,0,0,0,0,0,0
drop,clean+shift,61,6,PrimaryRaw,0,10,1,0.0,0,0.5572984218597412,,0,0,0,0,0,0,0,0,0,0
drop,clean+shift,61,6,PrimaryTrustCalib,0,10,1,0.0,0,0.5572984218597412,accept,0,0,0,0,0,0,0,0,0,0
drop,clean+shift,61,6,MultiPeerObjectGuard,0,10,1,0.0,0,0.5715418457984924,accept,0,0,0,0,23,21,23,21,0,0
drop,clean+shift,61,7,EgoOnly,0,10,0,0.0,0,0.17855048179626465,,0,0,0,0,0,0,0,0,0,0
drop,clean+shift,61,7,CleanCoop,0,10,1,0.0,0,0.5539177656173706,,0,0,0,0,0,0,0,0,0,0
drop,clean+shift,61,7,PrimaryRaw,0,10,0,0.0,0,0.19353331625461578,,0,0,0,0,0,0,0,0,0,0
drop,clean+shift,61,7,PrimaryTrustCalib,0,10,0,0.0,0,0.19353331625461578,accept,0,0,0,0,0,0,0,0,0,0
drop,clean+shift,61,7,MultiPeerObjectGuard,0,10,1,0.0,0,0.5645995140075684,accept,0,0,0,0,19,19,19,19,0,0
drop,clean+shift,61,8,EgoOnly,0,10,0,0.0,0,0.15838751196861267,,0,0,0,0,0,0,0,0,0,0
drop,clean+shift,61,8,CleanCoop,0,10,1,0.0,0,0.5564045310020447,,0,0,0,0,0,0,0,0,0,0
drop,clean+shift,61,8,PrimaryRaw,0,10,0,0.0,0,0.2865728735923767,,0,0,0,0,0,0,0,0,0,0
drop,clean+shift,61,8,PrimaryTrustCalib,0,10,0,0.0,0,0.2865728735923767,accept,0,0,0,0,0,0,0,0,0,0
drop,clean+shift,61,8,MultiPeerObjectGuard,0,10,1,0.0,0,0.5596603751182556,accept,0,0,0,0,20,19,20,19,0,0
drop,clean+shift,61,9,EgoOnly,0,10,0,0.0,0,0.16024668514728546,,0,0,0,0,0,0,0,0,0,0
drop,clean+shift,61,9,CleanCoop,0,10,1,0.0,0,0.5521607398986816,,0,0,0,0,0,0,0,0,0,0
drop,clean+shift,61,9,PrimaryRaw,0,10,1,0.0,0,0.5059703588485718,,0,0,0,0,0,0,0,0,0,0
drop,clean+shift,61,9,PrimaryTrustCalib,0,10,1,0.0,0,0.5059703588485718,accept,0,0,0,0,0,0,0,0,0,0
drop,clean+shift,61,9,MultiPeerObjectGuard,0,10,1,0.0,0,0.5594109892845154,accept,0,0,0,0,18,17,18,17,0,0
drop,clean+shift,61,10,EgoOnly,0,10,0,0.0,0,0.2693605124950409,,0,0,0,0,0,0,0,0,0,0
drop,clean+shift,61,10,CleanCoop,0,10,1,0.0,0,0.5360832214355469,,0,0,0,0,0,0,0,0,0,0
drop,clean+shift,61,10,PrimaryRaw,0,10,1,0.0,0,0.3067818880081177,,0,0,0,0,0,0,0,0,0,0
drop,clean+shift,61,10,PrimaryTrustCalib,0,10,1,0.0,0,0.3067818880081177,accept,0,0,0,0,0,0,0,0,0,0
drop,clean+shift,61,10,MultiPeerObjectGuard,0,10,1,0.0,0,0.5103648900985718,accept,0,0,0,0,14,14,14,14,0,0
drop,clean+shift,61,11,EgoOnly,0,10,1,0.0,0,0.32987603545188904,,0,0,0,0,0,0,0,0,0,0
drop,clean+shift,61,11,CleanCoop,0,10,1,0.0,0,0.5223098993301392,,0,0,0,0,0,0,0,0,0,0
drop,clean+shift,61,11,PrimaryRaw,0,10,1,0.0,0,0.37996336817741394,,0,0,0,0,0,0,0,0,0,0
drop,clean+shift,61,11,PrimaryTrustCalib,0,10,1,0.0,0,0.37996336817741394,accept,0,0,0,0,0,0,0,0,0,0
drop,clean+shift,61,11,MultiPeerObjectGuard,0,10,1,0.0,0,0.516999363899231,accept,0,0,0,0,14,13,14,13,0,0
drop,clean+shift,61,12,EgoOnly,0,10,0,0.0,0,0.14867573976516724,,0,0,0,0,0,0,0,0,0,0
drop,clean+shift,61,12,CleanCoop,0,10,1,0.0,0,0.46066737174987793,,0,0,0,0,0,0,0,0,0,0
drop,clean+shift,61,12,PrimaryRaw,0,10,1,0.0,0,0.5642418265342712,,0,0,0,0,0,0,0,0,0,0
drop,clean+shift,61,12,PrimaryTrustCalib,0,10,1,0.0,0,0.5642418265342712,accept,0,0,0,0,0,0,0,0,0,0
drop,clean+shift,61,12,MultiPeerObjectGuard,0,10,1,0.0,0,0.6222774982452393,accept,0,0,0,0,16,15,16,15,0,0
drop,clean+shift,61,13,EgoOnly,0,10,1,0.0,0,0.33459967374801636,,0,0,0,0,0,0,0,0,0,0
drop,clean+shift,61,13,CleanCoop,0,10,1,0.0,0,0.3913387954235077,,0,0,0,0,0,0,0,0,0,0
drop,clean+shift,61,13,PrimaryRaw,0,10,0,0.0,0,0.27508866786956787,,0,0,0,0,0,0,0,0,0,0
drop,clean+shift,61,13,PrimaryTrustCalib,0,10,0,0.0,0,0.27508866786956787,accept,0,0,0,0,0,0,0,0,0,0
drop,clean+shift,61,13,MultiPeerObjectGuard,0,10,1,0.0,0,0.3749072551727295,accept,0,0,0,0,20,17,20,17,0,0
drop,clean+shift,61,14,EgoOnly,0,10,0,0.0,0,0.280720591545105,,0,0,0,0,0,0,0,0,0,0
drop,clean+shift,61,14,CleanCoop,0,10,1,0.0,0,0.3111437261104584,,0,0,0,0,0,0,0,0,0,0
drop,clean+shift,61,14,PrimaryRaw,0,10,1,0.0,0,0.34415489435195923,,0,0,0,0,0,0,0,0,0,0
drop,clean+shift,61,14,PrimaryTrustCalib,0,10,1,0.0,0,0.34415489435195923,accept,0,0,0,0,0,0,0,0,0,0
drop,clean+shift,61,14,MultiPeerObjectGuard,0,10,1,0.0,0,0.33748629689216614,accept,0,0,0,0,21,21,21,21,0,0
drop,clean+shift,61,15,EgoOnly,0,10,0,0.0,0,0.14127828180789948,,0,0,0,0,0,0,0,0,0,0
drop,clean+shift,61,15,CleanCoop,0,10,0,0.0,0,0.2647608816623688,,0,0,0,0,0,0,0,0,0,0
drop,clean+shift,61,15,PrimaryRaw,0,10,1,0.0,0,0.5762291550636292,,0,0,0,0,0,0,0,0,0,0
drop,clean+shift,61,15,PrimaryTrustCalib,0,10,1,0.0,0,0.5762291550636292,accept,0,0,0,0,0,0,0,0,0,0
drop,clean+shift,61,15,MultiPeerObjectGuard,0,10,1,0.0,0,0.6173679232597351,accept,0,0,0,0,20,20,20,20,0,0
drop,clean+shift,61,16,EgoOnly,0,10,0,0.0,0,0.14102959632873535,,0,0,0,0,0,0,0,0,0,0
drop,clean+shift,61,16,CleanCoop,0,10,0,0.0,0,0.25616708397865295,,0,0,0,0,0,0,0,0,0,0
drop,clean+shift,61,16,PrimaryRaw,0,10,0,0.0,0,0.2684434950351715,,0,0,0,0,0,0,0,0,0,0
drop,clean+shift,61,16,PrimaryTrustCalib,0,10,0,0.0,0,0.2684434950351715,accept,0,0,0,0,0,0,0,0,0,0
drop,clean+shift,61,16,MultiPeerObjectGuard,0,10,1,0.0,0,0.5302111506462097,accept,0,0,0,0,25,25,25,25,0,0
drop,clean+shift,61,17,EgoOnly,0,10,0,0.0,0,0.11097782850265503,,0,0,0,0,0,0,0,0,0,0
drop,clean+shift,61,17,CleanCoop,0,10,0,0.0,0,0.2507348656654358,,0,0,0,0,0,0,0,0,0,0
drop,clean+shift,61,17,PrimaryRaw,0,10,1,0.0,0,0.3296492099761963,,0,0,0,0,0,0,0,0,0,0
drop,clean+shift,61,17,PrimaryTrustCalib,0,10,1,0.0,0,0.3296492099761963,accept,0,0,0,0,0,0,0,0,0,0
drop,clean+shift,61,17,MultiPeerObjectGuard,0,10,1,0.0,0,0.5034981966018677,accept,0,0,0,0,18,18,18,18,0,0
drop,clean+shift,61,18,EgoOnly,0,10,0,0.0,0,0.10834883898496628,,0,0,0,0,0,0,0,0,0,0
drop,clean+shift,61,18,CleanCoop,0,10,0,0.0,0,0.2534773051738739,,0,0,0,0,0,0,0,0,0,0
drop,clean+shift,61,18,PrimaryRaw,0,10,0,0.0,0,0.20855575799942017,,0,0,0,0,0,0,0,0,0,0
drop,clean+shift,61,18,PrimaryTrustCalib,0,10,0,0.0,0,0.20855575799942017,accept,0,0,0,0,0,0,0,0,0,0
drop,clean+shift,61,18,MultiPeerObjectGuard,0,10,0,0.0,0,0.2575823664665222,accept,0,0,0,0,17,17,17,17,0,0
drop,clean+shift,61,19,EgoOnly,0,10,0,0.0,0,0.12859654426574707,,0,0,0,0,0,0,0,0,0,0
drop,clean+shift,61,19,CleanCoop,0,10,0,0.0,0,0.23172345757484436,,0,0,0,0,0,0,0,0,0,0
drop,clean+shift,61,19,PrimaryRaw,0,10,0,0.0,0,0.2011692076921463,,0,0,0,0,0,0,0,0,0,0
drop,clean+shift,61,19,PrimaryTrustCalib,0,10,0,0.0,0,0.2011692076921463,accept,0,0,0,0,0,0,0,0,0,0
drop,clean+shift,61,19,MultiPeerObjectGuard,0,10,0,0.0,0,0.23540592193603516,accept,0,0,0,0,15,15,15,15,0,0
drop,clean+shift,67,0,EgoOnly,0,10,1,0.0,0,0.3531953990459442,,0,0,0,0,0,0,0,0,0,0
drop,clean+shift,67,0,CleanCoop,0,10,0,0.0,0,0.18192555010318756,,0,0,0,0,0,0,0,0,0,0
drop,clean+shift,67,0,PrimaryRaw,0,10,0,0.0,0,0.13684600591659546,,0,0,0,0,0,0,0,0,0,0
drop,clean+shift,67,0,PrimaryTrustCalib,0,10,0,0.0,0,0.13684600591659546,accept,0,0,0,0,0,0,0,0,0,0
drop,clean+shift,67,0,MultiPeerObjectGuard,0,10,0,0.0,0,0.18192553520202637,accept,0,0,0,0,3,3,3,3,0,0
drop,clean+shift,67,1,EgoOnly,0,10,1,0.0,0,0.33609575033187866,,0,0,0,0,0,0,0,0,0,0
drop,clean+shift,67,1,CleanCoop,0,10,0,0.0,0,0.18952211737632751,,0,0,0,0,0,0,0,0,0,0
drop,clean+shift,67,1,PrimaryRaw,0,10,0,0.0,0,0.16893921792507172,,0,0,0,0,0,0,0,0,0,0
drop,clean+shift,67,1,PrimaryTrustCalib,0,10,0,0.0,0,0.16893921792507172,accept,0,0,0,0,0,0,0,0,0,0
drop,clean+shift,67,1,MultiPeerObjectGuard,0,10,0,0.0,0,0.18952211737632751,accept,0,0,0,0,4,4,4,4,0,0
drop,clean+shift,67,2,EgoOnly,0,10,1,0.0,0,0.31806614995002747,,0,0,0,0,0,0,0,0,0,0
drop,clean+shift,67,2,CleanCoop,0,10,0,0.0,0,0.1922120749950409,,0,0,0,0,0,0,0,0,0,0
drop,clean+shift,67,2,PrimaryRaw,0,10,1,0.0,0,0.31806614995002747,,0,0,0,0,0,0,0,0,0,0
drop,clean+shift,67,2,PrimaryTrustCalib,0,10,1,0.0,0,0.31806614995002747,accept,0,0,0,0,0,0,0,0,0,0
drop,clean+shift,67,2,MultiPeerObjectGuard,0,10,0,0.0,0,0.1922120749950409,accept,0,0,0,0,6,6,6,6,0,0
drop,clean+shift,67,3,EgoOnly,0,10,0,0.0,0,0.29091113805770874,,0,0,0,0,0,0,0,0,0,0
drop,clean+shift,67,3,CleanCoop,0,10,0,0.0,0,0.20064280927181244,,0,0,0,0,0,0,0,0,0,0
drop,clean+shift,67,3,PrimaryRaw,0,10,0,0.0,0,0.18628443777561188,,0,0,0,0,0,0,0,0,0,0
drop,clean+shift,67,3,PrimaryTrustCalib,0,10,0,0.0,0,0.18628443777561188,accept,0,0,0,0,0,0,0,0,0,0
drop,clean+shift,67,3,MultiPeerObjectGuard,0,10,0,0.0,0,0.20064280927181244,accept,0,0,0,0,4,4,4,4,0,0
drop,clean+shift,67,4,EgoOnly,0,10,0,0.0,0,0.2816416919231415,,0,0,0,0,0,0,0,0,0,0
drop,clean+shift,67,4,CleanCoop,0,10,0,0.0,0,0.20111843943595886,,0,0,0,0,0,0,0,0,0,0
drop,clean+shift,67,4,PrimaryRaw,0,10,0,0.0,0,0.13524603843688965,,0,0,0,0,0,0,0,0,0,0
drop,clean+shift,67,4,PrimaryTrustCalib,0,10,0,0.0,0,0.13524603843688965,accept,0,0,0,0,0,0,0,0,0,0
drop,clean+shift,67,4,MultiPeerObjectGuard,0,10,0,0.0,0,0.20111839473247528,accept,0,0,0,0,3,3,3,3,0,0
drop,clean+shift,67,5,EgoOnly,0,10,0,0.0,0,0.2644801735877991,,0,0,0,0,0,0,0,0,0,0
drop,clean+shift,67,5,CleanCoop,0,10,0,0.0,0,0.2030399739742279,,0,0,0,0,0,0,0,0,0,0
drop,clean+shift,67,5,PrimaryRaw,0,10,0,0.0,0,0.27134615182876587,,0,0,0,0,0,0,0,0,0,0
drop,clean+shift,67,5,PrimaryTrustCalib,0,10,0,0.0,0,0.27134615182876587,accept,0,0,0,0,0,0,0,0,0,0
drop,clean+shift,67,5,MultiPeerObjectGuard,0,10,0,0.0,0,0.2030399739742279,accept,0,0,0,0,5,5,5,5,0,0
drop,clean+shift,67,6,EgoOnly,0,10,0,0.0,0,0.1578536182641983,,0,0,0,0,0,0,0,0,0,0
drop,clean+shift,67,6,CleanCoop,0,10,0,0.0,0,0.2081427276134491,,0,0,0,0,0,0,0,0,0,0
drop,clean+shift,67,6,PrimaryRaw,0,10,0,0.0,0,0.1578536182641983,,0,0,0,0,0,0,0,0,0,0
drop,clean+shift,67,6,PrimaryTrustCalib,0,10,0,0.0,0,0.1578536182641983,accept,0,0,0,0,0,0,0,0,0,0
drop,clean+shift,67,6,MultiPeerObjectGuard,0,10,0,0.0,0,0.2081427276134491,accept,0,0,0,0,5,5,5,5,0,0
drop,clean+shift,67,7,EgoOnly,0,10,0,0.0,0,0.15697267651557922,,0,0,0,0,0,0,0,0,0,0
drop,clean+shift,67,7,CleanCoop,0,10,0,0.0,0,0.21363534033298492,,0,0,0,0,0,0,0,0,0,0
drop,clean+shift,67,7,PrimaryRaw,0,10,0,0.0,0,0.15697267651557922,,0,0,0,0,0,0,0,0,0,0
drop,clean+shift,67,7,PrimaryTrustCalib,0,10,0,0.0,0,0.15697267651557922,accept,0,0,0,0,0,0,0,0,0,0
drop,clean+shift,67,7,MultiPeerObjectGuard,0,10,0,0.0,0,0.21363534033298492,accept,0,0,0,0,5,5,5,5,0,0
drop,clean+shift,67,8,EgoOnly,0,10,0,0.0,0,0.1633763611316681,,0,0,0,0,0,0,0,0,0,0
drop,clean+shift,67,8,CleanCoop,0,10,0,0.0,0,0.21888887882232666,,0,0,0,0,0,0,0,0,0,0
drop,clean+shift,67,8,PrimaryRaw,0,10,0,0.0,0,0.1910172402858734,,0,0,0,0,0,0,0,0,0,0
drop,clean+shift,67,8,PrimaryTrustCalib,0,10,0,0.0,0,0.1910172402858734,accept,0,0,0,0,0,0,0,0,0,0
drop,clean+shift,67,8,MultiPeerObjectGuard,0,10,0,0.0,0,0.21888887882232666,accept,0,0,0,0,4,4,4,4,0,0
drop,clean+shift,67,9,EgoOnly,0,10,0,0.0,0,0.16880136728286743,,0,0,0,0,0,0,0,0,0,0
drop,clean+shift,67,9,CleanCoop,0,10,0,0.0,0,0.2629130482673645,,0,0,0,0,0,0,0,0,0,0
drop,clean+shift,67,9,PrimaryRaw,0,10,0,0.0,0,0.15565910935401917,,0,0,0,0,0,0,0,0,0,0
drop,clean+shift,67,9,PrimaryTrustCalib,0,10,0,0.0,0,0.15565910935401917,accept,0,0,0,0,0,0,0,0,0,0
drop,clean+shift,67,9,MultiPeerObjectGuard,0,10,0,0.0,0,0.2629130780696869,accept,0,0,0,0,3,3,3,3,0,0
drop,clean+shift,67,10,EgoOnly,0,10,0,0.0,0,0.17878876626491547,,0,0,0,0,0,0,0,0,0,0
drop,clean+shift,67,10,CleanCoop,0,10,0,0.0,0,0.1960095316171646,,0,0,0,0,0,0,0,0,0,0
drop,clean+shift,67,10,PrimaryRaw,0,10,0,0.0,0,0.18875597417354584,,0,0,0,0,0,0,0,0,0,0
drop,clean+shift,67,10,PrimaryTrustCalib,0,10,0,0.0,0,0.18875597417354584,accept,0,0,0,0,0,0,0,0,0,0
drop,clean+shift,67,10,MultiPeerObjectGuard,0,10,0,0.0,0,0.1960095465183258,accept,0,0,0,0,2,2,2,2,0,0
drop,clean+shift,67,11,EgoOnly,0,10,0,0.0,0,0.17143896222114563,,0,0,0,0,0,0,0,0,0,0
drop,clean+shift,67,11,CleanCoop,0,10,0,0.0,0,0.1875026375055313,,0,0,0,0,0,0,0,0,0,0
drop,clean+shift,67,11,PrimaryRaw,0,10,0,0.0,0,0.17975345253944397,,0,0,0,0,0,0,0,0,0,0
drop,clean+shift,67,11,PrimaryTrustCalib,0,10,0,0.0,0,0.17975345253944397,accept,0,0,0,0,0,0,0,0,0,0
drop,clean+shift,67,11,MultiPeerObjectGuard,0,10,0,0.0,0,0.1875026375055313,accept,0,0,0,0,2,2,2,2,0,0
drop,clean+shift,67,12,EgoOnly,0,10,0,0.0,0,0.18095116317272186,,0,0,0,0,0,0,0,0,0,0
drop,clean+shift,67,12,CleanCoop,0,10,0,0.0,0,0.19057084619998932,,0,0,0,0,0,0,0,0,0,0
drop,clean+shift,67,12,PrimaryRaw,0,10,0,0.0,0,0.18095116317272186,,0,0,0,0,0,0,0,0,0,0
drop,clean+shift,67,12,PrimaryTrustCalib,0,10,0,0.0,0,0.18095116317272186,accept,0,0,0,0,0,0,0,0,0,0
drop,clean+shift,67,12,MultiPeerObjectGuard,0,10,0,0.0,0,0.19057084619998932,accept,0,0,0,0,2,2,2,2,0,0
drop,clean+shift,67,13,EgoOnly,0,10,0,0.0,0,0.18688222765922546,,0,0,0,0,0,0,0,0,0,0
drop,clean+shift,67,13,CleanCoop,0,10,0,0.0,0,0.1926261931657791,,0,0,0,0,0,0,0,0,0,0
drop,clean+shift,67,13,PrimaryRaw,0,10,0,0.0,0,0.18688222765922546,,0,0,0,0,0,0,0,0,0,0
drop,clean+shift,67,13,PrimaryTrustCalib,0,10,0,0.0,0,0.18688222765922546,accept,0,0,0,0,0,0,0,0,0,0
drop,clean+shift,67,13,MultiPeerObjectGuard,0,10,0,0.0,0,0.1926261931657791,accept,0,0,0,0,1,1,1,1,0,0
drop,clean+shift,67,14,EgoOnly,0,10,0,0.0,0,0.18799331784248352,,0,0,0,0,0,0,0,0,0,0
drop,clean+shift,67,14,CleanCoop,0,10,0,0.0,0,0.1945132166147232,,0,0,0,0,0,0,0,0,0,0
drop,clean+shift,67,14,PrimaryRaw,0,10,0,0.0,0,0.18799331784248352,,0,0,0,0,0,0,0,0,0,0
drop,clean+shift,67,14,PrimaryTrustCalib,0,10,0,0.0,0,0.18799331784248352,accept,0,0,0,0,0,0,0,0,0,0
drop,clean+shift,67,14,MultiPeerObjectGuard,0,10,0,0.0,0,0.1945132166147232,accept,0,0,0,0,1,1,1,1,0,0
drop,clean+shift,67,15,EgoOnly,0,10,0,0.0,0,0.1929899901151657,,0,0,0,0,0,0,0,0,0,0
drop,clean+shift,67,15,CleanCoop,0,10,0,0.0,0,0.19996805489063263,,0,0,0,0,0,0,0,0,0,0
drop,clean+shift,67,15,PrimaryRaw,0,10,0,0.0,0,0.1929899901151657,,0,0,0,0,0,0,0,0,0,0
drop,clean+shift,67,15,PrimaryTrustCalib,0,10,0,0.0,0,0.1929899901151657,accept,0,0,0,0,0,0,0,0,0,0
drop,clean+shift,67,15,MultiPeerObjectGuard,0,10,0,0.0,0,0.19996805489063263,accept,0,0,0,0,1,1,1,1,0,0
drop,clean+shift,67,16,EgoOnly,0,10,0,0.0,0,0.19603724777698517,,0,0,0,0,0,0,0,0,0,0
drop,clean+shift,67,16,CleanCoop,0,10,0,0.0,0,0.20344367623329163,,0,0,0,0,0,0,0,0,0,0
drop,clean+shift,67,16,PrimaryRaw,0,10,0,0.0,0,0.20344367623329163,,0,0,0,0,0,0,0,0,0,0
drop,clean+shift,67,16,PrimaryTrustCalib,0,10,0,0.0,0,0.20344367623329163,accept,0,0,0,0,0,0,0,0,0,0
drop,clean+shift,67,16,MultiPeerObjectGuard,0,10,0,0.0,0,0.20344367623329163,accept,0,0,0,0,0,0,0,0,0,0
drop,clean+shift,67,17,EgoOnly,0,10,0,0.0,0,0.20082855224609375,,0,0,0,0,0,0,0,0,0,0
drop,clean+shift,67,17,CleanCoop,0,10,0,0.0,0,0.20841830968856812,,0,0,0,0,0,0,0,0,0,0
drop,clean+shift,67,17,PrimaryRaw,0,10,0,0.0,0,0.20082855224609375,,0,0,0,0,0,0,0,0,0,0
drop,clean+shift,67,17,PrimaryTrustCalib,0,10,0,0.0,0,0.20082855224609375,accept,0,0,0,0,0,0,0,0,0,0
drop,clean+shift,67,17,MultiPeerObjectGuard,0,10,0,0.0,0,0.20841830968856812,accept,0,0,0,0,1,1,1,1,0,0
drop,clean+shift,67,18,EgoOnly,0,10,0,0.0,0,0.20493096113204956,,0,0,0,0,0,0,0,0,0,0
drop,clean+shift,67,18,CleanCoop,0,10,0,0.0,0,0.21254101395606995,,0,0,0,0,0,0,0,0,0,0
drop,clean+shift,67,18,PrimaryRaw,0,10,0,0.0,0,0.20493096113204956,,0,0,0,0,0,0,0,0,0,0
drop,clean+shift,67,18,PrimaryTrustCalib,0,10,0,0.0,0,0.20493096113204956,accept,0,0,0,0,0,0,0,0,0,0
drop,clean+shift,67,18,MultiPeerObjectGuard,0,10,0,0.0,0,0.21254101395606995,accept,0,0,0,0,1,1,1,1,0,0
drop,clean+shift,67,19,EgoOnly,0,10,0,0.0,0,0.21823662519454956,,0,0,0,0,0,0,0,0,0,0
drop,clean+shift,67,19,CleanCoop,0,10,0,0.0,0,0.2289564162492752,,0,0,0,0,0,0,0,0,0,0
drop,clean+shift,67,19,PrimaryRaw,0,10,0,0.0,0,0.21823662519454956,,0,0,0,0,0,0,0,0,0,0
drop,clean+shift,67,19,PrimaryTrustCalib,0,10,0,0.0,0,0.21823662519454956,accept,0,0,0,0,0,0,0,0,0,0
drop,clean+shift,67,19,MultiPeerObjectGuard,0,10,0,0.0,0,0.2289564162492752,accept,0,0,0,0,1,1,1,1,0,0
drop,clean+shift,73,0,EgoOnly,0,10,0,0.0,0,0.16601423919200897,,0,0,0,0,0,0,0,0,0,0
drop,clean+shift,73,0,CleanCoop,0,10,0,0.0,0,0.19133087992668152,,0,0,0,0,0,0,0,0,0,0
drop,clean+shift,73,0,PrimaryRaw,0,10,0,0.0,0,0.18536052107810974,,0,0,0,0,0,0,0,0,0,0
drop,clean+shift,73,0,PrimaryTrustCalib,0,10,0,0.0,0,0.18536052107810974,accept,0,0,0,0,0,0,0,0,0,0
drop,clean+shift,73,0,MultiPeerObjectGuard,0,10,0,0.0,0,0.19133086502552032,accept,0,0,0,0,4,4,4,4,0,0
drop,clean+shift,73,1,EgoOnly,0,10,0,0.0,0,0.16534101963043213,,0,0,0,0,0,0,0,0,0,0
drop,clean+shift,73,1,CleanCoop,0,10,0,0.0,0,0.19109538197517395,,0,0,0,0,0,0,0,0,0,0
drop,clean+shift,73,1,PrimaryRaw,0,10,0,0.0,0,0.17837394773960114,,0,0,0,0,0,0,0,0,0,0
drop,clean+shift,73,1,PrimaryTrustCalib,0,10,0,0.0,0,0.17837394773960114,accept,0,0,0,0,0,0,0,0,0,0
drop,clean+shift,73,1,MultiPeerObjectGuard,0,10,0,0.0,0,0.19109535217285156,accept,0,0,0,0,3,3,3,3,0,0
drop,clean+shift,73,2,EgoOnly,0,10,0,0.0,0,0.16499581933021545,,0,0,0,0,0,0,0,0,0,0
drop,clean+shift,73,2,CleanCoop,0,10,0,0.0,0,0.19113703072071075,,0,0,0,0,0,0,0,0,0,0
drop,clean+shift,73,2,PrimaryRaw,0,10,0,0.0,0,0.17429475486278534,,0,0,0,0,0,0,0,0,0,0
drop,clean+shift,73,2,PrimaryTrustCalib,0,10,0,0.0,0,0.17429475486278534,accept,0,0,0,0,0,0,0,0,0,0
drop,clean+shift,73,2,MultiPeerObjectGuard,0,10,0,0.0,0,0.19113697111606598,accept,0,0,0,0,4,4,4,4,0,0
drop,clean+shift,73,3,EgoOnly,0,10,0,0.0,0,0.16485720872879028,,0,0,0,0,0,0,0,0,0,0
drop,clean+shift,73,3,CleanCoop,0,10,0,0.0,0,0.19129540026187897,,0,0,0,0,0,0,0,0,0,0
drop,clean+shift,73,3,PrimaryRaw,0,10,0,0.0,0,0.18205536901950836,,0,0,0,0,0,0,0,0,0,0
drop,clean+shift,73,3,PrimaryTrustCalib,0,10,0,0.0,0,0.18205536901950836,accept,0,0,0,0,0,0,0,0,0,0
drop,clean+shift,73,3,MultiPeerObjectGuard,0,10,0,0.0,0,0.19129540026187897,accept,0,0,0,0,2,2,2,2,0,0
drop,clean+shift,73,4,EgoOnly,0,10,0,0.0,0,0.1649143099784851,,0,0,0,0,0,0,0,0,0,0
drop,clean+shift,73,4,CleanCoop,0,10,0,0.0,0,0.19163823127746582,,0,0,0,0,0,0,0,0,0,0
drop,clean+shift,73,4,PrimaryRaw,0,10,0,0.0,0,0.17556042969226837,,0,0,0,0,0,0,0,0,0,0
drop,clean+shift,73,4,PrimaryTrustCalib,0,10,0,0.0,0,0.17556042969226837,accept,0,0,0,0,0,0,0,0,0,0
drop,clean+shift,73,4,MultiPeerObjectGuard,0,10,0,0.0,0,0.19163823127746582,accept,0,0,0,0,5,5,5,5,0,0
drop,clean+shift,73,5,EgoOnly,0,10,0,0.0,0,0.16479618847370148,,0,0,0,0,0,0,0,0,0,0
drop,clean+shift,73,5,CleanCoop,0,10,0,0.0,0,0.19155773520469666,,0,0,0,0,0,0,0,0,0,0
drop,clean+shift,73,5,PrimaryRaw,0,10,0,0.0,0,0.1802777349948883,,0,0,0,0,0,0,0,0,0,0
drop,clean+shift,73,5,PrimaryTrustCalib,0,10,0,0.0,0,0.1802777349948883,accept,0,0,0,0,0,0,0,0,0,0
drop,clean+shift,73,5,MultiPeerObjectGuard,0,10,0,0.0,0,0.19155773520469666,accept,0,0,0,0,4,4,4,4,0,0
drop,clean+shift,73,6,EgoOnly,0,10,0,0.0,0,0.16420230269432068,,0,0,0,0,0,0,0,0,0,0
drop,clean+shift,73,6,CleanCoop,0,10,0,0.0,0,0.19207710027694702,,0,0,0,0,0,0,0,0,0,0
drop,clean+shift,73,6,PrimaryRaw,0,10,0,0.0,0,0.18948957324028015,,0,0,0,0,0,0,0,0,0,0
drop,clean+shift,73,6,PrimaryTrustCalib,0,10,0,0.0,0,0.18948957324028015,accept,0,0,0,0,0,0,0,0,0,0
drop,clean+shift,73,6,MultiPeerObjectGuard,0,10,0,0.0,0,0.19207708537578583,accept,0,0,0,0,2,2,2,2,0,0
drop,clean+shift,73,7,EgoOnly,0,10,0,0.0,0,0.16457699239253998,,0,0,0,0,0,0,0,0,0,0
drop,clean+shift,73,7,CleanCoop,0,10,0,0.0,0,0.19382767379283905,,0,0,0,0,0,0,0,0,0,0
drop,clean+shift,73,7,PrimaryRaw,0,10,0,0.0,0,0.176779642701149,,0,0,0,0,0,0,0,0,0,0
drop,clean+shift,73,7,PrimaryTrustCalib,0,10,0,0.0,0,0.176779642701149,accept,0,0,0,0,0,0,0,0,0,0
drop,clean+shift,73,7,MultiPeerObjectGuard,0,10,0,0.0,0,0.19382764399051666,accept,0,0,0,0,4,4,4,4,0,0
drop,clean+shift,73,8,EgoOnly,0,10,0,0.0,0,0.1621314436197281,,0,0,0,0,0,0,0,0,0,0
drop,clean+shift,73,8,CleanCoop,0,10,0,0.0,0,0.19264629483222961,,0,0,0,0,0,0,0,0,0,0
drop,clean+shift,73,8,PrimaryRaw,0,10,0,0.0,0,0.17065338790416718,,0,0,0,0,0,0,0,0,0,0
drop,clean+shift,73,8,PrimaryTrustCalib,0,10,0,0.0,0,0.17065338790416718,accept,0,0,0,0,0,0,0,0,0,0
drop,clean+shift,73,8,MultiPeerObjectGuard,0,10,0,0.0,0,0.1926463544368744,accept,0,0,0,0,5,5,5,5,0,0
drop,clean+shift,73,9,EgoOnly,0,10,0,0.0,0,0.15137217938899994,,0,0,0,0,0,0,0,0,0,0
drop,clean+shift,73,9,CleanCoop,0,10,0,0.0,0,0.18869300186634064,,0,0,0,0,0,0,0,0,0,0
drop,clean+shift,73,9,PrimaryRaw,0,10,0,0.0,0,0.15723498165607452,,0,0,0,0,0,0,0,0,0,0
drop,clean+shift,73,9,PrimaryTrustCalib,0,10,0,0.0,0,0.15723498165607452,accept,0,0,0,0,0,0,0,0,0,0
drop,clean+shift,73,9,MultiPeerObjectGuard,0,10,0,0.0,0,0.18869304656982422,accept,0,0,0,0,5,5,5,5,0,0
drop,clean+shift,73,10,EgoOnly,0,10,0,0.0,0,0.1406528651714325,,0,0,0,0,0,0,0,0,0,0
drop,clean+shift,73,10,CleanCoop,0,10,0,0.0,0,0.18518461287021637,,0,0,0,0,0,0,0,0,0,0
drop,clean+shift,73,10,PrimaryRaw,0,10,0,0.0,0,0.16716444492340088,,0,0,0,0,0,0,0,0,0,0
drop,clean+shift,73,10,PrimaryTrustCalib,0,10,0,0.0,0,0.16716444492340088,accept,0,0,0,0,0,0,0,0,0,0
drop,clean+shift,73,10,MultiPeerObjectGuard,0,10,0,0.0,0,0.18518461287021637,accept,0,0,0,0,4,4,4,4,0,0
drop,clean+shift,73,11,EgoOnly,0,10,0,0.0,0,0.10217231512069702,,0,0,0,0,0,0,0,0,0,0
drop,clean+shift,73,11,CleanCoop,0,10,0,0.0,0,0.14808225631713867,,0,0,0,0,0,0,0,0,0,0
drop,clean+shift,73,11,PrimaryRaw,0,10,0,0.0,0,0.12889444828033447,,0,0,0,0,0,0,0,0,0,0
drop,clean+shift,73,11,PrimaryTrustCalib,0,10,0,0.0,0,0.12889444828033447,accept,0,0,0,0,0,0,0,0,0,0
drop,clean+shift,73,11,MultiPeerObjectGuard,0,10,0,0.0,0,0.14808227121829987,accept,0,0,0,0,3,3,3,3,0,0
drop,clean+shift,73,12,EgoOnly,0,10,0,0.0,0,0.08897232264280319,,0,0,0,0,0,0,0,0,0,0
drop,clean+shift,73,12,CleanCoop,0,10,0,0.0,0,0.11726321280002594,,0,0,0,0,0,0,0,0,0,0
drop,clean+shift,73,12,PrimaryRaw,0,10,0,0.0,0,0.094430111348629,,0,0,0,0,0,0,0,0,0,0
drop,clean+shift,73,12,PrimaryTrustCalib,0,10,0,0.0,0,0.094430111348629,accept,0,0,0,0,0,0,0,0,0,0
drop,clean+shift,73,12,MultiPeerObjectGuard,0,10,0,0.0,0,0.11726324260234833,accept,0,0,0,0,4,4,4,4,0,0
drop,clean+shift,73,13,EgoOnly,0,10,0,0.0,0,0.09429789334535599,,0,0,0,0,0,0,0,0,0,0
drop,clean+shift,73,13,CleanCoop,0,10,0,0.0,0,0.10681170225143433,,0,0,0,0,0,0,0,0,0,0
drop,clean+shift,73,13,PrimaryRaw,0,10,0,0.0,0,0.09500300139188766,,0,0,0,0,0,0,0,0,0,0
drop,clean+shift,73,13,PrimaryTrustCalib,0,10,0,0.0,0,0.09500300139188766,accept,0,0,0,0,0,0,0,0,0,0
drop,clean+shift,73,13,MultiPeerObjectGuard,0,10,0,0.0,0,0.10681170225143433,accept,0,0,0,0,5,5,5,5,0,0
drop,clean+shift,73,14,EgoOnly,0,10,0,0.0,0,0.1721346229314804,,0,0,0,0,0,0,0,0,0,0
drop,clean+shift,73,14,CleanCoop,0,10,0,0.0,0,0.10056286305189133,,0,0,0,0,0,0,0,0,0,0
drop,clean+shift,73,14,PrimaryRaw,0,10,0,0.0,0,0.09928067028522491,,0,0,0,0,0,0,0,0,0,0
drop,clean+shift,73,14,PrimaryTrustCalib,0,10,0,0.0,0,0.09928067028522491,accept,0,0,0,0,0,0,0,0,0,0
drop,clean+shift,73,14,MultiPeerObjectGuard,0,10,0,0.0,0,0.10056287795305252,accept,0,0,0,0,4,4,4,4,0,0
drop,clean+shift,73,15,EgoOnly,0,10,1,0.0,0,0.315283864736557,,0,0,0,0,0,0,0,0,0,0
drop,clean+shift,73,15,CleanCoop,0,10,0,0.0,0,0.11781156808137894,,0,0,0,0,0,0,0,0,0,0
drop,clean+shift,73,15,PrimaryRaw,0,10,0,0.0,0,0.20465682446956635,,0,0,0,0,0,0,0,0,0,0
drop,clean+shift,73,15,PrimaryTrustCalib,0,10,0,0.0,0,0.20465682446956635,accept,0,0,0,0,0,0,0,0,0,0
drop,clean+shift,73,15,MultiPeerObjectGuard,0,10,0,0.0,0,0.11781156808137894,accept,0,0,0,0,6,6,6,6,0,0
drop,clean+shift,73,16,EgoOnly,0,10,1,0.0,0,0.44703251123428345,,0,0,0,0,0,0,0,0,0,0
drop,clean+shift,73,16,CleanCoop,0,10,0,0.0,0,0.2658202648162842,,0,0,0,0,0,0,0,0,0,0
drop,clean+shift,73,16,PrimaryRaw,0,10,1,0.0,0,0.44703251123428345,,0,0,0,0,0,0,0,0,0,0
drop,clean+shift,73,16,PrimaryTrustCalib,0,10,1,0.0,0,0.44703251123428345,accept,0,0,0,0,0,0,0,0,0,0
drop,clean+shift,73,16,MultiPeerObjectGuard,0,10,0,0.0,0,0.2658202648162842,accept,0,0,0,0,6,6,6,6,0,0
drop,clean+shift,73,17,EgoOnly,0,10,1,0.0,0,0.4986949861049652,,0,0,0,0,0,0,0,0,0,0
drop,clean+shift,73,17,CleanCoop,0,10,0,0.0,0,0.2945563793182373,,0,0,0,0,0,0,0,0,0,0
drop,clean+shift,73,17,PrimaryRaw,0,10,1,0.0,0,0.37463685870170593,,0,0,0,0,0,0,0,0,0,0
drop,clean+shift,73,17,PrimaryTrustCalib,0,10,1,0.0,0,0.37463685870170593,accept,0,0,0,0,0,0,0,0,0,0
drop,clean+shift,73,17,MultiPeerObjectGuard,0,10,0,0.0,0,0.2945564389228821,accept,0,0,0,0,4,4,4,4,0,0
drop,clean+shift,73,18,EgoOnly,0,10,1,0.0,0,0.5220518112182617,,0,0,0,0,0,0,0,0,0,0
drop,clean+shift,73,18,CleanCoop,0,10,1,0.0,0,0.5125468969345093,,0,0,0,0,0,0,0,0,0,0
drop,clean+shift,73,18,PrimaryRaw,0,10,1,0.0,0,0.522049069404602,,0,0,0,0,0,0,0,0,0,0
drop,clean+shift,73,18,PrimaryTrustCalib,0,10,1,0.0,0,0.522049069404602,accept,0,0,0,0,0,0,0,0,0,0
drop,clean+shift,73,18,MultiPeerObjectGuard,0,10,1,0.0,0,0.5125468969345093,accept,0,0,0,0,2,2,2,2,0,0
drop,clean+shift,73,19,EgoOnly,0,10,1,0.0,0,0.5422191619873047,,0,0,0,0,0,0,0,0,0,0
drop,clean+shift,73,19,CleanCoop,0,10,1,0.0,0,0.5478320717811584,,0,0,0,0,0,0,0,0,0,0
drop,clean+shift,73,19,PrimaryRaw,0,10,1,0.0,0,0.5476205945014954,,0,0,0,0,0,0,0,0,0,0
drop,clean+shift,73,19,PrimaryTrustCalib,0,10,1,0.0,0,0.5476205945014954,accept,0,0,0,0,0,0,0,0,0,0
drop,clean+shift,73,19,MultiPeerObjectGuard,0,10,1,0.0,0,0.5478321313858032,accept,0,0,0,0,1,1,1,1,0,0
drop,clean+shift,78,0,EgoOnly,0,10,1,0.3,3,0.12954707443714142,,0,0,0,0,0,0,0,0,0,0
drop,clean+shift,78,0,CleanCoop,0,10,1,0.3,3,0.11048141121864319,,0,0,0,0,0,0,0,0,0,0
drop,clean+shift,78,0,PrimaryRaw,0,10,1,0.3,3,0.1230744943022728,,0,0,0,0,0,0,0,0,0,0
drop,clean+shift,78,0,PrimaryTrustCalib,0,10,1,0.3,3,0.1230744943022728,accept,0,0,0,0,0,0,0,0,0,0
drop,clean+shift,78,0,MultiPeerObjectGuard,0,10,1,0.3,3,0.1230744943022728,accept,0,0,0,0,20,20,20,20,0,0
drop,clean+shift,78,1,EgoOnly,0,10,1,0.2,2,0.12981969118118286,,0,0,0,0,0,0,0,0,0,0
drop,clean+shift,78,1,CleanCoop,0,10,1,0.2,2,0.11107562482357025,,0,0,0,0,0,0,0,0,0,0
drop,clean+shift,78,1,PrimaryRaw,0,10,1,0.2,2,0.12238994985818863,,0,0,0,0,0,0,0,0,0,0
drop,clean+shift,78,1,PrimaryTrustCalib,0,10,1,0.2,2,0.12238994985818863,accept,0,0,0,0,0,0,0,0,0,0
drop,clean+shift,78,1,MultiPeerObjectGuard,0,10,1,0.2,2,0.12238994985818863,accept,0,0,0,0,21,21,21,21,0,0
drop,clean+shift,78,2,EgoOnly,0,10,1,0.1,1,0.12319523841142654,,0,0,0,0,0,0,0,0,0,0
drop,clean+shift,78,2,CleanCoop,0,10,1,0.1,1,0.10924666374921799,,0,0,0,0,0,0,0,0,0,0
drop,clean+shift,78,2,PrimaryRaw,0,10,1,0.1,1,0.11598218232393265,,0,0,0,0,0,0,0,0,0,0
drop,clean+shift,78,2,PrimaryTrustCalib,0,10,1,0.1,1,0.11598218232393265,accept,0,0,0,0,0,0,0,0,0,0
drop,clean+shift,78,2,MultiPeerObjectGuard,0,10,1,0.1,1,0.11959663033485413,accept,0,0,0,0,24,24,24,24,0,0
drop,clean+shift,78,3,EgoOnly,0,10,1,0.1,1,0.19251790642738342,,0,0,0,0,0,0,0,0,0,0
drop,clean+shift,78,3,CleanCoop,0,10,1,0.1,1,0.14397166669368744,,0,0,0,0,0,0,0,0,0,0
drop,clean+shift,78,3,PrimaryRaw,0,10,1,0.1,1,0.2628180682659149,,0,0,0,0,0,0,0,0,0,0
drop,clean+shift,78,3,PrimaryTrustCalib,0,10,1,0.1,1,0.2628180682659149,accept,0,0,0,0,0,0,0,0,0,0
drop,clean+shift,78,3,MultiPeerObjectGuard,0,10,1,0.1,1,0.2628180682659149,accept,0,0,0,0,22,22,22,22,0,0
drop,clean+shift,78,4,EgoOnly,0,10,1,0.2,2,0.3620877265930176,,0,0,0,0,0,0,0,0,0,0
drop,clean+shift,78,4,CleanCoop,0,10,1,0.2,2,0.21949465572834015,,0,0,0,0,0,0,0,0,0,0
drop,clean+shift,78,4,PrimaryRaw,0,10,1,0.2,2,0.25101760029792786,,0,0,0,0,0,0,0,0,0,0
drop,clean+shift,78,4,PrimaryTrustCalib,0,10,1,0.2,2,0.25101760029792786,accept,0,0,0,0,0,0,0,0,0,0
drop,clean+shift,78,4,MultiPeerObjectGuard,0,10,1,0.2,2,0.25101760029792786,accept,0,0,0,0,21,20,21,20,0,0
drop,clean+shift,78,5,EgoOnly,0,10,1,0.2,2,0.5474198460578918,,0,0,0,0,0,0,0,0,0,0
drop,clean+shift,78,5,CleanCoop,0,10,1,0.2,2,0.3331950604915619,,0,0,0,0,0,0,0,0,0,0
drop,clean+shift,78,5,PrimaryRaw,0,10,1,0.2,2,0.6104123592376709,,0,0,0,0,0,0,0,0,0,0
drop,clean+shift,78,5,PrimaryTrustCalib,0,10,1,0.2,2,0.6104123592376709,accept,0,0,0,0,0,0,0,0,0,0
drop,clean+shift,78,5,MultiPeerObjectGuard,0,10,1,0.2,2,0.6104123592376709,accept,0,0,0,0,21,21,21,21,0,0
drop,clean+shift,78,6,EgoOnly,0,10,1,0.2,2,0.30808374285697937,,0,0,0,0,0,0,0,0,0,0
drop,clean+shift,78,6,CleanCoop,0,10,1,0.2,2,0.4078378677368164,,0,0,0,0,0,0,0,0,0,0
drop,clean+shift,78,6,PrimaryRaw,0,10,1,0.2,2,0.4420356750488281,,0,0,0,0,0,0,0,0,0,0
drop,clean+shift,78,6,PrimaryTrustCalib,0,10,1,0.2,2,0.4420356750488281,accept,0,0,0,0,0,0,0,0,0,0
drop,clean+shift,78,6,MultiPeerObjectGuard,0,10,1,0.2,2,0.4420356750488281,accept,0,0,0,0,17,17,17,17,0,0
drop,clean+shift,78,7,EgoOnly,0,10,1,0.1,1,0.6787148118019104,,0,0,0,0,0,0,0,0,0,0
drop,clean+shift,78,7,CleanCoop,0,10,1,0.1,1,0.4522174298763275,,0,0,0,0,0,0,0,0,0,0
drop,clean+shift,78,7,PrimaryRaw,0,10,1,0.1,1,0.5663365125656128,,0,0,0,0,0,0,0,0,0,0
drop,clean+shift,78,7,PrimaryTrustCalib,0,10,1,0.1,1,0.5663365125656128,accept,0,0,0,0,0,0,0,0,0,0
drop,clean+shift,78,7,MultiPeerObjectGuard,0,10,1,0.1,1,0.5663365125656128,accept,0,0,0,0,17,17,17,17,0,0
drop,clean+shift,78,8,EgoOnly,0,10,1,0.1,1,0.688628077507019,,0,0,0,0,0,0,0,0,0,0
drop,clean+shift,78,8,CleanCoop,0,10,1,0.1,1,0.46345460414886475,,0,0,0,0,0,0,0,0,0,0
drop,clean+shift,78,8,PrimaryRaw,0,10,1,0.1,1,0.4780850410461426,,0,0,0,0,0,0,0,0,0,0
drop,clean+shift,78,8,PrimaryTrustCalib,0,10,1,0.1,1,0.4780850410461426,accept,0,0,0,0,0,0,0,0,0,0
drop,clean+shift,78,8,MultiPeerObjectGuard,0,10,1,0.1,1,0.4780850410461426,accept,0,0,0,0,20,20,20,20,0,0
drop,clean+shift,78,9,EgoOnly,0,10,1,0.1,1,0.7399701476097107,,0,0,0,0,0,0,0,0,0,0
drop,clean+shift,78,9,CleanCoop,0,10,1,0.1,1,0.5069028735160828,,0,0,0,0,0,0,0,0,0,0
drop,clean+shift,78,9,PrimaryRaw,0,10,1,0.1,1,0.5944710969924927,,0,0,0,0,0,0,0,0,0,0
drop,clean+shift,78,9,PrimaryTrustCalib,0,10,1,0.1,1,0.5944710969924927,accept,0,0,0,0,0,0,0,0,0,0
drop,clean+shift,78,9,MultiPeerObjectGuard,0,10,1,0.1,1,0.5944710969924927,accept,0,0,0,0,16,15,16,15,0,0
drop,clean+shift,78,10,EgoOnly,0,10,1,0.1,1,0.7910642027854919,,0,0,0,0,0,0,0,0,0,0
drop,clean+shift,78,10,CleanCoop,0,10,1,0.1,1,0.5417523384094238,,0,0,0,0,0,0,0,0,0,0
drop,clean+shift,78,10,PrimaryRaw,0,10,1,0.1,1,0.7228999733924866,,0,0,0,0,0,0,0,0,0,0
drop,clean+shift,78,10,PrimaryTrustCalib,0,10,1,0.1,1,0.7228999733924866,accept,0,0,0,0,0,0,0,0,0,0
drop,clean+shift,78,10,MultiPeerObjectGuard,0,10,1,0.1,1,0.7228999733924866,accept,0,0,0,0,23,22,23,22,0,0
drop,clean+shift,78,11,EgoOnly,0,10,1,0.0,0,0.8206885457038879,,0,0,0,0,0,0,0,0,0,0
drop,clean+shift,78,11,CleanCoop,0,10,1,0.0,0,0.5815539956092834,,0,0,0,0,0,0,0,0,0,0
drop,clean+shift,78,11,PrimaryRaw,0,10,1,0.0,0,0.7006003856658936,,0,0,0,0,0,0,0,0,0,0
drop,clean+shift,78,11,PrimaryTrustCalib,0,10,1,0.0,0,0.7006003856658936,accept,0,0,0,0,0,0,0,0,0,0
drop,clean+shift,78,11,MultiPeerObjectGuard,0,10,1,0.0,0,0.5996536612510681,accept,0,0,0,0,25,24,25,24,0,0
drop,clean+shift,78,12,EgoOnly,0,10,1,0.1,1,0.6646993160247803,,0,0,0,0,0,0,0,0,0,0
drop,clean+shift,78,12,CleanCoop,0,10,1,0.1,1,0.33677923679351807,,0,0,0,0,0,0,0,0,0,0
drop,clean+shift,78,12,PrimaryRaw,0,10,1,0.1,1,0.6410959959030151,,0,0,0,0,0,0,0,0,0,0
drop,clean+shift,78,12,PrimaryTrustCalib,0,10,1,0.1,1,0.6410959959030151,accept,0,0,0,0,0,0,0,0,0,0
drop,clean+shift,78,12,MultiPeerObjectGuard,0,10,1,0.1,1,0.6410959959030151,accept,0,0,0,0,19,19,19,19,0,0
drop,clean+shift,78,13,EgoOnly,0,10,1,0.2,2,0.7193747162818909,,0,0,0,0,0,0,0,0,0,0
drop,clean+shift,78,13,CleanCoop,0,10,1,0.2,2,0.41879400610923767,,0,0,0,0,0,0,0,0,0,0
drop,clean+shift,78,13,PrimaryRaw,0,10,1,0.2,2,0.7781176567077637,,0,0,0,0,0,0,0,0,0,0
drop,clean+shift,78,13,PrimaryTrustCalib,0,10,1,0.2,2,0.7781176567077637,accept,0,0,0,0,0,0,0,0,0,0
drop,clean+shift,78,13,MultiPeerObjectGuard,0,10,1,0.2,2,0.7781176567077637,accept,0,0,0,0,21,20,21,20,0,0
drop,clean+shift,78,14,EgoOnly,0,10,1,0.2,2,0.4655480682849884,,0,0,0,0,0,0,0,0,0,0
drop,clean+shift,78,14,CleanCoop,0,10,1,0.2,2,0.4816743731498718,,0,0,0,0,0,0,0,0,0,0
drop,clean+shift,78,14,PrimaryRaw,0,10,1,0.2,2,0.4719405770301819,,0,0,0,0,0,0,0,0,0,0
drop,clean+shift,78,14,PrimaryTrustCalib,0,10,1,0.2,2,0.4719405770301819,accept,0,0,0,0,0,0,0,0,0,0
drop,clean+shift,78,14,MultiPeerObjectGuard,0,10,1,0.2,2,0.4719405770301819,accept,0,0,0,0,19,19,19,19,0,0
drop,clean+shift,78,15,EgoOnly,0,10,1,0.5,5,0.8046050667762756,,0,0,0,0,0,0,0,0,0,0
drop,clean+shift,78,15,CleanCoop,0,10,1,0.5,5,0.5441155433654785,,0,0,0,0,0,0,0,0,0,0
drop,clean+shift,78,15,PrimaryRaw,0,10,1,0.5,5,0.7495750188827515,,0,0,0,0,0,0,0,0,0,0
drop,clean+shift,78,15,PrimaryTrustCalib,0,10,1,0.5,5,0.7495750188827515,accept,0,0,0,0,0,0,0,0,0,0
drop,clean+shift,78,15,MultiPeerObjectGuard,0,10,1,0.5,5,0.6620069742202759,accept,0,0,0,0,25,25,25,25,0,0
drop,clean+shift,78,16,EgoOnly,0,10,1,0.4,4,0.8021913766860962,,0,0,0,0,0,0,0,0,0,0
drop,clean+shift,78,16,CleanCoop,0,10,1,0.4,4,0.57822185754776,,0,0,0,0,0,0,0,0,0,0
drop,clean+shift,78,16,PrimaryRaw,0,10,1,0.4,4,0.3191300332546234,,0,0,0,0,0,0,0,0,0,0
drop,clean+shift,78,16,PrimaryTrustCalib,0,10,1,0.4,4,0.3191300332546234,accept,0,0,0,0,0,0,0,0,0,0
drop,clean+shift,78,16,MultiPeerObjectGuard,0,10,1,0.4,4,0.32698073983192444,accept,0,0,0,0,25,24,25,24,0,0
drop,clean+shift,78,17,EgoOnly,0,10,1,0.1,1,0.7098711133003235,,0,0,0,0,0,0,0,0,0,0
drop,clean+shift,78,17,CleanCoop,0,10,1,0.1,1,0.5586426258087158,,0,0,0,0,0,0,0,0,0,0
drop,clean+shift,78,17,PrimaryRaw,0,10,1,0.1,1,0.5327200293540955,,0,0,0,0,0,0,0,0,0,0
drop,clean+shift,78,17,PrimaryTrustCalib,0,10,1,0.1,1,0.5327200293540955,accept,0,0,0,0,0,0,0,0,0,0
drop,clean+shift,78,17,MultiPeerObjectGuard,0,10,1,0.1,1,0.5327200293540955,accept,0,0,0,0,23,23,23,23,0,0
drop,clean+shift,78,18,EgoOnly,0,10,1,0.1,1,0.5057668089866638,,0,0,0,0,0,0,0,0,0,0
drop,clean+shift,78,18,CleanCoop,0,10,1,0.1,1,0.5227265357971191,,0,0,0,0,0,0,0,0,0,0
drop,clean+shift,78,18,PrimaryRaw,0,10,1,0.1,1,0.6788106560707092,,0,0,0,0,0,0,0,0,0,0
drop,clean+shift,78,18,PrimaryTrustCalib,0,10,1,0.1,1,0.6788106560707092,accept,0,0,0,0,0,0,0,0,0,0
drop,clean+shift,78,18,MultiPeerObjectGuard,0,10,1,0.1,1,0.5760756731033325,accept,0,0,0,0,24,24,24,24,0,0
drop,clean+shift,78,19,EgoOnly,0,10,1,0.2,2,0.25431203842163086,,0,0,0,0,0,0,0,0,0,0
drop,clean+shift,78,19,CleanCoop,0,10,1,0.2,2,0.5767615437507629,,0,0,0,0,0,0,0,0,0,0
drop,clean+shift,78,19,PrimaryRaw,0,10,1,0.2,2,0.6558519601821899,,0,0,0,0,0,0,0,0,0,0
drop,clean+shift,78,19,PrimaryTrustCalib,0,10,1,0.2,2,0.6558519601821899,accept,0,0,0,0,0,0,0,0,0,0
drop,clean+shift,78,19,MultiPeerObjectGuard,0,10,1,0.2,2,0.6558519601821899,accept,0,0,0,0,22,21,22,21,0,0
drop,clean+shift,80,0,EgoOnly,0,10,0,0.0,0,0.15497294068336487,,0,0,0,0,0,0,0,0,0,0
drop,clean+shift,80,0,CleanCoop,0,10,0,0.0,0,0.1743956059217453,,0,0,0,0,0,0,0,0,0,0
drop,clean+shift,80,0,PrimaryRaw,0,10,0,0.0,0,0.18177232146263123,,0,0,0,0,0,0,0,0,0,0
drop,clean+shift,80,0,PrimaryTrustCalib,0,10,0,0.0,0,0.18177232146263123,accept,0,0,0,0,0,0,0,0,0,0
drop,clean+shift,80,0,MultiPeerObjectGuard,0,10,0,0.0,0,0.18177232146263123,accept,0,0,0,0,16,13,16,13,0,0
drop,clean+shift,80,1,EgoOnly,0,10,0,0.0,0,0.15472638607025146,,0,0,0,0,0,0,0,0,0,0
drop,clean+shift,80,1,CleanCoop,0,10,0,0.0,0,0.17476676404476166,,0,0,0,0,0,0,0,0,0,0
drop,clean+shift,80,1,PrimaryRaw,0,10,0,0.0,0,0.16903622448444366,,0,0,0,0,0,0,0,0,0,0
drop,clean+shift,80,1,PrimaryTrustCalib,0,10,0,0.0,0,0.16903622448444366,accept,0,0,0,0,0,0,0,0,0,0
drop,clean+shift,80,1,MultiPeerObjectGuard,0,10,0,0.0,0,0.16903622448444366,accept,0,0,0,0,14,12,14,12,0,0
drop,clean+shift,80,2,EgoOnly,0,10,0,0.0,0,0.15599022805690765,,0,0,0,0,0,0,0,0,0,0
drop,clean+shift,80,2,CleanCoop,0,10,0,0.0,0,0.1882997751235962,,0,0,0,0,0,0,0,0,0,0
drop,clean+shift,80,2,PrimaryRaw,0,10,0,0.0,0,0.14277568459510803,,0,0,0,0,0,0,0,0,0,0
drop,clean+shift,80,2,PrimaryTrustCalib,0,10,0,0.0,0,0.14277568459510803,accept,0,0,0,0,0,0,0,0,0,0
drop,clean+shift,80,2,MultiPeerObjectGuard,0,10,0,0.0,0,0.14277568459510803,accept,0,0,0,0,16,14,16,14,0,0
drop,clean+shift,80,3,EgoOnly,0,10,0,0.0,0,0.19197608530521393,,0,0,0,0,0,0,0,0,0,0
drop,clean+shift,80,3,CleanCoop,0,10,0,0.0,0,0.18690340220928192,,0,0,0,0,0,0,0,0,0,0
drop,clean+shift,80,3,PrimaryRaw,0,10,0,0.0,0,0.1841425597667694,,0,0,0,0,0,0,0,0,0,0
drop,clean+shift,80,3,PrimaryTrustCalib,0,10,0,0.0,0,0.1841425597667694,accept,0,0,0,0,0,0,0,0,0,0
drop,clean+shift,80,3,MultiPeerObjectGuard,0,10,0,0.0,0,0.1841425597667694,accept,0,0,0,0,19,17,19,17,0,0
drop,clean+shift,80,4,EgoOnly,0,10,0,0.0,0,0.15876798331737518,,0,0,0,0,0,0,0,0,0,0
drop,clean+shift,80,4,CleanCoop,0,10,0,0.0,0,0.20071597397327423,,0,0,0,0,0,0,0,0,0,0
drop,clean+shift,80,4,PrimaryRaw,0,10,0,0.0,0,0.1738811731338501,,0,0,0,0,0,0,0,0,0,0
drop,clean+shift,80,4,PrimaryTrustCalib,0,10,0,0.0,0,0.1738811731338501,accept,0,0,0,0,0,0,0,0,0,0
drop,clean+shift,80,4,MultiPeerObjectGuard,0,10,0,0.0,0,0.1738811731338501,accept,0,0,0,0,21,18,21,18,0,0
drop,clean+shift,80,5,EgoOnly,0,10,0,0.0,0,0.1849142163991928,,0,0,0,0,0,0,0,0,0,0
drop,clean+shift,80,5,CleanCoop,0,10,0,0.0,0,0.20513828098773956,,0,0,0,0,0,0,0,0,0,0
drop,clean+shift,80,5,PrimaryRaw,0,10,0,0.0,0,0.16759231686592102,,0,0,0,0,0,0,0,0,0,0
drop,clean+shift,80,5,PrimaryTrustCalib,0,10,0,0.0,0,0.16759231686592102,accept,0,0,0,0,0,0,0,0,0,0
drop,clean+shift,80,5,MultiPeerObjectGuard,0,10,0,0.0,0,0.16759231686592102,accept,0,0,0,0,20,18,20,18,0,0
drop,clean+shift,80,6,EgoOnly,0,10,0,0.0,0,0.18793021142482758,,0,0,0,0,0,0,0,0,0,0
drop,clean+shift,80,6,CleanCoop,0,10,0,0.0,0,0.2074824422597885,,0,0,0,0,0,0,0,0,0,0
drop,clean+shift,80,6,PrimaryRaw,0,10,0,0.0,0,0.23188310861587524,,0,0,0,0,0,0,0,0,0,0
drop,clean+shift,80,6,PrimaryTrustCalib,0,10,0,0.0,0,0.23188310861587524,accept,0,0,0,0,0,0,0,0,0,0
drop,clean+shift,80,6,MultiPeerObjectGuard,0,10,0,0.0,0,0.23188310861587524,accept,0,0,0,0,19,17,19,17,0,0
drop,clean+shift,80,7,EgoOnly,0,10,0,0.0,0,0.16871610283851624,,0,0,0,0,0,0,0,0,0,0
drop,clean+shift,80,7,CleanCoop,0,10,0,0.0,0,0.21609708666801453,,0,0,0,0,0,0,0,0,0,0
drop,clean+shift,80,7,PrimaryRaw,0,10,0,0.0,0,0.19065774977207184,,0,0,0,0,0,0,0,0,0,0
drop,clean+shift,80,7,PrimaryTrustCalib,0,10,0,0.0,0,0.19065774977207184,accept,0,0,0,0,0,0,0,0,0,0
drop,clean+shift,80,7,MultiPeerObjectGuard,0,10,0,0.0,0,0.17661207914352417,accept,0,0,0,0,24,21,24,21,0,0
drop,clean+shift,80,8,EgoOnly,0,10,0,0.0,0,0.170697882771492,,0,0,0,0,0,0,0,0,0,0
drop,clean+shift,80,8,CleanCoop,0,10,0,0.0,0,0.2254209965467453,,0,0,0,0,0,0,0,0,0,0
drop,clean+shift,80,8,PrimaryRaw,0,10,0,0.0,0,0.16039302945137024,,0,0,0,0,0,0,0,0,0,0
drop,clean+shift,80,8,PrimaryTrustCalib,0,10,0,0.0,0,0.16039302945137024,accept,0,0,0,0,0,0,0,0,0,0
drop,clean+shift,80,8,MultiPeerObjectGuard,0,10,0,0.0,0,0.16039302945137024,accept,0,0,0,0,19,18,19,18,0,0
drop,clean+shift,80,9,EgoOnly,0,10,0,0.0,0,0.17252126336097717,,0,0,0,0,0,0,0,0,0,0
drop,clean+shift,80,9,CleanCoop,0,10,0,0.0,0,0.22917573153972626,,0,0,0,0,0,0,0,0,0,0
drop,clean+shift,80,9,PrimaryRaw,0,10,0,0.0,0,0.19241636991500854,,0,0,0,0,0,0,0,0,0,0
drop,clean+shift,80,9,PrimaryTrustCalib,0,10,0,0.0,0,0.19241636991500854,accept,0,0,0,0,0,0,0,0,0,0
drop,clean+shift,80,9,MultiPeerObjectGuard,0,10,0,0.0,0,0.19241636991500854,accept,0,0,0,0,18,16,18,16,0,0
drop,clean+shift,80,10,EgoOnly,0,10,0,0.0,0,0.24531298875808716,,0,0,0,0,0,0,0,0,0,0
drop,clean+shift,80,10,CleanCoop,0,10,0,0.0,0,0.18081657588481903,,0,0,0,0,0,0,0,0,0,0
drop,clean+shift,80,10,PrimaryRaw,0,10,0,0.0,0,0.14224594831466675,,0,0,0,0,0,0,0,0,0,0
drop,clean+shift,80,10,PrimaryTrustCalib,0,10,0,0.0,0,0.14224594831466675,accept,0,0,0,0,0,0,0,0,0,0
drop,clean+shift,80,10,MultiPeerObjectGuard,0,10,0,0.0,0,0.15698613226413727,accept,0,0,0,0,21,19,21,19,0,0
drop,clean+shift,80,11,EgoOnly,0,10,0,0.0,0,0.238387331366539,,0,0,0,0,0,0,0,0,0,0
drop,clean+shift,80,11,CleanCoop,0,10,0,0.0,0,0.18065834045410156,,0,0,0,0,0,0,0,0,0,0
drop,clean+shift,80,11,PrimaryRaw,0,10,0,0.0,0,0.20225585997104645,,0,0,0,0,0,0,0,0,0,0
drop,clean+shift,80,11,PrimaryTrustCalib,0,10,0,0.0,0,0.20225585997104645,accept,0,0,0,0,0,0,0,0,0,0
drop,clean+shift,80,11,MultiPeerObjectGuard,0,10,0,0.0,0,0.18885673582553864,accept,0,0,0,0,23,20,23,20,0,0
drop,clean+shift,80,12,EgoOnly,0,10,0,0.0,0,0.2320539653301239,,0,0,0,0,0,0,0,0,0,0
drop,clean+shift,80,12,CleanCoop,0,10,0,0.0,0,0.16264145076274872,,0,0,0,0,0,0,0,0,0,0
drop,clean+shift,80,12,PrimaryRaw,0,10,0,0.0,0,0.21923066675662994,,0,0,0,0,0,0,0,0,0,0
drop,clean+shift,80,12,PrimaryTrustCalib,0,10,0,0.0,0,0.21923066675662994,accept,0,0,0,0,0,0,0,0,0,0
drop,clean+shift,80,12,MultiPeerObjectGuard,0,10,0,0.0,0,0.21923066675662994,accept,0,0,0,0,18,16,18,16,0,0
drop,clean+shift,80,13,EgoOnly,0,10,0,0.0,0,0.22358140349388123,,0,0,0,0,0,0,0,0,0,0
drop,clean+shift,80,13,CleanCoop,0,10,0,0.0,0,0.18605703115463257,,0,0,0,0,0,0,0,0,0,0
drop,clean+shift,80,13,PrimaryRaw,0,10,0,0.0,0,0.21657566726207733,,0,0,0,0,0,0,0,0,0,0
drop,clean+shift,80,13,PrimaryTrustCalib,0,10,0,0.0,0,0.21657566726207733,accept,0,0,0,0,0,0,0,0,0,0
drop,clean+shift,80,13,MultiPeerObjectGuard,0,10,0,0.0,0,0.21657566726207733,accept,0,0,0,0,15,14,15,14,0,0
drop,clean+shift,80,14,EgoOnly,0,10,0,0.0,0,0.20264539122581482,,0,0,0,0,0,0,0,0,0,0
drop,clean+shift,80,14,CleanCoop,0,10,0,0.0,0,0.18735340237617493,,0,0,0,0,0,0,0,0,0,0
drop,clean+shift,80,14,PrimaryRaw,0,10,0,0.0,0,0.1673882007598877,,0,0,0,0,0,0,0,0,0,0
drop,clean+shift,80,14,PrimaryTrustCalib,0,10,0,0.0,0,0.1673882007598877,accept,0,0,0,0,0,0,0,0,0,0
drop,clean+shift,80,14,MultiPeerObjectGuard,0,10,0,0.0,0,0.1673882007598877,accept,0,0,0,0,18,17,18,17,0,0
drop,clean+shift,80,15,EgoOnly,0,10,0,0.0,0,0.21827535331249237,,0,0,0,0,0,0,0,0,0,0
drop,clean+shift,80,15,CleanCoop,0,10,0,0.0,0,0.18004636466503143,,0,0,0,0,0,0,0,0,0,0
drop,clean+shift,80,15,PrimaryRaw,0,10,0,0.0,0,0.17520219087600708,,0,0,0,0,0,0,0,0,0,0
drop,clean+shift,80,15,PrimaryTrustCalib,0,10,0,0.0,0,0.17520219087600708,accept,0,0,0,0,0,0,0,0,0,0
drop,clean+shift,80,15,MultiPeerObjectGuard,0,10,0,0.0,0,0.24975024163722992,accept,0,0,0,0,21,19,21,19,0,0
drop,clean+shift,80,16,EgoOnly,0,10,0,0.0,0,0.22088734805583954,,0,0,0,0,0,0,0,0,0,0
drop,clean+shift,80,16,CleanCoop,0,10,1,0.1,1,0.18068280816078186,,0,0,0,0,0,0,0,0,0,0
drop,clean+shift,80,16,PrimaryRaw,0,10,0,0.0,0,0.18939533829689026,,0,0,0,0,0,0,0,0,0,0
drop,clean+shift,80,16,PrimaryTrustCalib,0,10,0,0.0,0,0.18939533829689026,accept,0,0,0,0,0,0,0,0,0,0
drop,clean+shift,80,16,MultiPeerObjectGuard,0,10,1,0.1,1,0.18939533829689026,accept,0,0,0,0,17,17,17,17,0,0
drop,clean+shift,80,17,EgoOnly,0,10,0,0.0,0,0.21152329444885254,,0,0,0,0,0,0,0,0,0,0
drop,clean+shift,80,17,CleanCoop,0,10,0,0.0,0,0.17493025958538055,,0,0,0,0,0,0,0,0,0,0
drop,clean+shift,80,17,PrimaryRaw,0,10,0,0.0,0,0.21198514103889465,,0,0,0,0,0,0,0,0,0,0
drop,clean+shift,80,17,PrimaryTrustCalib,0,10,0,0.0,0,0.21198514103889465,accept,0,0,0,0,0,0,0,0,0,0
drop,clean+shift,80,17,MultiPeerObjectGuard,0,10,0,0.0,0,0.1672171652317047,accept,0,0,0,0,20,18,20,18,0,0
drop,clean+shift,80,18,EgoOnly,0,10,0,0.0,0,0.21265149116516113,,0,0,0,0,0,0,0,0,0,0
drop,clean+shift,80,18,CleanCoop,0,10,0,0.0,0,0.1800854355096817,,0,0,0,0,0,0,0,0,0,0
drop,clean+shift,80,18,PrimaryRaw,0,10,0,0.0,0,0.20754900574684143,,0,0,0,0,0,0,0,0,0,0
drop,clean+shift,80,18,PrimaryTrustCalib,0,10,0,0.0,0,0.20754900574684143,accept,0,0,0,0,0,0,0,0,0,0
drop,clean+shift,80,18,MultiPeerObjectGuard,0,10,0,0.0,0,0.20754900574684143,accept,0,0,0,0,11,11,11,11,0,0
drop,clean+shift,80,19,EgoOnly,0,10,0,0.0,0,0.21806436777114868,,0,0,0,0,0,0,0,0,0,0
drop,clean+shift,80,19,CleanCoop,0,10,0,0.0,0,0.1904759705066681,,0,0,0,0,0,0,0,0,0,0
drop,clean+shift,80,19,PrimaryRaw,0,10,0,0.0,0,0.16434356570243835,,0,0,0,0,0,0,0,0,0,0
drop,clean+shift,80,19,PrimaryTrustCalib,0,10,0,0.0,0,0.16434356570243835,accept,0,0,0,0,0,0,0,0,0,0
drop,clean+shift,80,19,MultiPeerObjectGuard,0,10,0,0.0,0,0.24268805980682373,accept,0,0,0,0,20,19,20,19,0,0
drop,clean+shift,84,0,EgoOnly,0,10,1,0.4,4,0.4182535707950592,,0,0,0,0,0,0,0,0,0,0
drop,clean+shift,84,0,CleanCoop,0,10,1,0.4,4,0.20902104675769806,,0,0,0,0,0,0,0,0,0,0
drop,clean+shift,84,0,PrimaryRaw,0,10,1,0.4,4,0.2127421647310257,,0,0,0,0,0,0,0,0,0,0
drop,clean+shift,84,0,PrimaryTrustCalib,0,10,1,0.4,4,0.2127421647310257,accept,0,0,0,0,0,0,0,0,0,0
drop,clean+shift,84,0,MultiPeerObjectGuard,0,10,1,0.4,4,0.20902104675769806,accept,0,0,0,0,4,4,4,4,0,0
drop,clean+shift,84,1,EgoOnly,0,10,1,0.3,3,0.4177023768424988,,0,0,0,0,0,0,0,0,0,0
drop,clean+shift,84,1,CleanCoop,0,10,1,0.3,3,0.20877814292907715,,0,0,0,0,0,0,0,0,0,0
drop,clean+shift,84,1,PrimaryRaw,0,10,1,0.3,3,0.22853709757328033,,0,0,0,0,0,0,0,0,0,0
drop,clean+shift,84,1,PrimaryTrustCalib,0,10,1,0.3,3,0.22853709757328033,accept,0,0,0,0,0,0,0,0,0,0
drop,clean+shift,84,1,MultiPeerObjectGuard,0,10,1,0.3,3,0.20877814292907715,accept,0,0,0,0,4,4,4,4,0,0
drop,clean+shift,84,2,EgoOnly,0,10,1,0.2,2,0.41164085268974304,,0,0,0,0,0,0,0,0,0,0
drop,clean+shift,84,2,CleanCoop,0,10,1,0.2,2,0.20905384421348572,,0,0,0,0,0,0,0,0,0,0
drop,clean+shift,84,2,PrimaryRaw,0,10,1,0.2,2,0.25321969389915466,,0,0,0,0,0,0,0,0,0,0
drop,clean+shift,84,2,PrimaryTrustCalib,0,10,1,0.2,2,0.25321969389915466,accept,0,0,0,0,0,0,0,0,0,0
drop,clean+shift,84,2,MultiPeerObjectGuard,0,10,1,0.2,2,0.20905379951000214,accept,0,0,0,0,6,6,6,6,0,0
drop,clean+shift,84,3,EgoOnly,0,10,1,0.1,1,0.4105069935321808,,0,0,0,0,0,0,0,0,0,0
drop,clean+shift,84,3,CleanCoop,0,10,1,0.1,1,0.20946340262889862,,0,0,0,0,0,0,0,0,0,0
drop,clean+shift,84,3,PrimaryRaw,0,10,1,0.1,1,0.3077097237110138,,0,0,0,0,0,0,0,0,0,0
drop,clean+shift,84,3,PrimaryTrustCalib,0,10,1,0.1,1,0.3077097237110138,accept,0,0,0,0,0,0,0,0,0,0
drop,clean+shift,84,3,MultiPeerObjectGuard,0,10,1,0.1,1,0.20946340262889862,accept,0,0,0,0,6,6,6,6,0,0
drop,clean+shift,84,4,EgoOnly,0,10,1,0.0,0,0.41123780608177185,,0,0,0,0,0,0,0,0,0,0
drop,clean+shift,84,4,CleanCoop,0,10,0,0.0,0,0.20959880948066711,,0,0,0,0,0,0,0,0,0,0
drop,clean+shift,84,4,PrimaryRaw,0,10,1,0.0,0,0.3153768479824066,,0,0,0,0,0,0,0,0,0,0
drop,clean+shift,84,4,PrimaryTrustCalib,0,10,1,0.0,0,0.3153768479824066,accept,0,0,0,0,0,0,0,0,0,0
drop,clean+shift,84,4,MultiPeerObjectGuard,0,10,0,0.0,0,0.20959880948066711,accept,0,0,0,0,5,5,5,5,0,0
drop,clean+shift,84,5,EgoOnly,0,10,1,0.0,0,0.41132232546806335,,0,0,0,0,0,0,0,0,0,0
drop,clean+shift,84,5,CleanCoop,0,10,0,0.0,0,0.20964528620243073,,0,0,0,0,0,0,0,0,0,0
drop,clean+shift,84,5,PrimaryRaw,0,10,0,0.0,0,0.22969327867031097,,0,0,0,0,0,0,0,0,0,0
drop,clean+shift,84,5,PrimaryTrustCalib,0,10,0,0.0,0,0.22969327867031097,accept,0,0,0,0,0,0,0,0,0,0
drop,clean+shift,84,5,MultiPeerObjectGuard,0,10,0,0.0,0,0.20964528620243073,accept,0,0,0,0,5,5,5,5,0,0
drop,clean+shift,84,6,EgoOnly,0,10,1,0.0,0,0.411080926656723,,0,0,0,0,0,0,0,0,0,0
drop,clean+shift,84,6,CleanCoop,0,10,0,0.0,0,0.21024693548679352,,0,0,0,0,0,0,0,0,0,0
drop,clean+shift,84,6,PrimaryRaw,0,10,1,0.0,0,0.3028493821620941,,0,0,0,0,0,0,0,0,0,0
drop,clean+shift,84,6,PrimaryTrustCalib,0,10,1,0.0,0,0.3028493821620941,accept,0,0,0,0,0,0,0,0,0,0
drop,clean+shift,84,6,MultiPeerObjectGuard,0,10,0,0.0,0,0.21024692058563232,accept,0,0,0,0,6,6,6,6,0,0
drop,clean+shift,84,7,EgoOnly,0,10,1,0.0,0,0.4131104350090027,,0,0,0,0,0,0,0,0,0,0
drop,clean+shift,84,7,CleanCoop,0,10,0,0.0,0,0.21120819449424744,,0,0,0,0,0,0,0,0,0,0
drop,clean+shift,84,7,PrimaryRaw,0,10,1,0.0,0,0.30169880390167236,,0,0,0,0,0,0,0,0,0,0
drop,clean+shift,84,7,PrimaryTrustCalib,0,10,1,0.0,0,0.30169880390167236,accept,0,0,0,0,0,0,0,0,0,0
drop,clean+shift,84,7,MultiPeerObjectGuard,0,10,0,0.0,0,0.21120819449424744,accept,0,0,0,0,6,6,6,6,0,0
drop,clean+shift,84,8,EgoOnly,0,10,1,0.0,0,0.4129778742790222,,0,0,0,0,0,0,0,0,0,0
drop,clean+shift,84,8,CleanCoop,0,10,0,0.0,0,0.2122659981250763,,0,0,0,0,0,0,0,0,0,0
drop,clean+shift,84,8,PrimaryRaw,0,10,0,0.0,0,0.24932299554347992,,0,0,0,0,0,0,0,0,0,0
drop,clean+shift,84,8,PrimaryTrustCalib,0,10,0,0.0,0,0.24932299554347992,accept,0,0,0,0,0,0,0,0,0,0
drop,clean+shift,84,8,MultiPeerObjectGuard,0,10,0,0.0,0,0.2122659534215927,accept,0,0,0,0,5,5,5,5,0,0
drop,clean+shift,84,9,EgoOnly,0,10,1,0.0,0,0.3897363245487213,,0,0,0,0,0,0,0,0,0,0
drop,clean+shift,84,9,CleanCoop,0,10,0,0.0,0,0.2122194766998291,,0,0,0,0,0,0,0,0,0,0
drop,clean+shift,84,9,PrimaryRaw,0,10,0,0.0,0,0.23134268820285797,,0,0,0,0,0,0,0,0,0,0
drop,clean+shift,84,9,PrimaryTrustCalib,0,10,0,0.0,0,0.23134268820285797,accept,0,0,0,0,0,0,0,0,0,0
drop,clean+shift,84,9,MultiPeerObjectGuard,0,10,0,0.0,0,0.2122194766998291,accept,0,0,0,0,5,5,5,5,0,0
drop,clean+shift,84,10,EgoOnly,0,10,1,0.0,0,0.3893827795982361,,0,0,0,0,0,0,0,0,0,0
drop,clean+shift,84,10,CleanCoop,0,10,0,0.0,0,0.21167747676372528,,0,0,0,0,0,0,0,0,0,0
drop,clean+shift,84,10,PrimaryRaw,0,10,0,0.0,0,0.23476064205169678,,0,0,0,0,0,0,0,0,0,0
drop,clean+shift,84,10,PrimaryTrustCalib,0,10,0,0.0,0,0.23476064205169678,accept,0,0,0,0,0,0,0,0,0,0
drop,clean+shift,84,10,MultiPeerObjectGuard,0,10,0,0.0,0,0.21167749166488647,accept,0,0,0,0,5,5,5,5,0,0
drop,clean+shift,84,11,EgoOnly,0,10,0,0.0,0,0.27983108162879944,,0,0,0,0,0,0,0,0,0,0
drop,clean+shift,84,11,CleanCoop,0,10,0,0.0,0,0.20945408940315247,,0,0,0,0,0,0,0,0,0,0
drop,clean+shift,84,11,PrimaryRaw,0,10,0,0.0,0,0.19393324851989746,,0,0,0,0,0,0,0,0,0,0
drop,clean+shift,84,11,PrimaryTrustCalib,0,10,0,0.0,0,0.19393324851989746,accept,0,0,0,0,0,0,0,0,0,0
drop,clean+shift,84,11,MultiPeerObjectGuard,0,10,0,0.0,0,0.18467147648334503,accept,0,0,0,0,6,5,6,5,0,0
drop,clean+shift,84,12,EgoOnly,0,10,0,0.0,0,0.2017708718776703,,0,0,0,0,0,0,0,0,0,0
drop,clean+shift,84,12,CleanCoop,0,10,0,0.0,0,0.21023781597614288,,0,0,0,0,0,0,0,0,0,0
drop,clean+shift,84,12,PrimaryRaw,0,10,0,0.0,0,0.17865131795406342,,0,0,0,0,0,0,0,0,0,0
drop,clean+shift,84,12,PrimaryTrustCalib,0,10,0,0.0,0,0.17865131795406342,accept,0,0,0,0,0,0,0,0,0,0
drop,clean+shift,84,12,MultiPeerObjectGuard,0,10,0,0.0,0,0.1686895489692688,accept,0,0,0,0,5,5,5,5,0,0
drop,clean+shift,84,13,EgoOnly,0,10,0,0.0,0,0.18252120912075043,,0,0,0,0,0,0,0,0,0,0
drop,clean+shift,84,13,CleanCoop,0,10,0,0.0,0,0.21002808213233948,,0,0,0,0,0,0,0,0,0,0
drop,clean+shift,84,13,PrimaryRaw,0,10,0,0.0,0,0.19149094820022583,,0,0,0,0,0,0,0,0,0,0
drop,clean+shift,84,13,PrimaryTrustCalib,0,10,0,0.0,0,0.19149094820022583,accept,0,0,0,0,0,0,0,0,0,0
drop,clean+shift,84,13,MultiPeerObjectGuard,0,10,0,0.0,0,0.16921421885490417,accept,0,0,0,0,8,7,8,7,0,0
drop,clean+shift,84,14,EgoOnly,0,10,0,0.0,0,0.179918572306633,,0,0,0,0,0,0,0,0,0,0
drop,clean+shift,84,14,CleanCoop,0,10,0,0.0,0,0.2122393250465393,,0,0,0,0,0,0,0,0,0,0
drop,clean+shift,84,14,PrimaryRaw,0,10,0,0.0,0,0.1813654750585556,,0,0,0,0,0,0,0,0,0,0
drop,clean+shift,84,14,PrimaryTrustCalib,0,10,0,0.0,0,0.1813654750585556,accept,0,0,0,0,0,0,0,0,0,0
drop,clean+shift,84,14,MultiPeerObjectGuard,0,10,0,0.0,0,0.18744339048862457,accept,0,0,0,0,8,6,8,6,0,0
drop,clean+shift,84,15,EgoOnly,0,10,0,0.0,0,0.18357977271080017,,0,0,0,0,0,0,0,0,0,0
drop,clean+shift,84,15,CleanCoop,0,10,0,0.0,0,0.21388226747512817,,0,0,0,0,0,0,0,0,0,0
drop,clean+shift,84,15,PrimaryRaw,0,10,0,0.0,0,0.2072424292564392,,0,0,0,0,0,0,0,0,0,0
drop,clean+shift,84,15,PrimaryTrustCalib,0,10,0,0.0,0,0.2072424292564392,accept,0,0,0,0,0,0,0,0,0,0
drop,clean+shift,84,15,MultiPeerObjectGuard,0,10,0,0.0,0,0.18796998262405396,accept,0,0,0,0,9,7,9,7,0,0
drop,clean+shift,84,16,EgoOnly,0,10,0,0.0,0,0.14912669360637665,,0,0,0,0,0,0,0,0,0,0
drop,clean+shift,84,16,CleanCoop,0,10,0,0.0,0,0.2183811366558075,,0,0,0,0,0,0,0,0,0,0
drop,clean+shift,84,16,PrimaryRaw,0,10,0,0.0,0,0.14053408801555634,,0,0,0,0,0,0,0,0,0,0
drop,clean+shift,84,16,PrimaryTrustCalib,0,10,0,0.0,0,0.14053408801555634,accept,0,0,0,0,0,0,0,0,0,0
drop,clean+shift,84,16,MultiPeerObjectGuard,0,10,0,0.0,0,0.17463622987270355,accept,0,0,0,0,12,9,12,9,0,0
drop,clean+shift,84,17,EgoOnly,0,10,0,0.0,0,0.18478238582611084,,0,0,0,0,0,0,0,0,0,0
drop,clean+shift,84,17,CleanCoop,0,10,0,0.0,0,0.22846126556396484,,0,0,0,0,0,0,0,0,0,0
drop,clean+shift,84,17,PrimaryRaw,0,10,0,0.0,0,0.18997196853160858,,0,0,0,0,0,0,0,0,0,0
drop,clean+shift,84,17,PrimaryTrustCalib,0,10,0,0.0,0,0.18997196853160858,accept,0,0,0,0,0,0,0,0,0,0
drop,clean+shift,84,17,MultiPeerObjectGuard,0,10,0,0.0,0,0.17924217879772186,accept,0,0,0,0,9,8,9,8,0,0
drop,clean+shift,84,18,EgoOnly,0,10,0,0.0,0,0.18072152137756348,,0,0,0,0,0,0,0,0,0,0
drop,clean+shift,84,18,CleanCoop,0,10,0,0.0,0,0.24951142072677612,,0,0,0,0,0,0,0,0,0,0
drop,clean+shift,84,18,PrimaryRaw,0,10,0,0.0,0,0.1779170036315918,,0,0,0,0,0,0,0,0,0,0
drop,clean+shift,84,18,PrimaryTrustCalib,0,10,0,0.0,0,0.1779170036315918,accept,0,0,0,0,0,0,0,0,0,0
drop,clean+shift,84,18,MultiPeerObjectGuard,0,10,0,0.0,0,0.18932799994945526,accept,0,0,0,0,9,8,9,8,0,0
drop,clean+shift,84,19,EgoOnly,0,10,0,0.0,0,0.17986692488193512,,0,0,0,0,0,0,0,0,0,0
drop,clean+shift,84,19,CleanCoop,0,10,0,0.0,0,0.26487329602241516,,0,0,0,0,0,0,0,0,0,0
drop,clean+shift,84,19,PrimaryRaw,0,10,0,0.0,0,0.22840330004692078,,0,0,0,0,0,0,0,0,0,0
drop,clean+shift,84,19,PrimaryTrustCalib,0,10,0,0.0,0,0.22840330004692078,accept,0,0,0,0,0,0,0,0,0,0
drop,clean+shift,84,19,MultiPeerObjectGuard,0,10,0,0.0,0,0.21913044154644012,accept,0,0,0,0,6,6,6,6,0,0
drop,clean+shift,86,0,EgoOnly,0,10,0,0.0,0,0.2073809653520584,,0,0,0,0,0,0,0,0,0,0
drop,clean+shift,86,0,CleanCoop,0,10,1,0.0,0,0.6039599180221558,,0,0,0,0,0,0,0,0,0,0
drop,clean+shift,86,0,PrimaryRaw,0,10,1,0.0,0,0.6460400819778442,,0,0,0,0,0,0,0,0,0,0
drop,clean+shift,86,0,PrimaryTrustCalib,0,10,1,0.0,0,0.6460400819778442,accept,0,0,0,0,0,0,0,0,0,0
drop,clean+shift,86,0,MultiPeerObjectGuard,0,10,1,0.0,0,0.6465302109718323,accept,0,0,0,0,19,19,19,19,0,0
drop,clean+shift,86,1,EgoOnly,0,10,0,0.0,0,0.1577913761138916,,0,0,0,0,0,0,0,0,0,0
drop,clean+shift,86,1,CleanCoop,0,10,1,0.0,0,0.605368971824646,,0,0,0,0,0,0,0,0,0,0
drop,clean+shift,86,1,PrimaryRaw,0,10,1,0.0,0,0.5868548154830933,,0,0,0,0,0,0,0,0,0,0
drop,clean+shift,86,1,PrimaryTrustCalib,0,10,1,0.0,0,0.5868548154830933,accept,0,0,0,0,0,0,0,0,0,0
drop,clean+shift,86,1,MultiPeerObjectGuard,0,10,1,0.0,0,0.6356260776519775,accept,0,0,0,0,18,18,18,18,0,0
drop,clean+shift,86,2,EgoOnly,0,10,0,0.0,0,0.15700682997703552,,0,0,0,0,0,0,0,0,0,0
drop,clean+shift,86,2,CleanCoop,0,10,1,0.0,0,0.6035762429237366,,0,0,0,0,0,0,0,0,0,0
drop,clean+shift,86,2,PrimaryRaw,0,10,1,0.0,0,0.6090092658996582,,0,0,0,0,0,0,0,0,0,0
drop,clean+shift,86,2,PrimaryTrustCalib,0,10,1,0.0,0,0.6090092658996582,accept,0,0,0,0,0,0,0,0,0,0
drop,clean+shift,86,2,MultiPeerObjectGuard,0,10,1,0.0,0,0.6491432189941406,accept,0,0,0,0,19,19,19,19,0,0
drop,clean+shift,86,3,EgoOnly,0,10,0,0.0,0,0.1557493954896927,,0,0,0,0,0,0,0,0,0,0
drop,clean+shift,86,3,CleanCoop,0,10,1,0.0,0,0.6001852750778198,,0,0,0,0,0,0,0,0,0,0
drop,clean+shift,86,3,PrimaryRaw,0,10,1,0.0,0,0.42852044105529785,,0,0,0,0,0,0,0,0,0,0
drop,clean+shift,86,3,PrimaryTrustCalib,0,10,1,0.0,0,0.42852044105529785,accept,0,0,0,0,0,0,0,0,0,0
drop,clean+shift,86,3,MultiPeerObjectGuard,0,10,1,0.0,0,0.5850719213485718,accept,0,0,0,0,20,18,20,18,0,0
drop,clean+shift,86,4,EgoOnly,0,10,0,0.0,0,0.17633752524852753,,0,0,0,0,0,0,0,0,0,0
drop,clean+shift,86,4,CleanCoop,0,10,1,0.0,0,0.5864059925079346,,0,0,0,0,0,0,0,0,0,0
drop,clean+shift,86,4,PrimaryRaw,0,10,1,0.0,0,0.43474632501602173,,0,0,0,0,0,0,0,0,0,0
drop,clean+shift,86,4,PrimaryTrustCalib,0,10,1,0.0,0,0.43474632501602173,accept,0,0,0,0,0,0,0,0,0,0
drop,clean+shift,86,4,MultiPeerObjectGuard,0,10,1,0.0,0,0.5886969566345215,accept,0,0,0,0,13,13,13,13,0,0
drop,clean+shift,86,5,EgoOnly,0,10,0,0.0,0,0.17999820411205292,,0,0,0,0,0,0,0,0,0,0
drop,clean+shift,86,5,CleanCoop,0,10,1,0.0,0,0.5767613649368286,,0,0,0,0,0,0,0,0,0,0
drop,clean+shift,86,5,PrimaryRaw,0,10,1,0.0,0,0.6469351053237915,,0,0,0,0,0,0,0,0,0,0
drop,clean+shift,86,5,PrimaryTrustCalib,0,10,1,0.0,0,0.6469351053237915,accept,0,0,0,0,0,0,0,0,0,0
drop,clean+shift,86,5,MultiPeerObjectGuard,0,10,1,0.0,0,0.5872527956962585,accept,0,0,0,0,23,20,23,20,0,0
drop,clean+shift,86,6,EgoOnly,0,10,0,0.0,0,0.17460046708583832,,0,0,0,0,0,0,0,0,0,0
drop,clean+shift,86,6,CleanCoop,0,10,1,0.0,0,0.5588282346725464,,0,0,0,0,0,0,0,0,0,0
drop,clean+shift,86,6,PrimaryRaw,0,10,1,0.0,0,0.6439386606216431,,0,0,0,0,0,0,0,0,0,0
drop,clean+shift,86,6,PrimaryTrustCalib,0,10,1,0.0,0,0.6439386606216431,accept,0,0,0,0,0,0,0,0,0,0
drop,clean+shift,86,6,MultiPeerObjectGuard,0,10,1,0.0,0,0.5695348381996155,accept,0,0,0,0,21,19,21,19,0,0
drop,clean+shift,86,7,EgoOnly,0,10,0,0.0,0,0.18190228939056396,,0,0,0,0,0,0,0,0,0,0
drop,clean+shift,86,7,CleanCoop,0,10,1,0.0,0,0.5371663570404053,,0,0,0,0,0,0,0,0,0,0
drop,clean+shift,86,7,PrimaryRaw,0,10,1,0.0,0,0.39970892667770386,,0,0,0,0,0,0,0,0,0,0
drop,clean+shift,86,7,PrimaryTrustCalib,0,10,1,0.0,0,0.39970892667770386,accept,0,0,0,0,0,0,0,0,0,0
drop,clean+shift,86,7,MultiPeerObjectGuard,0,10,1,0.0,0,0.5346847772598267,accept,0,0,0,0,15,14,15,14,0,0
drop,clean+shift,86,8,EgoOnly,0,10,0,0.0,0,0.1669505387544632,,0,0,0,0,0,0,0,0,0,0
drop,clean+shift,86,8,CleanCoop,0,10,1,0.0,0,0.5490862727165222,,0,0,0,0,0,0,0,0,0,0
drop,clean+shift,86,8,PrimaryRaw,0,10,1,0.0,0,0.42350348830223083,,0,0,0,0,0,0,0,0,0,0
drop,clean+shift,86,8,PrimaryTrustCalib,0,10,1,0.0,0,0.42350348830223083,accept,0,0,0,0,0,0,0,0,0,0
drop,clean+shift,86,8,MultiPeerObjectGuard,0,10,1,0.0,0,0.5557795763015747,accept,0,0,0,0,16,16,16,16,0,0
drop,clean+shift,86,9,EgoOnly,0,10,0,0.0,0,0.16206564009189606,,0,0,0,0,0,0,0,0,0,0
drop,clean+shift,86,9,CleanCoop,0,10,1,0.0,0,0.5531414151191711,,0,0,0,0,0,0,0,0,0,0
drop,clean+shift,86,9,PrimaryRaw,0,10,1,0.0,0,0.3021785616874695,,0,0,0,0,0,0,0,0,0,0
drop,clean+shift,86,9,PrimaryTrustCalib,0,10,1,0.0,0,0.3021785616874695,accept,0,0,0,0,0,0,0,0,0,0
drop,clean+shift,86,9,MultiPeerObjectGuard,0,10,1,0.0,0,0.5390043258666992,accept,0,0,0,0,17,15,17,15,0,0
drop,clean+shift,86,10,EgoOnly,0,10,0,0.0,0,0.1582689881324768,,0,0,0,0,0,0,0,0,0,0
drop,clean+shift,86,10,CleanCoop,0,10,1,0.0,0,0.5368629693984985,,0,0,0,0,0,0,0,0,0,0
drop,clean+shift,86,10,PrimaryRaw,0,10,1,0.0,0,0.45218026638031006,,0,0,0,0,0,0,0,0,0,0
drop,clean+shift,86,10,PrimaryTrustCalib,0,10,1,0.0,0,0.45218026638031006,accept,0,0,0,0,0,0,0,0,0,0
drop,clean+shift,86,10,MultiPeerObjectGuard,0,10,1,0.0,0,0.5339347124099731,accept,0,0,0,0,16,16,16,16,0,0
drop,clean+shift,86,11,EgoOnly,0,10,0,0.0,0,0.15948545932769775,,0,0,0,0,0,0,0,0,0,0
drop,clean+shift,86,11,CleanCoop,0,10,1,0.0,0,0.52663654088974,,0,0,0,0,0,0,0,0,0,0
drop,clean+shift,86,11,PrimaryRaw,0,10,0,0.0,0,0.21374903619289398,,0,0,0,0,0,0,0,0,0,0
drop,clean+shift,86,11,PrimaryTrustCalib,0,10,0,0.0,0,0.21374903619289398,accept,0,0,0,0,0,0,0,0,0,0
drop,clean+shift,86,11,MultiPeerObjectGuard,0,10,1,0.0,0,0.5349398851394653,accept,0,0,0,0,18,15,18,15,0,0
drop,clean+shift,86,12,EgoOnly,0,10,0,0.0,0,0.24978876113891602,,0,0,0,0,0,0,0,0,0,0
drop,clean+shift,86,12,CleanCoop,0,10,1,0.0,0,0.5109419226646423,,0,0,0,0,0,0,0,0,0,0
drop,clean+shift,86,12,PrimaryRaw,0,10,1,0.0,0,0.36485555768013,,0,0,0,0,0,0,0,0,0,0
drop,clean+shift,86,12,PrimaryTrustCalib,0,10,1,0.0,0,0.36485555768013,accept,0,0,0,0,0,0,0,0,0,0
drop,clean+shift,86,12,MultiPeerObjectGuard,0,10,1,0.0,0,0.49185866117477417,accept,0,0,0,0,17,15,17,15,0,0
drop,clean+shift,86,13,EgoOnly,0,10,1,0.0,0,0.4184597432613373,,0,0,0,0,0,0,0,0,0,0
drop,clean+shift,86,13,CleanCoop,0,10,1,0.0,0,0.45001688599586487,,0,0,0,0,0,0,0,0,0,0
drop,clean+shift,86,13,PrimaryRaw,0,10,1,0.0,0,0.3828716576099396,,0,0,0,0,0,0,0,0,0,0
drop,clean+shift,86,13,PrimaryTrustCalib,0,10,1,0.0,0,0.3828716576099396,accept,0,0,0,0,0,0,0,0,0,0
drop,clean+shift,86,13,MultiPeerObjectGuard,0,10,1,0.0,0,0.44770461320877075,accept,0,0,0,0,15,14,15,14,0,0
drop,clean+shift,86,14,EgoOnly,0,10,1,0.0,0,0.3290228843688965,,0,0,0,0,0,0,0,0,0,0
drop,clean+shift,86,14,CleanCoop,0,10,1,0.0,0,0.45378270745277405,,0,0,0,0,0,0,0,0,0,0
drop,clean+shift,86,14,PrimaryRaw,0,10,1,0.0,0,0.47177788615226746,,0,0,0,0,0,0,0,0,0,0
drop,clean+shift,86,14,PrimaryTrustCalib,0,10,1,0.0,0,0.47177788615226746,accept,0,0,0,0,0,0,0,0,0,0
drop,clean+shift,86,14,MultiPeerObjectGuard,0,10,1,0.0,0,0.47665372490882874,accept,0,0,0,0,11,11,11,11,0,0
drop,clean+shift,86,15,EgoOnly,0,10,0,0.0,0,0.16197246313095093,,0,0,0,0,0,0,0,0,0,0
drop,clean+shift,86,15,CleanCoop,0,10,1,0.0,0,0.3521636724472046,,0,0,0,0,0,0,0,0,0,0
drop,clean+shift,86,15,PrimaryRaw,0,10,0,0.0,0,0.19686397910118103,,0,0,0,0,0,0,0,0,0,0
drop,clean+shift,86,15,PrimaryTrustCalib,0,10,0,0.0,0,0.19686397910118103,accept,0,0,0,0,0,0,0,0,0,0
drop,clean+shift,86,15,MultiPeerObjectGuard,0,10,1,0.0,0,0.3636810779571533,accept,0,0,0,0,24,24,24,24,0,0
drop,clean+shift,86,16,EgoOnly,0,10,1,0.0,0,0.39353546500205994,,0,0,0,0,0,0,0,0,0,0
drop,clean+shift,86,16,CleanCoop,0,10,1,0.0,0,0.32942700386047363,,0,0,0,0,0,0,0,0,0,0
drop,clean+shift,86,16,PrimaryRaw,0,10,0,0.0,0,0.27421435713768005,,0,0,0,0,0,0,0,0,0,0
drop,clean+shift,86,16,PrimaryTrustCalib,0,10,0,0.0,0,0.27421435713768005,accept,0,0,0,0,0,0,0,0,0,0
drop,clean+shift,86,16,MultiPeerObjectGuard,0,10,1,0.0,0,0.3183775842189789,accept,0,0,0,0,22,21,22,21,0,0
drop,clean+shift,86,17,EgoOnly,0,10,0,0.0,0,0.14881467819213867,,0,0,0,0,0,0,0,0,0,0
drop,clean+shift,86,17,CleanCoop,0,10,0,0.0,0,0.2902887761592865,,0,0,0,0,0,0,0,0,0,0
drop,clean+shift,86,17,PrimaryRaw,0,10,0,0.0,0,0.24523277580738068,,0,0,0,0,0,0,0,0,0,0
drop,clean+shift,86,17,PrimaryTrustCalib,0,10,0,0.0,0,0.24523277580738068,accept,0,0,0,0,0,0,0,0,0,0
drop,clean+shift,86,17,MultiPeerObjectGuard,0,10,0,0.0,0,0.2928912937641144,accept,0,0,0,0,24,24,24,24,0,0
drop,clean+shift,86,18,EgoOnly,0,10,0,0.0,0,0.2187369167804718,,0,0,0,0,0,0,0,0,0,0
drop,clean+shift,86,18,CleanCoop,0,10,0,0.0,0,0.28301361203193665,,0,0,0,0,0,0,0,0,0,0
drop,clean+shift,86,18,PrimaryRaw,0,10,0,0.0,0,0.21255725622177124,,0,0,0,0,0,0,0,0,0,0
drop,clean+shift,86,18,PrimaryTrustCalib,0,10,0,0.0,0,0.21255725622177124,accept,0,0,0,0,0,0,0,0,0,0
drop,clean+shift,86,18,MultiPeerObjectGuard,0,10,0,0.0,0,0.2907395362854004,accept,0,0,0,0,20,20,20,20,0,0
drop,clean+shift,86,19,EgoOnly,0,10,0,0.0,0,0.12827841937541962,,0,0,0,0,0,0,0,0,0,0
drop,clean+shift,86,19,CleanCoop,0,10,0,0.0,0,0.26988333463668823,,0,0,0,0,0,0,0,0,0,0
drop,clean+shift,86,19,PrimaryRaw,0,10,0,0.0,0,0.25730735063552856,,0,0,0,0,0,0,0,0,0,0
drop,clean+shift,86,19,PrimaryTrustCalib,0,10,0,0.0,0,0.25730735063552856,accept,0,0,0,0,0,0,0,0,0,0
drop,clean+shift,86,19,MultiPeerObjectGuard,0,10,0,0.0,0,0.27581608295440674,accept,0,0,0,0,19,18,19,18,0,0
drop,clean+shift,92,0,EgoOnly,0,10,1,0.0,0,0.3633694350719452,,0,0,0,0,0,0,0,0,0,0
drop,clean+shift,92,0,CleanCoop,0,10,0,0.0,0,0.1817886233329773,,0,0,0,0,0,0,0,0,0,0
drop,clean+shift,92,0,PrimaryRaw,0,10,0,0.0,0,0.18155145645141602,,0,0,0,0,0,0,0,0,0,0
drop,clean+shift,92,0,PrimaryTrustCalib,0,10,0,0.0,0,0.18155145645141602,accept,0,0,0,0,0,0,0,0,0,0
drop,clean+shift,92,0,MultiPeerObjectGuard,0,10,0,0.0,0,0.1817886084318161,accept,0,0,0,0,4,4,4,4,0,0
drop,clean+shift,92,1,EgoOnly,0,10,1,0.0,0,0.33302822709083557,,0,0,0,0,0,0,0,0,0,0
drop,clean+shift,92,1,CleanCoop,0,10,0,0.0,0,0.18299297988414764,,0,0,0,0,0,0,0,0,0,0
drop,clean+shift,92,1,PrimaryRaw,0,10,0,0.0,0,0.17004919052124023,,0,0,0,0,0,0,0,0,0,0
drop,clean+shift,92,1,PrimaryTrustCalib,0,10,0,0.0,0,0.17004919052124023,accept,0,0,0,0,0,0,0,0,0,0
drop,clean+shift,92,1,MultiPeerObjectGuard,0,10,0,0.0,0,0.18299299478530884,accept,0,0,0,0,5,5,5,5,0,0
drop,clean+shift,92,2,EgoOnly,0,10,1,0.0,0,0.31321704387664795,,0,0,0,0,0,0,0,0,0,0
drop,clean+shift,92,2,CleanCoop,0,10,0,0.0,0,0.18491201102733612,,0,0,0,0,0,0,0,0,0,0
drop,clean+shift,92,2,PrimaryRaw,0,10,0,0.0,0,0.14606118202209473,,0,0,0,0,0,0,0,0,0,0
drop,clean+shift,92,2,PrimaryTrustCalib,0,10,0,0.0,0,0.14606118202209473,accept,0,0,0,0,0,0,0,0,0,0
drop,clean+shift,92,2,MultiPeerObjectGuard,0,10,0,0.0,0,0.1849120706319809,accept,0,0,0,0,5,5,5,5,0,0
drop,clean+shift,92,3,EgoOnly,0,10,0,0.0,0,0.29902780055999756,,0,0,0,0,0,0,0,0,0,0
drop,clean+shift,92,3,CleanCoop,0,10,0,0.0,0,0.18720032274723053,,0,0,0,0,0,0,0,0,0,0
drop,clean+shift,92,3,PrimaryRaw,0,10,0,0.0,0,0.1669227033853531,,0,0,0,0,0,0,0,0,0,0
drop,clean+shift,92,3,PrimaryTrustCalib,0,10,0,0.0,0,0.1669227033853531,accept,0,0,0,0,0,0,0,0,0,0
drop,clean+shift,92,3,MultiPeerObjectGuard,0,10,0,0.0,0,0.18720032274723053,accept,0,0,0,0,4,4,4,4,0,0
drop,clean+shift,92,4,EgoOnly,0,10,0,0.0,0,0.2853088974952698,,0,0,0,0,0,0,0,0,0,0
drop,clean+shift,92,4,CleanCoop,0,10,0,0.0,0,0.1889786273241043,,0,0,0,0,0,0,0,0,0,0
drop,clean+shift,92,4,PrimaryRaw,0,10,0,0.0,0,0.1684424877166748,,0,0,0,0,0,0,0,0,0,0
drop,clean+shift,92,4,PrimaryTrustCalib,0,10,0,0.0,0,0.1684424877166748,accept,0,0,0,0,0,0,0,0,0,0
drop,clean+shift,92,4,MultiPeerObjectGuard,0,10,0,0.0,0,0.18897859752178192,accept,0,0,0,0,4,4,4,4,0,0
drop,clean+shift,92,5,EgoOnly,0,10,0,0.0,0,0.2790740430355072,,0,0,0,0,0,0,0,0,0,0
drop,clean+shift,92,5,CleanCoop,0,10,0,0.0,0,0.18470990657806396,,0,0,0,0,0,0,0,0,0,0
drop,clean+shift,92,5,PrimaryRaw,0,10,0,0.0,0,0.14230157434940338,,0,0,0,0,0,0,0,0,0,0
drop,clean+shift,92,5,PrimaryTrustCalib,0,10,0,0.0,0,0.14230157434940338,accept,0,0,0,0,0,0,0,0,0,0
drop,clean+shift,92,5,MultiPeerObjectGuard,0,10,0,0.0,0,0.18470989167690277,accept,0,0,0,0,5,5,5,5,0,0
drop,clean+shift,92,6,EgoOnly,0,10,0,0.0,0,0.27021825313568115,,0,0,0,0,0,0,0,0,0,0
drop,clean+shift,92,6,CleanCoop,0,10,0,0.0,0,0.18898332118988037,,0,0,0,0,0,0,0,0,0,0
drop,clean+shift,92,6,PrimaryRaw,0,10,0,0.0,0,0.15190033614635468,,0,0,0,0,0,0,0,0,0,0
drop,clean+shift,92,6,PrimaryTrustCalib,0,10,0,0.0,0,0.15190033614635468,accept,0,0,0,0,0,0,0,0,0,0
drop,clean+shift,92,6,MultiPeerObjectGuard,0,10,0,0.0,0,0.18898335099220276,accept,0,0,0,0,5,5,5,5,0,0
drop,clean+shift,92,7,EgoOnly,0,10,0,0.0,0,0.15367485582828522,,0,0,0,0,0,0,0,0,0,0
drop,clean+shift,92,7,CleanCoop,0,10,0,0.0,0,0.19530244171619415,,0,0,0,0,0,0,0,0,0,0
drop,clean+shift,92,7,PrimaryRaw,0,10,0,0.0,0,0.17253224551677704,,0,0,0,0,0,0,0,0,0,0
drop,clean+shift,92,7,PrimaryTrustCalib,0,10,0,0.0,0,0.17253224551677704,accept,0,0,0,0,0,0,0,0,0,0
drop,clean+shift,92,7,MultiPeerObjectGuard,0,10,0,0.0,0,0.19530244171619415,accept,0,0,0,0,4,4,4,4,0,0
drop,clean+shift,92,8,EgoOnly,0,10,0,0.0,0,0.15734031796455383,,0,0,0,0,0,0,0,0,0,0
drop,clean+shift,92,8,CleanCoop,0,10,0,0.0,0,0.19649843871593475,,0,0,0,0,0,0,0,0,0,0
drop,clean+shift,92,8,PrimaryRaw,0,10,0,0.0,0,0.1782219409942627,,0,0,0,0,0,0,0,0,0,0
drop,clean+shift,92,8,PrimaryTrustCalib,0,10,0,0.0,0,0.1782219409942627,accept,0,0,0,0,0,0,0,0,0,0
drop,clean+shift,92,8,MultiPeerObjectGuard,0,10,0,0.0,0,0.19649840891361237,accept,0,0,0,0,3,3,3,3,0,0
drop,clean+shift,92,9,EgoOnly,0,10,0,0.0,0,0.1606803983449936,,0,0,0,0,0,0,0,0,0,0
drop,clean+shift,92,9,CleanCoop,0,10,0,0.0,0,0.22096456587314606,,0,0,0,0,0,0,0,0,0,0
drop,clean+shift,92,9,PrimaryRaw,0,10,0,0.0,0,0.18621298670768738,,0,0,0,0,0,0,0,0,0,0
drop,clean+shift,92,9,PrimaryTrustCalib,0,10,0,0.0,0,0.18621298670768738,accept,0,0,0,0,0,0,0,0,0,0
drop,clean+shift,92,9,MultiPeerObjectGuard,0,10,0,0.0,0,0.22096456587314606,accept,0,0,0,0,4,4,4,4,0,0
drop,clean+shift,92,10,EgoOnly,0,10,0,0.0,0,0.1438668966293335,,0,0,0,0,0,0,0,0,0,0
drop,clean+shift,92,10,CleanCoop,0,10,0,0.0,0,0.18318825960159302,,0,0,0,0,0,0,0,0,0,0
drop,clean+shift,92,10,PrimaryRaw,0,10,0,0.0,0,0.1613214761018753,,0,0,0,0,0,0,0,0,0,0
drop,clean+shift,92,10,PrimaryTrustCalib,0,10,0,0.0,0,0.1613214761018753,accept,0,0,0,0,0,0,0,0,0,0
drop,clean+shift,92,10,MultiPeerObjectGuard,0,10,0,0.0,0,0.18318825960159302,accept,0,0,0,0,4,4,4,4,0,0
drop,clean+shift,92,11,EgoOnly,0,10,0,0.0,0,0.1701749712228775,,0,0,0,0,0,0,0,0,0,0
drop,clean+shift,92,11,CleanCoop,0,10,0,0.0,0,0.18944185972213745,,0,0,0,0,0,0,0,0,0,0
drop,clean+shift,92,11,PrimaryRaw,0,10,0,0.0,0,0.1701749712228775,,0,0,0,0,0,0,0,0,0,0
drop,clean+shift,92,11,PrimaryTrustCalib,0,10,0,0.0,0,0.1701749712228775,accept,0,0,0,0,0,0,0,0,0,0
drop,clean+shift,92,11,MultiPeerObjectGuard,0,10,0,0.0,0,0.18944185972213745,accept,0,0,0,0,4,4,4,4,0,0
drop,clean+shift,92,12,EgoOnly,0,10,0,0.0,0,0.17622432112693787,,0,0,0,0,0,0,0,0,0,0
drop,clean+shift,92,12,CleanCoop,0,10,0,0.0,0,0.19356577098369598,,0,0,0,0,0,0,0,0,0,0
drop,clean+shift,92,12,PrimaryRaw,0,10,0,0.0,0,0.1817208081483841,,0,0,0,0,0,0,0,0,0,0
drop,clean+shift,92,12,PrimaryTrustCalib,0,10,0,0.0,0,0.1817208081483841,accept,0,0,0,0,0,0,0,0,0,0
drop,clean+shift,92,12,MultiPeerObjectGuard,0,10,0,0.0,0,0.19356578588485718,accept,0,0,0,0,2,2,2,2,0,0
drop,clean+shift,92,13,EgoOnly,0,10,0,0.0,0,0.18716631829738617,,0,0,0,0,0,0,0,0,0,0
drop,clean+shift,92,13,CleanCoop,0,10,0,0.0,0,0.19663114845752716,,0,0,0,0,0,0,0,0,0,0
drop,clean+shift,92,13,PrimaryRaw,0,10,0,0.0,0,0.18716631829738617,,0,0,0,0,0,0,0,0,0,0
drop,clean+shift,92,13,PrimaryTrustCalib,0,10,0,0.0,0,0.18716631829738617,accept,0,0,0,0,0,0,0,0,0,0
drop,clean+shift,92,13,MultiPeerObjectGuard,0,10,0,0.0,0,0.19663114845752716,accept,0,0,0,0,2,2,2,2,0,0
drop,clean+shift,92,14,EgoOnly,0,10,0,0.0,0,0.19341765344142914,,0,0,0,0,0,0,0,0,0,0
drop,clean+shift,92,14,CleanCoop,0,10,0,0.0,0,0.19907043874263763,,0,0,0,0,0,0,0,0,0,0
drop,clean+shift,92,14,PrimaryRaw,0,10,0,0.0,0,0.19907043874263763,,0,0,0,0,0,0,0,0,0,0
drop,clean+shift,92,14,PrimaryTrustCalib,0,10,0,0.0,0,0.19907043874263763,accept,0,0,0,0,0,0,0,0,0,0
drop,clean+shift,92,14,MultiPeerObjectGuard,0,10,0,0.0,0,0.19907043874263763,accept,0,0,0,0,0,0,0,0,0,0
drop,clean+shift,92,15,EgoOnly,0,10,0,0.0,0,0.1951228529214859,,0,0,0,0,0,0,0,0,0,0
drop,clean+shift,92,15,CleanCoop,0,10,0,0.0,0,0.20191070437431335,,0,0,0,0,0,0,0,0,0,0
drop,clean+shift,92,15,PrimaryRaw,0,10,0,0.0,0,0.1951228529214859,,0,0,0,0,0,0,0,0,0,0
drop,clean+shift,92,15,PrimaryTrustCalib,0,10,0,0.0,0,0.1951228529214859,accept,0,0,0,0,0,0,0,0,0,0
drop,clean+shift,92,15,MultiPeerObjectGuard,0,10,0,0.0,0,0.20191070437431335,accept,0,0,0,0,1,1,1,1,0,0
drop,clean+shift,92,16,EgoOnly,0,10,0,0.0,0,0.1962694227695465,,0,0,0,0,0,0,0,0,0,0
drop,clean+shift,92,16,CleanCoop,0,10,0,0.0,0,0.20387233793735504,,0,0,0,0,0,0,0,0,0,0
drop,clean+shift,92,16,PrimaryRaw,0,10,0,0.0,0,0.1962694227695465,,0,0,0,0,0,0,0,0,0,0
drop,clean+shift,92,16,PrimaryTrustCalib,0,10,0,0.0,0,0.1962694227695465,accept,0,0,0,0,0,0,0,0,0,0
drop,clean+shift,92,16,MultiPeerObjectGuard,0,10,0,0.0,0,0.20387233793735504,accept,0,0,0,0,1,1,1,1,0,0
drop,clean+shift,92,17,EgoOnly,0,10,0,0.0,0,0.20211383700370789,,0,0,0,0,0,0,0,0,0,0
drop,clean+shift,92,17,CleanCoop,0,10,0,0.0,0,0.21002523601055145,,0,0,0,0,0,0,0,0,0,0
drop,clean+shift,92,17,PrimaryRaw,0,10,0,0.0,0,0.20211383700370789,,0,0,0,0,0,0,0,0,0,0
drop,clean+shift,92,17,PrimaryTrustCalib,0,10,0,0.0,0,0.20211383700370789,accept,0,0,0,0,0,0,0,0,0,0
drop,clean+shift,92,17,MultiPeerObjectGuard,0,10,0,0.0,0,0.21002523601055145,accept,0,0,0,0,1,1,1,1,0,0
drop,clean+shift,92,18,EgoOnly,0,10,0,0.0,0,0.21610702574253082,,0,0,0,0,0,0,0,0,0,0
drop,clean+shift,92,18,CleanCoop,0,10,0,0.0,0,0.2271798998117447,,0,0,0,0,0,0,0,0,0,0
drop,clean+shift,92,18,PrimaryRaw,0,10,0,0.0,0,0.2271798998117447,,0,0,0,0,0,0,0,0,0,0
drop,clean+shift,92,18,PrimaryTrustCalib,0,10,0,0.0,0,0.2271798998117447,accept,0,0,0,0,0,0,0,0,0,0
drop,clean+shift,92,18,MultiPeerObjectGuard,0,10,0,0.0,0,0.2271798998117447,accept,0,0,0,0,0,0,0,0,0,0
drop,clean+shift,92,19,EgoOnly,0,10,0,0.0,0,0.22649435698986053,,0,0,0,0,0,0,0,0,0,0
drop,clean+shift,92,19,CleanCoop,0,10,0,0.0,0,0.2406124323606491,,0,0,0,0,0,0,0,0,0,0
drop,clean+shift,92,19,PrimaryRaw,0,10,0,0.0,0,0.2406124323606491,,0,0,0,0,0,0,0,0,0,0
drop,clean+shift,92,19,PrimaryTrustCalib,0,10,0,0.0,0,0.2406124323606491,accept,0,0,0,0,0,0,0,0,0,0
drop,clean+shift,92,19,MultiPeerObjectGuard,0,10,0,0.0,0,0.2406124323606491,accept,0,0,0,0,0,0,0,0,0,0
fake_front,clean+shift,7,0,EgoOnly,3,10,1,0.1,1,0.15264847874641418,,0,0,0,0,0,0,0,0,0,0
fake_front,clean+shift,7,0,CleanCoop,0,10,1,0.8,8,0.18618473410606384,,0,0,0,0,0,0,0,0,0,0
fake_front,clean+shift,7,0,PrimaryRaw,1,10,1,1.0,10,0.18618473410606384,,0,0,0,0,0,0,0,0,0,0
fake_front,clean+shift,7,0,PrimaryTrustCalib,1,10,1,1.0,10,0.18618473410606384,accept,0,0,0,0,0,0,0,0,0,0
fake_front,clean+shift,7,0,MultiPeerObjectGuard,0,10,1,0.8,8,0.18618473410606384,object_quarantine,1,1,1,0,0,0,0,0,0,0
fake_front,clean+shift,7,1,EgoOnly,2,10,1,0.2,2,0.15437646210193634,,0,0,0,0,0,0,0,0,0,0
fake_front,clean+shift,7,1,CleanCoop,0,10,1,0.8,8,0.18251489102840424,,0,0,0,0,0,0,0,0,0,0
fake_front,clean+shift,7,1,PrimaryRaw,0,10,1,1.0,10,0.18251489102840424,,0,0,0,0,0,0,0,0,0,0
fake_front,clean+shift,7,1,PrimaryTrustCalib,0,10,1,1.0,10,0.18251489102840424,accept,0,0,0,0,0,0,0,0,0,0
fake_front,clean+shift,7,1,MultiPeerObjectGuard,0,10,1,0.8,8,0.18251489102840424,object_quarantine,1,1,1,0,0,0,0,0,0,0
fake_front,clean+shift,7,2,EgoOnly,2,10,1,0.3,3,0.18399128317832947,,0,0,0,0,0,0,0,0,0,0
fake_front,clean+shift,7,2,CleanCoop,0,10,1,0.8,8,0.17869067192077637,,0,0,0,0,0,0,0,0,0,0
fake_front,clean+shift,7,2,PrimaryRaw,0,10,1,1.0,10,0.17869067192077637,,0,0,0,0,0,0,0,0,0,0
fake_front,clean+shift,7,2,PrimaryTrustCalib,0,10,1,1.0,10,0.17869067192077637,accept,0,0,0,0,0,0,0,0,0,0
fake_front,clean+shift,7,2,MultiPeerObjectGuard,0,10,1,0.8,8,0.17869067192077637,object_quarantine,1,1,1,0,0,0,0,0,0,0
fake_front,clean+shift,7,3,EgoOnly,2,10,1,0.3,3,0.152507022023201,,0,0,0,0,0,0,0,0,0,0
fake_front,clean+shift,7,3,CleanCoop,0,10,1,0.8,8,0.1718025952577591,,0,0,0,0,0,0,0,0,0,0
fake_front,clean+shift,7,3,PrimaryRaw,0,10,1,1.0,10,0.1718025952577591,,0,0,0,0,0,0,0,0,0,0
fake_front,clean+shift,7,3,PrimaryTrustCalib,0,10,1,1.0,10,0.1718025952577591,accept,0,0,0,0,0,0,0,0,0,0
fake_front,clean+shift,7,3,MultiPeerObjectGuard,0,10,1,0.8,8,0.1718025952577591,object_quarantine,1,1,1,0,0,0,0,0,0,0
fake_front,clean+shift,7,4,EgoOnly,1,10,1,0.3,3,0.16032369434833527,,0,0,0,0,0,0,0,0,0,0
fake_front,clean+shift,7,4,CleanCoop,0,10,1,0.7,7,0.1697544902563095,,0,0,0,0,0,0,0,0,0,0
fake_front,clean+shift,7,4,PrimaryRaw,1,10,1,1.0,10,0.1697544902563095,,0,0,0,0,0,0,0,0,0,0
fake_front,clean+shift,7,4,PrimaryTrustCalib,1,10,1,1.0,10,0.1697544902563095,accept,0,0,0,0,0,0,0,0,0,0
fake_front,clean+shift,7,4,MultiPeerObjectGuard,0,10,1,0.7,7,0.1697544902563095,object_quarantine,1,1,1,0,0,0,0,0,0,0
fake_front,clean+shift,7,5,EgoOnly,0,10,1,0.7,7,0.19189539551734924,,0,0,0,0,0,0,0,0,0,0
fake_front,clean+shift,7,5,CleanCoop,0,10,1,0.7,7,0.16067397594451904,,0,0,0,0,0,0,0,0,0,0
fake_front,clean+shift,7,5,PrimaryRaw,1,10,1,1.0,10,0.16067397594451904,,0,0,0,0,0,0,0,0,0,0
fake_front,clean+shift,7,5,PrimaryTrustCalib,1,10,1,1.0,10,0.16067397594451904,accept,0,0,0,0,0,0,0,0,0,0
fake_front,clean+shift,7,5,MultiPeerObjectGuard,0,10,1,0.7,7,0.16067397594451904,object_quarantine,1,1,1,0,0,0,0,0,0,0
fake_front,clean+shift,7,6,EgoOnly,0,10,1,0.7,7,0.1722574681043625,,0,0,0,0,0,0,0,0,0,0
fake_front,clean+shift,7,6,CleanCoop,0,10,1,0.7,7,0.1715162694454193,,0,0,0,0,0,0,0,0,0,0
fake_front,clean+shift,7,6,PrimaryRaw,2,10,1,1.0,10,0.1715162694454193,,0,0,0,0,0,0,0,0,0,0
fake_front,clean+shift,7,6,PrimaryTrustCalib,2,10,1,1.0,10,0.1715162694454193,accept,0,0,0,0,0,0,0,0,0,0
fake_front,clean+shift,7,6,MultiPeerObjectGuard,0,10,1,0.7,7,0.1715162694454193,object_quarantine,1,1,1,0,0,0,0,0,0,0
fake_front,clean+shift,7,7,EgoOnly,0,10,1,0.6,6,0.2313428372144699,,0,0,0,0,0,0,0,0,0,0
fake_front,clean+shift,7,7,CleanCoop,0,10,1,0.6,6,0.21758891642093658,,0,0,0,0,0,0,0,0,0,0
fake_front,clean+shift,7,7,PrimaryRaw,2,10,1,1.0,10,0.21758891642093658,,0,0,0,0,0,0,0,0,0,0
fake_front,clean+shift,7,7,PrimaryTrustCalib,2,10,1,1.0,10,0.21758891642093658,accept,0,0,0,0,0,0,0,0,0,0
fake_front,clean+shift,7,7,MultiPeerObjectGuard,0,10,1,0.6,6,0.21758891642093658,object_quarantine,1,1,1,0,0,0,0,0,0,0
fake_front,clean+shift,7,8,EgoOnly,0,10,1,0.6,6,0.2956150770187378,,0,0,0,0,0,0,0,0,0,0
fake_front,clean+shift,7,8,CleanCoop,0,10,1,0.6,6,0.27956125140190125,,0,0,0,0,0,0,0,0,0,0
fake_front,clean+shift,7,8,PrimaryRaw,1,10,1,1.0,10,0.27956125140190125,,0,0,0,0,0,0,0,0,0,0
fake_front,clean+shift,7,8,PrimaryTrustCalib,1,10,1,1.0,10,0.27956125140190125,accept,0,0,0,0,0,0,0,0,0,0
fake_front,clean+shift,7,8,MultiPeerObjectGuard,0,10,1,0.6,6,0.27956125140190125,object_quarantine,1,1,1,0,0,0,0,0,0,0
fake_front,clean+shift,7,9,EgoOnly,0,10,1,0.6,6,0.3101848065853119,,0,0,0,0,0,0,0,0,0,0
fake_front,clean+shift,7,9,CleanCoop,0,10,1,0.6,6,0.3026198744773865,,0,0,0,0,0,0,0,0,0,0
fake_front,clean+shift,7,9,PrimaryRaw,2,10,1,1.0,10,0.3026198744773865,,0,0,0,0,0,0,0,0,0,0
fake_front,clean+shift,7,9,PrimaryTrustCalib,2,10,1,1.0,10,0.3026198744773865,accept,0,0,0,0,0,0,0,0,0,0
fake_front,clean+shift,7,9,MultiPeerObjectGuard,0,10,1,0.6,6,0.3026198744773865,object_quarantine,1,1,1,0,0,0,0,0,0,0
fake_front,clean+shift,7,10,EgoOnly,0,10,1,0.6,6,0.307140052318573,,0,0,0,0,0,0,0,0,0,0
fake_front,clean+shift,7,10,CleanCoop,0,10,1,0.6,6,0.3036900758743286,,0,0,0,0,0,0,0,0,0,0
fake_front,clean+shift,7,10,PrimaryRaw,1,10,1,1.0,10,0.3036900758743286,,0,0,0,0,0,0,0,0,0,0
fake_front,clean+shift,7,10,PrimaryTrustCalib,1,10,1,1.0,10,0.3036900758743286,accept,0,0,0,0,0,0,0,0,0,0
fake_front,clean+shift,7,10,MultiPeerObjectGuard,0,10,1,0.6,6,0.3036900758743286,object_quarantine,1,1,1,0,0,0,0,0,0,0
fake_front,clean+shift,7,11,EgoOnly,0,10,1,0.6,6,0.24371126294136047,,0,0,0,0,0,0,0,0,0,0
fake_front,clean+shift,7,11,CleanCoop,0,10,1,0.6,6,0.24213498830795288,,0,0,0,0,0,0,0,0,0,0
fake_front,clean+shift,7,11,PrimaryRaw,0,10,1,1.0,10,0.24213498830795288,,0,0,0,0,0,0,0,0,0,0
fake_front,clean+shift,7,11,PrimaryTrustCalib,0,10,1,1.0,10,0.24213498830795288,accept,0,0,0,0,0,0,0,0,0,0
fake_front,clean+shift,7,11,MultiPeerObjectGuard,0,10,1,0.6,6,0.24213498830795288,object_quarantine,1,1,1,0,0,0,0,0,0,0
fake_front,clean+shift,7,12,EgoOnly,0,10,1,0.6,6,0.19582699239253998,,0,0,0,0,0,0,0,0,0,0
fake_front,clean+shift,7,12,CleanCoop,0,10,1,0.6,6,0.2022445648908615,,0,0,0,0,0,0,0,0,0,0
fake_front,clean+shift,7,12,PrimaryRaw,0,10,1,1.0,10,0.2022445648908615,,0,0,0,0,0,0,0,0,0,0
fake_front,clean+shift,7,12,PrimaryTrustCalib,0,10,1,1.0,10,0.2022445648908615,accept,0,0,0,0,0,0,0,0,0,0
fake_front,clean+shift,7,12,MultiPeerObjectGuard,0,10,1,0.6,6,0.2022445648908615,object_quarantine,1,1,1,0,0,0,0,0,0,0
fake_front,clean+shift,7,13,EgoOnly,0,10,1,0.6,6,0.16944557428359985,,0,0,0,0,0,0,0,0,0,0
fake_front,clean+shift,7,13,CleanCoop,0,10,1,0.6,6,0.16660206019878387,,0,0,0,0,0,0,0,0,0,0
fake_front,clean+shift,7,13,PrimaryRaw,0,10,1,1.0,10,0.16660206019878387,,0,0,0,0,0,0,0,0,0,0
fake_front,clean+shift,7,13,PrimaryTrustCalib,0,10,1,1.0,10,0.16660206019878387,accept,0,0,0,0,0,0,0,0,0,0
fake_front,clean+shift,7,13,MultiPeerObjectGuard,0,10,1,0.6,6,0.16660206019878387,object_quarantine,1,1,1,0,0,0,0,0,0,0
fake_front,clean+shift,7,14,EgoOnly,0,10,1,0.6,6,0.1624145209789276,,0,0,0,0,0,0,0,0,0,0
fake_front,clean+shift,7,14,CleanCoop,0,10,1,0.6,6,0.15920035541057587,,0,0,0,0,0,0,0,0,0,0
fake_front,clean+shift,7,14,PrimaryRaw,0,10,1,1.0,10,0.15920035541057587,,0,0,0,0,0,0,0,0,0,0
fake_front,clean+shift,7,14,PrimaryTrustCalib,0,10,1,1.0,10,0.15920035541057587,accept,0,0,0,0,0,0,0,0,0,0
fake_front,clean+shift,7,14,MultiPeerObjectGuard,0,10,1,0.6,6,0.15920035541057587,object_quarantine,1,1,1,0,0,0,0,0,0,0
fake_front,clean+shift,7,15,EgoOnly,1,10,1,0.5,5,0.18329863250255585,,0,0,0,0,0,0,0,0,0,0
fake_front,clean+shift,7,15,CleanCoop,0,10,1,0.7,7,0.20441308617591858,,0,0,0,0,0,0,0,0,0,0
fake_front,clean+shift,7,15,PrimaryRaw,0,10,1,1.0,10,0.20441308617591858,,0,0,0,0,0,0,0,0,0,0
fake_front,clean+shift,7,15,PrimaryTrustCalib,0,10,1,1.0,10,0.20441308617591858,accept,0,0,0,0,0,0,0,0,0,0
fake_front,clean+shift,7,15,MultiPeerObjectGuard,0,10,1,0.7,7,0.20441308617591858,object_quarantine,1,1,1,0,0,0,0,0,0,0
fake_front,clean+shift,7,16,EgoOnly,1,10,1,0.5,5,0.19117328524589539,,0,0,0,0,0,0,0,0,0,0
fake_front,clean+shift,7,16,CleanCoop,0,10,1,0.7,7,0.20684880018234253,,0,0,0,0,0,0,0,0,0,0
fake_front,clean+shift,7,16,PrimaryRaw,0,10,1,1.0,10,0.20684880018234253,,0,0,0,0,0,0,0,0,0,0
fake_front,clean+shift,7,16,PrimaryTrustCalib,0,10,1,1.0,10,0.20684880018234253,accept,0,0,0,0,0,0,0,0,0,0
fake_front,clean+shift,7,16,MultiPeerObjectGuard,0,10,1,0.7,7,0.20684880018234253,object_quarantine,1,1,1,0,0,0,0,0,0,0
fake_front,clean+shift,7,17,EgoOnly,1,10,1,0.5,5,0.19794540107250214,,0,0,0,0,0,0,0,0,0,0
fake_front,clean+shift,7,17,CleanCoop,0,10,1,0.7,7,0.20986764132976532,,0,0,0,0,0,0,0,0,0,0
fake_front,clean+shift,7,17,PrimaryRaw,0,10,1,1.0,10,0.20986764132976532,,0,0,0,0,0,0,0,0,0,0
fake_front,clean+shift,7,17,PrimaryTrustCalib,0,10,1,1.0,10,0.20986764132976532,accept,0,0,0,0,0,0,0,0,0,0
fake_front,clean+shift,7,17,MultiPeerObjectGuard,0,10,1,0.7,7,0.20986764132976532,object_quarantine,1,1,1,0,0,0,0,0,0,0
fake_front,clean+shift,7,18,EgoOnly,1,10,1,0.5,5,0.224675253033638,,0,0,0,0,0,0,0,0,0,0
fake_front,clean+shift,7,18,CleanCoop,0,10,1,0.7,7,0.20929524302482605,,0,0,0,0,0,0,0,0,0,0
fake_front,clean+shift,7,18,PrimaryRaw,0,10,1,1.0,10,0.20929524302482605,,0,0,0,0,0,0,0,0,0,0
fake_front,clean+shift,7,18,PrimaryTrustCalib,0,10,1,1.0,10,0.20929524302482605,accept,0,0,0,0,0,0,0,0,0,0
fake_front,clean+shift,7,18,MultiPeerObjectGuard,0,10,1,0.7,7,0.20929524302482605,object_quarantine,1,1,1,0,0,0,0,0,0,0
fake_front,clean+shift,7,19,EgoOnly,0,10,1,0.4,4,0.23677147924900055,,0,0,0,0,0,0,0,0,0,0
fake_front,clean+shift,7,19,CleanCoop,0,10,1,0.5,5,0.22360484302043915,,0,0,0,0,0,0,0,0,0,0
fake_front,clean+shift,7,19,PrimaryRaw,0,10,1,1.0,10,0.22360484302043915,,0,0,0,0,0,0,0,0,0,0
fake_front,clean+shift,7,19,PrimaryTrustCalib,0,10,1,1.0,10,0.22360484302043915,accept,0,0,0,0,0,0,0,0,0,0
fake_front,clean+shift,7,19,MultiPeerObjectGuard,0,10,1,0.5,5,0.22360484302043915,object_quarantine,1,1,1,0,0,0,0,0,0,0
fake_front,clean+shift,12,0,EgoOnly,0,10,0,0.0,0,0.15281367301940918,,0,0,0,0,0,0,0,0,0,0
fake_front,clean+shift,12,0,CleanCoop,0,10,0,0.0,0,0.12016486376523972,,0,0,0,0,0,0,0,0,0,0
fake_front,clean+shift,12,0,PrimaryRaw,0,10,1,1.0,10,0.12016486376523972,,0,0,0,0,0,0,0,0,0,0
fake_front,clean+shift,12,0,PrimaryTrustCalib,0,10,1,1.0,10,0.12016486376523972,accept,0,0,0,0,0,0,0,0,0,0
fake_front,clean+shift,12,0,MultiPeerObjectGuard,0,10,0,0.0,0,0.12016486376523972,object_quarantine,1,1,1,0,0,0,0,0,0,0
fake_front,clean+shift,12,1,EgoOnly,0,10,0,0.0,0,0.1570848822593689,,0,0,0,0,0,0,0,0,0,0
fake_front,clean+shift,12,1,CleanCoop,0,10,0,0.0,0,0.11925899237394333,,0,0,0,0,0,0,0,0,0,0
fake_front,clean+shift,12,1,PrimaryRaw,0,10,1,1.0,10,0.11925899237394333,,0,0,0,0,0,0,0,0,0,0
fake_front,clean+shift,12,1,PrimaryTrustCalib,0,10,1,1.0,10,0.11925899237394333,accept,0,0,0,0,0,0,0,0,0,0
fake_front,clean+shift,12,1,MultiPeerObjectGuard,0,10,0,0.0,0,0.11925899237394333,object_quarantine,1,1,1,0,0,0,0,0,0,0
fake_front,clean+shift,12,2,EgoOnly,0,10,0,0.0,0,0.14528588950634003,,0,0,0,0,0,0,0,0,0,0
fake_front,clean+shift,12,2,CleanCoop,0,10,0,0.0,0,0.11932884901762009,,0,0,0,0,0,0,0,0,0,0
fake_front,clean+shift,12,2,PrimaryRaw,0,10,1,1.0,10,0.11932884901762009,,0,0,0,0,0,0,0,0,0,0
fake_front,clean+shift,12,2,PrimaryTrustCalib,0,10,1,1.0,10,0.11932884901762009,accept,0,0,0,0,0,0,0,0,0,0
fake_front,clean+shift,12,2,MultiPeerObjectGuard,0,10,0,0.0,0,0.11932884901762009,object_quarantine,1,1,1,0,0,0,0,0,0,0
fake_front,clean+shift,12,3,EgoOnly,0,10,0,0.0,0,0.1462281197309494,,0,0,0,0,0,0,0,0,0,0
fake_front,clean+shift,12,3,CleanCoop,0,10,0,0.0,0,0.11887969821691513,,0,0,0,0,0,0,0,0,0,0
fake_front,clean+shift,12,3,PrimaryRaw,0,10,1,1.0,10,0.11887969821691513,,0,0,0,0,0,0,0,0,0,0
fake_front,clean+shift,12,3,PrimaryTrustCalib,0,10,1,1.0,10,0.11887969821691513,accept,0,0,0,0,0,0,0,0,0,0
fake_front,clean+shift,12,3,MultiPeerObjectGuard,0,10,0,0.0,0,0.11887969821691513,object_quarantine,1,1,1,0,0,0,0,0,0,0
fake_front,clean+shift,12,4,EgoOnly,0,10,0,0.0,0,0.14383330941200256,,0,0,0,0,0,0,0,0,0,0
fake_front,clean+shift,12,4,CleanCoop,0,10,0,0.0,0,0.1203032061457634,,0,0,0,0,0,0,0,0,0,0
fake_front,clean+shift,12,4,PrimaryRaw,0,10,1,1.0,10,0.1203032061457634,,0,0,0,0,0,0,0,0,0,0
fake_front,clean+shift,12,4,PrimaryTrustCalib,0,10,1,1.0,10,0.1203032061457634,accept,0,0,0,0,0,0,0,0,0,0
fake_front,clean+shift,12,4,MultiPeerObjectGuard,0,10,0,0.0,0,0.1203032061457634,object_quarantine,1,1,1,0,0,0,0,0,0,0
fake_front,clean+shift,12,5,EgoOnly,0,10,0,0.0,0,0.13482937216758728,,0,0,0,0,0,0,0,0,0,0
fake_front,clean+shift,12,5,CleanCoop,0,10,0,0.0,0,0.11830943077802658,,0,0,0,0,0,0,0,0,0,0
fake_front,clean+shift,12,5,PrimaryRaw,0,10,1,1.0,10,0.11830943077802658,,0,0,0,0,0,0,0,0,0,0
fake_front,clean+shift,12,5,PrimaryTrustCalib,0,10,1,1.0,10,0.11830943077802658,accept,0,0,0,0,0,0,0,0,0,0
fake_front,clean+shift,12,5,MultiPeerObjectGuard,0,10,0,0.0,0,0.11830943077802658,object_quarantine,1,1,1,0,0,0,0,0,0,0
fake_front,clean+shift,12,6,EgoOnly,0,10,0,0.0,0,0.13432541489601135,,0,0,0,0,0,0,0,0,0,0
fake_front,clean+shift,12,6,CleanCoop,0,10,0,0.0,0,0.11030985414981842,,0,0,0,0,0,0,0,0,0,0
fake_front,clean+shift,12,6,PrimaryRaw,0,10,1,1.0,10,0.11030985414981842,,0,0,0,0,0,0,0,0,0,0
fake_front,clean+shift,12,6,PrimaryTrustCalib,0,10,1,1.0,10,0.11030985414981842,accept,0,0,0,0,0,0,0,0,0,0
fake_front,clean+shift,12,6,MultiPeerObjectGuard,0,10,0,0.0,0,0.11030985414981842,object_quarantine,1,1,1,0,0,0,0,0,0,0
fake_front,clean+shift,12,7,EgoOnly,0,10,0,0.0,0,0.1827940195798874,,0,0,0,0,0,0,0,0,0,0
fake_front,clean+shift,12,7,CleanCoop,0,10,0,0.0,0,0.10671420395374298,,0,0,0,0,0,0,0,0,0,0
fake_front,clean+shift,12,7,PrimaryRaw,0,10,1,1.0,10,0.10671420395374298,,0,0,0,0,0,0,0,0,0,0
fake_front,clean+shift,12,7,PrimaryTrustCalib,0,10,1,1.0,10,0.10671420395374298,accept,0,0,0,0,0,0,0,0,0,0
fake_front,clean+shift,12,7,MultiPeerObjectGuard,0,10,0,0.0,0,0.10671420395374298,object_quarantine,1,1,1,0,0,0,0,0,0,0
fake_front,clean+shift,12,8,EgoOnly,0,10,0,0.0,0,0.22359293699264526,,0,0,0,0,0,0,0,0,0,0
fake_front,clean+shift,12,8,CleanCoop,0,10,0,0.0,0,0.10668100416660309,,0,0,0,0,0,0,0,0,0,0
fake_front,clean+shift,12,8,PrimaryRaw,0,10,1,1.0,10,0.10668100416660309,,0,0,0,0,0,0,0,0,0,0
fake_front,clean+shift,12,8,PrimaryTrustCalib,0,10,1,1.0,10,0.10668100416660309,accept,0,0,0,0,0,0,0,0,0,0
fake_front,clean+shift,12,8,MultiPeerObjectGuard,0,10,0,0.0,0,0.10668100416660309,object_quarantine,1,1,1,0,0,0,0,0,0,0
fake_front,clean+shift,12,9,EgoOnly,0,10,1,0.0,0,0.30967971682548523,,0,0,0,0,0,0,0,0,0,0
fake_front,clean+shift,12,9,CleanCoop,0,10,0,0.0,0,0.11145170778036118,,0,0,0,0,0,0,0,0,0,0
fake_front,clean+shift,12,9,PrimaryRaw,0,10,1,1.0,10,0.11145170778036118,,0,0,0,0,0,0,0,0,0,0
fake_front,clean+shift,12,9,PrimaryTrustCalib,0,10,1,1.0,10,0.11145170778036118,accept,0,0,0,0,0,0,0,0,0,0
fake_front,clean+shift,12,9,MultiPeerObjectGuard,0,10,0,0.0,0,0.11145170778036118,object_quarantine,1,1,1,0,0,0,0,0,0,0
fake_front,clean+shift,12,10,EgoOnly,0,10,1,0.0,0,0.4019470810890198,,0,0,0,0,0,0,0,0,0,0
fake_front,clean+shift,12,10,CleanCoop,0,10,0,0.0,0,0.1185947135090828,,0,0,0,0,0,0,0,0,0,0
fake_front,clean+shift,12,10,PrimaryRaw,0,10,1,1.0,10,0.1185947135090828,,0,0,0,0,0,0,0,0,0,0
fake_front,clean+shift,12,10,PrimaryTrustCalib,0,10,1,1.0,10,0.1185947135090828,accept,0,0,0,0,0,0,0,0,0,0
fake_front,clean+shift,12,10,MultiPeerObjectGuard,0,10,0,0.0,0,0.1185947135090828,object_quarantine,1,1,1,0,0,0,0,0,0,0
fake_front,clean+shift,12,11,EgoOnly,0,10,1,0.0,0,0.6561183333396912,,0,0,0,0,0,0,0,0,0,0
fake_front,clean+shift,12,11,CleanCoop,0,10,0,0.0,0,0.12641072273254395,,0,0,0,0,0,0,0,0,0,0
fake_front,clean+shift,12,11,PrimaryRaw,0,10,1,1.0,10,0.12641072273254395,,0,0,0,0,0,0,0,0,0,0
fake_front,clean+shift,12,11,PrimaryTrustCalib,0,10,1,1.0,10,0.12641072273254395,accept,0,0,0,0,0,0,0,0,0,0
fake_front,clean+shift,12,11,MultiPeerObjectGuard,0,10,0,0.0,0,0.12641072273254395,object_quarantine,1,1,1,0,0,0,0,0,0,0
fake_front,clean+shift,12,12,EgoOnly,0,10,1,0.0,0,0.8061890006065369,,0,0,0,0,0,0,0,0,0,0
fake_front,clean+shift,12,12,CleanCoop,0,10,0,0.0,0,0.14124038815498352,,0,0,0,0,0,0,0,0,0,0
fake_front,clean+shift,12,12,PrimaryRaw,0,10,1,1.0,10,0.14124038815498352,,0,0,0,0,0,0,0,0,0,0
fake_front,clean+shift,12,12,PrimaryTrustCalib,0,10,1,1.0,10,0.14124038815498352,accept,0,0,0,0,0,0,0,0,0,0
fake_front,clean+shift,12,12,MultiPeerObjectGuard,0,10,0,0.0,0,0.14124038815498352,object_quarantine,1,1,1,0,0,0,0,0,0,0
fake_front,clean+shift,12,13,EgoOnly,0,10,1,0.0,0,0.8587881326675415,,0,0,0,0,0,0,0,0,0,0
fake_front,clean+shift,12,13,CleanCoop,0,10,0,0.0,0,0.1669478416442871,,0,0,0,0,0,0,0,0,0,0
fake_front,clean+shift,12,13,PrimaryRaw,0,10,1,1.0,10,0.1669478416442871,,0,0,0,0,0,0,0,0,0,0
fake_front,clean+shift,12,13,PrimaryTrustCalib,0,10,1,1.0,10,0.1669478416442871,accept,0,0,0,0,0,0,0,0,0,0
fake_front,clean+shift,12,13,MultiPeerObjectGuard,0,10,0,0.0,0,0.1669478416442871,object_quarantine,1,1,1,0,0,0,0,0,0,0
fake_front,clean+shift,12,14,EgoOnly,0,10,1,0.0,0,0.8869273066520691,,0,0,0,0,0,0,0,0,0,0
fake_front,clean+shift,12,14,CleanCoop,0,10,0,0.0,0,0.20666541159152985,,0,0,0,0,0,0,0,0,0,0
fake_front,clean+shift,12,14,PrimaryRaw,0,10,1,1.0,10,0.20666541159152985,,0,0,0,0,0,0,0,0,0,0
fake_front,clean+shift,12,14,PrimaryTrustCalib,0,10,1,1.0,10,0.20666541159152985,accept,0,0,0,0,0,0,0,0,0,0
fake_front,clean+shift,12,14,MultiPeerObjectGuard,0,10,0,0.0,0,0.20666541159152985,object_quarantine,1,1,1,0,0,0,0,0,0,0
fake_front,clean+shift,12,15,EgoOnly,0,10,1,0.0,0,0.9073237180709839,,0,0,0,0,0,0,0,0,0,0
fake_front,clean+shift,12,15,CleanCoop,0,10,0,0.0,0,0.24778659641742706,,0,0,0,0,0,0,0,0,0,0
fake_front,clean+shift,12,15,PrimaryRaw,0,10,1,1.0,10,0.24778659641742706,,0,0,0,0,0,0,0,0,0,0
fake_front,clean+shift,12,15,PrimaryTrustCalib,0,10,1,1.0,10,0.24778659641742706,accept,0,0,0,0,0,0,0,0,0,0
fake_front,clean+shift,12,15,MultiPeerObjectGuard,0,10,0,0.0,0,0.24778659641742706,object_quarantine,1,1,1,0,0,0,0,0,0,0
fake_front,clean+shift,12,16,EgoOnly,0,10,1,0.0,0,0.9189062714576721,,0,0,0,0,0,0,0,0,0,0
fake_front,clean+shift,12,16,CleanCoop,0,10,0,0.0,0,0.2577671408653259,,0,0,0,0,0,0,0,0,0,0
fake_front,clean+shift,12,16,PrimaryRaw,0,10,1,1.0,10,0.2577671408653259,,0,0,0,0,0,0,0,0,0,0
fake_front,clean+shift,12,16,PrimaryTrustCalib,0,10,1,1.0,10,0.2577671408653259,accept,0,0,0,0,0,0,0,0,0,0
fake_front,clean+shift,12,16,MultiPeerObjectGuard,0,10,0,0.0,0,0.2577671408653259,object_quarantine,1,1,1,0,0,0,0,0,0,0
fake_front,clean+shift,12,17,EgoOnly,0,10,1,0.0,0,0.8435673117637634,,0,0,0,0,0,0,0,0,0,0
fake_front,clean+shift,12,17,CleanCoop,0,10,1,0.0,0,0.33347970247268677,,0,0,0,0,0,0,0,0,0,0
fake_front,clean+shift,12,17,PrimaryRaw,0,10,1,1.0,10,0.33347970247268677,,0,0,0,0,0,0,0,0,0,0
fake_front,clean+shift,12,17,PrimaryTrustCalib,0,10,1,1.0,10,0.33347970247268677,accept,0,0,0,0,0,0,0,0,0,0
fake_front,clean+shift,12,17,MultiPeerObjectGuard,0,10,1,0.0,0,0.33347970247268677,object_quarantine,1,1,1,0,0,0,0,0,0,0
fake_front,clean+shift,12,18,EgoOnly,0,10,1,0.1,1,0.9085433483123779,,0,0,0,0,0,0,0,0,0,0
fake_front,clean+shift,12,18,CleanCoop,0,10,1,0.1,1,0.1576777547597885,,0,0,0,0,0,0,0,0,0,0
fake_front,clean+shift,12,18,PrimaryRaw,0,10,1,1.0,10,0.1576777547597885,,0,0,0,0,0,0,0,0,0,0
fake_front,clean+shift,12,18,PrimaryTrustCalib,0,10,1,1.0,10,0.1576777547597885,accept,0,0,0,0,0,0,0,0,0,0
fake_front,clean+shift,12,18,MultiPeerObjectGuard,0,10,1,0.1,1,0.1576777547597885,object_quarantine,1,1,1,0,0,0,0,0,0,0
fake_front,clean+shift,12,19,EgoOnly,0,10,1,0.1,1,0.8534132838249207,,0,0,0,0,0,0,0,0,0,0
fake_front,clean+shift,12,19,CleanCoop,0,10,1,0.1,1,0.1518813818693161,,0,0,0,0,0,0,0,0,0,0
fake_front,clean+shift,12,19,PrimaryRaw,0,10,1,1.0,10,0.1518813818693161,,0,0,0,0,0,0,0,0,0,0
fake_front,clean+shift,12,19,PrimaryTrustCalib,0,10,1,1.0,10,0.1518813818693161,accept,0,0,0,0,0,0,0,0,0,0
fake_front,clean+shift,12,19,MultiPeerObjectGuard,0,10,1,0.1,1,0.1518813818693161,object_quarantine,1,1,1,0,0,0,0,0,0,0
fake_front,clean+shift,14,0,EgoOnly,0,10,1,1.0,10,0.21326719224452972,,0,0,0,0,0,0,0,0,0,0
fake_front,clean+shift,14,0,CleanCoop,0,10,1,1.0,10,0.25504621863365173,,0,0,0,0,0,0,0,0,0,0
fake_front,clean+shift,14,0,PrimaryRaw,0,10,1,1.0,10,0.25504621863365173,,0,0,0,0,0,0,0,0,0,0
fake_front,clean+shift,14,0,PrimaryTrustCalib,0,10,1,1.0,10,0.25504621863365173,accept,0,0,0,0,0,0,0,0,0,0
fake_front,clean+shift,14,0,MultiPeerObjectGuard,0,10,1,1.0,10,0.25504621863365173,accept,0,1,0,0,0,0,0,0,0,0
fake_front,clean+shift,14,1,EgoOnly,0,10,0,0.0,0,0.21110652387142181,,0,0,0,0,0,0,0,0,0,0
fake_front,clean+shift,14,1,CleanCoop,0,10,0,0.0,0,0.2528553903102875,,0,0,0,0,0,0,0,0,0,0
fake_front,clean+shift,14,1,PrimaryRaw,0,10,1,0.6,6,0.2528553903102875,,0,0,0,0,0,0,0,0,0,0
fake_front,clean+shift,14,1,PrimaryTrustCalib,0,10,1,0.6,6,0.2528553903102875,accept,0,0,0,0,0,0,0,0,0,0
fake_front,clean+shift,14,1,MultiPeerObjectGuard,0,10,0,0.0,0,0.2528553903102875,object_quarantine,1,1,1,0,0,0,0,0,0,0
fake_front,clean+shift,14,2,EgoOnly,0,10,0,0.0,0,0.2088356614112854,,0,0,0,0,0,0,0,0,0,0
fake_front,clean+shift,14,2,CleanCoop,0,10,0,0.0,0,0.2503722906112671,,0,0,0,0,0,0,0,0,0,0
fake_front,clean+shift,14,2,PrimaryRaw,0,10,1,0.5,5,0.2503722906112671,,0,0,0,0,0,0,0,0,0,0
fake_front,clean+shift,14,2,PrimaryTrustCalib,0,10,1,0.5,5,0.2503722906112671,accept,0,0,0,0,0,0,0,0,0,0
fake_front,clean+shift,14,2,MultiPeerObjectGuard,0,10,0,0.0,0,0.2503722906112671,object_quarantine,1,1,1,0,0,0,0,0,0,0
fake_front,clean+shift,14,3,EgoOnly,0,10,1,0.2,2,0.2154216319322586,,0,0,0,0,0,0,0,0,0,0
fake_front,clean+shift,14,3,CleanCoop,0,10,1,0.2,2,0.25110262632369995,,0,0,0,0,0,0,0,0,0,0
fake_front,clean+shift,14,3,PrimaryRaw,0,10,1,0.7,7,0.25110262632369995,,0,0,0,0,0,0,0,0,0,0
fake_front,clean+shift,14,3,PrimaryTrustCalib,0,10,1,0.7,7,0.25110262632369995,accept,0,0,0,0,0,0,0,0,0,0
fake_front,clean+shift,14,3,MultiPeerObjectGuard,0,10,1,0.2,2,0.25110262632369995,object_quarantine,1,1,1,0,0,0,0,0,0,0
fake_front,clean+shift,14,4,EgoOnly,0,10,1,0.2,2,0.21156075596809387,,0,0,0,0,0,0,0,0,0,0
fake_front,clean+shift,14,4,CleanCoop,0,10,1,0.2,2,0.339692085981369,,0,0,0,0,0,0,0,0,0,0
fake_front,clean+shift,14,4,PrimaryRaw,0,10,1,0.7,7,0.339692085981369,,0,0,0,0,0,0,0,0,0,0
fake_front,clean+shift,14,4,PrimaryTrustCalib,0,10,1,0.7,7,0.339692085981369,accept,0,0,0,0,0,0,0,0,0,0
fake_front,clean+shift,14,4,MultiPeerObjectGuard,0,10,1,0.2,2,0.339692085981369,object_quarantine,1,1,1,0,0,0,0,0,0,0
fake_front,clean+shift,14,5,EgoOnly,0,10,1,0.1,1,0.17747807502746582,,0,0,0,0,0,0,0,0,0,0
fake_front,clean+shift,14,5,CleanCoop,0,10,1,0.1,1,0.2941591739654541,,0,0,0,0,0,0,0,0,0,0
fake_front,clean+shift,14,5,PrimaryRaw,0,10,1,0.6,6,0.2941591739654541,,0,0,0,0,0,0,0,0,0,0
fake_front,clean+shift,14,5,PrimaryTrustCalib,0,10,1,0.6,6,0.2941591739654541,accept,0,0,0,0,0,0,0,0,0,0
fake_front,clean+shift,14,5,MultiPeerObjectGuard,0,10,1,0.1,1,0.2941591739654541,object_quarantine,1,1,1,0,0,0,0,0,0,0
fake_front,clean+shift,14,6,EgoOnly,0,10,1,0.1,1,0.2195167988538742,,0,0,0,0,0,0,0,0,0,0
fake_front,clean+shift,14,6,CleanCoop,0,10,1,0.1,1,0.26289230585098267,,0,0,0,0,0,0,0,0,0,0
fake_front,clean+shift,14,6,PrimaryRaw,0,10,1,0.6,6,0.26289230585098267,,0,0,0,0,0,0,0,0,0,0
fake_front,clean+shift,14,6,PrimaryTrustCalib,0,10,1,0.6,6,0.26289230585098267,accept,0,0,0,0,0,0,0,0,0,0
fake_front,clean+shift,14,6,MultiPeerObjectGuard,0,10,1,0.1,1,0.26289230585098267,object_quarantine,1,1,1,0,0,0,0,0,0,0
fake_front,clean+shift,14,7,EgoOnly,0,10,1,0.2,2,0.23648075759410858,,0,0,0,0,0,0,0,0,0,0
fake_front,clean+shift,14,7,CleanCoop,0,10,1,0.2,2,0.2617097496986389,,0,0,0,0,0,0,0,0,0,0
fake_front,clean+shift,14,7,PrimaryRaw,0,10,1,0.5,5,0.2617097496986389,,0,0,0,0,0,0,0,0,0,0
fake_front,clean+shift,14,7,PrimaryTrustCalib,0,10,1,0.5,5,0.2617097496986389,accept,0,0,0,0,0,0,0,0,0,0
fake_front,clean+shift,14,7,MultiPeerObjectGuard,0,10,1,0.2,2,0.2617097496986389,object_quarantine,1,1,1,0,0,0,0,0,0,0
fake_front,clean+shift,14,8,EgoOnly,0,10,1,0.1,1,0.23272015154361725,,0,0,0,0,0,0,0,0,0,0
fake_front,clean+shift,14,8,CleanCoop,0,10,1,0.1,1,0.3363262116909027,,0,0,0,0,0,0,0,0,0,0
fake_front,clean+shift,14,8,PrimaryRaw,0,10,1,0.3,3,0.3363262116909027,,0,0,0,0,0,0,0,0,0,0
fake_front,clean+shift,14,8,PrimaryTrustCalib,0,10,1,0.3,3,0.3363262116909027,accept,0,0,0,0,0,0,0,0,0,0
fake_front,clean+shift,14,8,MultiPeerObjectGuard,0,10,1,0.3,3,0.3363262116909027,accept,0,1,0,0,0,0,0,0,0,0
fake_front,clean+shift,14,9,EgoOnly,0,10,1,0.1,1,0.18938347697257996,,0,0,0,0,0,0,0,0,0,0
fake_front,clean+shift,14,9,CleanCoop,0,10,1,0.1,1,0.25984326004981995,,0,0,0,0,0,0,0,0,0,0
fake_front,clean+shift,14,9,PrimaryRaw,0,10,1,0.3,3,0.25984326004981995,,0,0,0,0,0,0,0,0,0,0
fake_front,clean+shift,14,9,PrimaryTrustCalib,0,10,1,0.3,3,0.25984326004981995,accept,0,0,0,0,0,0,0,0,0,0
fake_front,clean+shift,14,9,MultiPeerObjectGuard,0,10,1,0.3,3,0.25984326004981995,accept,0,1,0,0,0,0,0,0,0,0
fake_front,clean+shift,14,10,EgoOnly,0,10,1,0.1,1,0.19276063144207,,0,0,0,0,0,0,0,0,0,0
fake_front,clean+shift,14,10,CleanCoop,0,10,1,0.1,1,0.25679811835289,,0,0,0,0,0,0,0,0,0,0
fake_front,clean+shift,14,10,PrimaryRaw,0,10,1,0.3,3,0.25679811835289,,0,0,0,0,0,0,0,0,0,0
fake_front,clean+shift,14,10,PrimaryTrustCalib,0,10,1,0.3,3,0.25679811835289,accept,0,0,0,0,0,0,0,0,0,0
fake_front,clean+shift,14,10,MultiPeerObjectGuard,0,10,1,0.3,3,0.25679811835289,accept,0,1,0,0,0,0,0,0,0,0
fake_front,clean+shift,14,11,EgoOnly,0,10,1,0.1,1,0.20646242797374725,,0,0,0,0,0,0,0,0,0,0
fake_front,clean+shift,14,11,CleanCoop,0,10,1,0.1,1,0.2642810046672821,,0,0,0,0,0,0,0,0,0,0
fake_front,clean+shift,14,11,PrimaryRaw,0,10,1,0.3,3,0.2642810046672821,,0,0,0,0,0,0,0,0,0,0
fake_front,clean+shift,14,11,PrimaryTrustCalib,0,10,1,0.3,3,0.2642810046672821,accept,0,0,0,0,0,0,0,0,0,0
fake_front,clean+shift,14,11,MultiPeerObjectGuard,0,10,1,0.3,3,0.2642810046672821,accept,0,1,0,0,0,0,0,0,0,0
fake_front,clean+shift,14,12,EgoOnly,0,10,1,0.1,1,0.1976715475320816,,0,0,0,0,0,0,0,0,0,0
fake_front,clean+shift,14,12,CleanCoop,0,10,1,0.1,1,0.271071195602417,,0,0,0,0,0,0,0,0,0,0
fake_front,clean+shift,14,12,PrimaryRaw,0,10,1,0.3,3,0.271071195602417,,0,0,0,0,0,0,0,0,0,0
fake_front,clean+shift,14,12,PrimaryTrustCalib,0,10,1,0.3,3,0.271071195602417,accept,0,0,0,0,0,0,0,0,0,0
fake_front,clean+shift,14,12,MultiPeerObjectGuard,0,10,1,0.3,3,0.271071195602417,accept,0,1,0,0,0,0,0,0,0,0
fake_front,clean+shift,14,13,EgoOnly,0,10,1,0.1,1,0.33696672320365906,,0,0,0,0,0,0,0,0,0,0
fake_front,clean+shift,14,13,CleanCoop,0,10,1,0.1,1,0.26940077543258667,,0,0,0,0,0,0,0,0,0,0
fake_front,clean+shift,14,13,PrimaryRaw,0,10,1,0.4,4,0.26940077543258667,,0,0,0,0,0,0,0,0,0,0
fake_front,clean+shift,14,13,PrimaryTrustCalib,0,10,1,0.4,4,0.26940077543258667,accept,0,0,0,0,0,0,0,0,0,0
fake_front,clean+shift,14,13,MultiPeerObjectGuard,0,10,1,0.1,1,0.26940077543258667,object_quarantine,1,1,1,0,0,0,0,0,0,0
fake_front,clean+shift,14,14,EgoOnly,0,10,1,0.1,1,0.2483895868062973,,0,0,0,0,0,0,0,0,0,0
fake_front,clean+shift,14,14,CleanCoop,0,10,1,0.1,1,0.2880418002605438,,0,0,0,0,0,0,0,0,0,0
fake_front,clean+shift,14,14,PrimaryRaw,0,10,1,0.4,4,0.2880418002605438,,0,0,0,0,0,0,0,0,0,0
fake_front,clean+shift,14,14,PrimaryTrustCalib,0,10,1,0.4,4,0.2880418002605438,accept,0,0,0,0,0,0,0,0,0,0
fake_front,clean+shift,14,14,MultiPeerObjectGuard,0,10,1,0.1,1,0.2880418002605438,object_quarantine,1,1,1,0,0,0,0,0,0,0
fake_front,clean+shift,14,15,EgoOnly,0,10,1,0.0,0,0.35019075870513916,,0,0,0,0,0,0,0,0,0,0
fake_front,clean+shift,14,15,CleanCoop,0,10,1,0.1,1,0.3134940266609192,,0,0,0,0,0,0,0,0,0,0
fake_front,clean+shift,14,15,PrimaryRaw,0,10,1,0.4,4,0.3134940266609192,,0,0,0,0,0,0,0,0,0,0
fake_front,clean+shift,14,15,PrimaryTrustCalib,0,10,1,0.4,4,0.3134940266609192,accept,0,0,0,0,0,0,0,0,0,0
fake_front,clean+shift,14,15,MultiPeerObjectGuard,0,10,1,0.1,1,0.3134940266609192,object_quarantine,1,1,1,0,0,0,0,0,0,0
fake_front,clean+shift,14,16,EgoOnly,0,10,0,0.0,0,0.2652733027935028,,0,0,0,0,0,0,0,0,0,0
fake_front,clean+shift,14,16,CleanCoop,0,10,1,0.1,1,0.30814674496650696,,0,0,0,0,0,0,0,0,0,0
fake_front,clean+shift,14,16,PrimaryRaw,0,10,1,0.4,4,0.30814674496650696,,0,0,0,0,0,0,0,0,0,0
fake_front,clean+shift,14,16,PrimaryTrustCalib,0,10,1,0.4,4,0.30814674496650696,accept,0,0,0,0,0,0,0,0,0,0
fake_front,clean+shift,14,16,MultiPeerObjectGuard,0,10,1,0.1,1,0.30814674496650696,object_quarantine,1,1,1,0,0,0,0,0,0,0
fake_front,clean+shift,14,17,EgoOnly,0,10,0,0.0,0,0.2624236047267914,,0,0,0,0,0,0,0,0,0,0
fake_front,clean+shift,14,17,CleanCoop,0,10,1,0.0,0,0.3125392198562622,,0,0,0,0,0,0,0,0,0,0
fake_front,clean+shift,14,17,PrimaryRaw,0,10,1,0.3,3,0.3125392198562622,,0,0,0,0,0,0,0,0,0,0
fake_front,clean+shift,14,17,PrimaryTrustCalib,0,10,1,0.3,3,0.3125392198562622,accept,0,0,0,0,0,0,0,0,0,0
fake_front,clean+shift,14,17,MultiPeerObjectGuard,0,10,1,0.0,0,0.3125392198562622,object_quarantine,1,1,1,0,0,0,0,0,0,0
fake_front,clean+shift,14,18,EgoOnly,0,10,0,0.0,0,0.2886853814125061,,0,0,0,0,0,0,0,0,0,0
fake_front,clean+shift,14,18,CleanCoop,0,10,1,0.0,0,0.3179160952568054,,0,0,0,0,0,0,0,0,0,0
fake_front,clean+shift,14,18,PrimaryRaw,0,10,1,0.3,3,0.3179160952568054,,0,0,0,0,0,0,0,0,0,0
fake_front,clean+shift,14,18,PrimaryTrustCalib,0,10,1,0.3,3,0.3179160952568054,accept,0,0,0,0,0,0,0,0,0,0
fake_front,clean+shift,14,18,MultiPeerObjectGuard,0,10,1,0.0,0,0.3179160952568054,object_quarantine,1,1,1,0,0,0,0,0,0,0
fake_front,clean+shift,14,19,EgoOnly,0,10,1,0.0,0,0.36014869809150696,,0,0,0,0,0,0,0,0,0,0
fake_front,clean+shift,14,19,CleanCoop,0,10,1,0.0,0,0.33675312995910645,,0,0,0,0,0,0,0,0,0,0
fake_front,clean+shift,14,19,PrimaryRaw,0,10,1,0.3,3,0.33675312995910645,,0,0,0,0,0,0,0,0,0,0
fake_front,clean+shift,14,19,PrimaryTrustCalib,0,10,1,0.3,3,0.33675312995910645,accept,0,0,0,0,0,0,0,0,0,0
fake_front,clean+shift,14,19,MultiPeerObjectGuard,0,10,1,0.0,0,0.33675312995910645,object_quarantine,1,1,1,0,0,0,0,0,0,0
fake_front,clean+shift,21,0,EgoOnly,0,10,1,0.3,3,0.14543090760707855,,0,0,0,0,0,0,0,0,0,0
fake_front,clean+shift,21,0,CleanCoop,0,10,1,0.3,3,0.15055783092975616,,0,0,0,0,0,0,0,0,0,0
fake_front,clean+shift,21,0,PrimaryRaw,0,10,1,1.0,10,0.15055783092975616,,0,0,0,0,0,0,0,0,0,0
fake_front,clean+shift,21,0,PrimaryTrustCalib,0,10,1,1.0,10,0.15055783092975616,accept,0,0,0,0,0,0,0,0,0,0
fake_front,clean+shift,21,0,MultiPeerObjectGuard,0,10,1,0.3,3,0.15055783092975616,object_quarantine,1,1,1,0,0,0,0,0,0,0
fake_front,clean+shift,21,1,EgoOnly,0,10,1,0.3,3,0.15409569442272186,,0,0,0,0,0,0,0,0,0,0
fake_front,clean+shift,21,1,CleanCoop,0,10,1,0.3,3,0.14432086050510406,,0,0,0,0,0,0,0,0,0,0
fake_front,clean+shift,21,1,PrimaryRaw,0,10,1,1.0,10,0.14432086050510406,,0,0,0,0,0,0,0,0,0,0
fake_front,clean+shift,21,1,PrimaryTrustCalib,0,10,1,1.0,10,0.14432086050510406,accept,0,0,0,0,0,0,0,0,0,0
fake_front,clean+shift,21,1,MultiPeerObjectGuard,0,10,1,0.3,3,0.14432086050510406,object_quarantine,1,1,1,0,0,0,0,0,0,0
fake_front,clean+shift,21,2,EgoOnly,0,10,1,0.3,3,0.1338755339384079,,0,0,0,0,0,0,0,0,0,0
fake_front,clean+shift,21,2,CleanCoop,0,10,1,0.3,3,0.14185574650764465,,0,0,0,0,0,0,0,0,0,0
fake_front,clean+shift,21,2,PrimaryRaw,0,10,1,1.0,10,0.14185574650764465,,0,0,0,0,0,0,0,0,0,0
fake_front,clean+shift,21,2,PrimaryTrustCalib,0,10,1,1.0,10,0.14185574650764465,accept,0,0,0,0,0,0,0,0,0,0
fake_front,clean+shift,21,2,MultiPeerObjectGuard,0,10,1,0.3,3,0.14185574650764465,object_quarantine,1,1,1,0,0,0,0,0,0,0
fake_front,clean+shift,21,3,EgoOnly,0,10,1,0.3,3,0.1448509693145752,,0,0,0,0,0,0,0,0,0,0
fake_front,clean+shift,21,3,CleanCoop,0,10,1,0.3,3,0.14946985244750977,,0,0,0,0,0,0,0,0,0,0
fake_front,clean+shift,21,3,PrimaryRaw,1,10,1,1.0,10,0.14946985244750977,,0,0,0,0,0,0,0,0,0,0
fake_front,clean+shift,21,3,PrimaryTrustCalib,1,10,1,1.0,10,0.14946985244750977,accept,0,0,0,0,0,0,0,0,0,0
fake_front,clean+shift,21,3,MultiPeerObjectGuard,0,10,1,0.3,3,0.14946985244750977,object_quarantine,1,1,1,0,0,0,0,0,0,0
fake_front,clean+shift,21,4,EgoOnly,0,10,1,0.2,2,0.1520305573940277,,0,0,0,0,0,0,0,0,0,0
fake_front,clean+shift,21,4,CleanCoop,0,10,1,0.2,2,0.14212387800216675,,0,0,0,0,0,0,0,0,0,0
fake_front,clean+shift,21,4,PrimaryRaw,1,10,1,1.0,10,0.14212387800216675,,0,0,0,0,0,0,0,0,0,0
fake_front,clean+shift,21,4,PrimaryTrustCalib,1,10,1,1.0,10,0.14212387800216675,accept,0,0,0,0,0,0,0,0,0,0
fake_front,clean+shift,21,4,MultiPeerObjectGuard,0,10,1,0.2,2,0.14212387800216675,object_quarantine,1,1,1,0,0,0,0,0,0,0
fake_front,clean+shift,21,5,EgoOnly,0,10,1,0.1,1,0.12091058492660522,,0,0,0,0,0,0,0,0,0,0
fake_front,clean+shift,21,5,CleanCoop,0,10,1,0.1,1,0.13849933445453644,,0,0,0,0,0,0,0,0,0,0
fake_front,clean+shift,21,5,PrimaryRaw,1,10,1,1.0,10,0.13849933445453644,,0,0,0,0,0,0,0,0,0,0
fake_front,clean+shift,21,5,PrimaryTrustCalib,1,10,1,1.0,10,0.13849933445453644,accept,0,0,0,0,0,0,0,0,0,0
fake_front,clean+shift,21,5,MultiPeerObjectGuard,0,10,1,0.1,1,0.13849933445453644,object_quarantine,1,1,1,0,0,0,0,0,0,0
fake_front,clean+shift,21,6,EgoOnly,0,10,0,0.0,0,0.12365857511758804,,0,0,0,0,0,0,0,0,0,0
fake_front,clean+shift,21,6,CleanCoop,0,10,0,0.0,0,0.1471041589975357,,0,0,0,0,0,0,0,0,0,0
fake_front,clean+shift,21,6,PrimaryRaw,1,10,1,1.0,10,0.1471041589975357,,0,0,0,0,0,0,0,0,0,0
fake_front,clean+shift,21,6,PrimaryTrustCalib,1,10,1,1.0,10,0.1471041589975357,accept,0,0,0,0,0,0,0,0,0,0
fake_front,clean+shift,21,6,MultiPeerObjectGuard,0,10,0,0.0,0,0.1471041589975357,object_quarantine,1,1,1,0,0,0,0,0,0,0
fake_front,clean+shift,21,7,EgoOnly,0,10,0,0.0,0,0.12913388013839722,,0,0,0,0,0,0,0,0,0,0
fake_front,clean+shift,21,7,CleanCoop,0,10,0,0.0,0,0.13952261209487915,,0,0,0,0,0,0,0,0,0,0
fake_front,clean+shift,21,7,PrimaryRaw,0,10,1,1.0,10,0.13952261209487915,,0,0,0,0,0,0,0,0,0,0
fake_front,clean+shift,21,7,PrimaryTrustCalib,0,10,1,1.0,10,0.13952261209487915,accept,0,0,0,0,0,0,0,0,0,0
fake_front,clean+shift,21,7,MultiPeerObjectGuard,0,10,0,0.0,0,0.13952261209487915,object_quarantine,1,1,1,0,0,0,0,0,0,0
fake_front,clean+shift,21,8,EgoOnly,0,10,0,0.0,0,0.21506987512111664,,0,0,0,0,0,0,0,0,0,0
fake_front,clean+shift,21,8,CleanCoop,0,10,0,0.0,0,0.14641770720481873,,0,0,0,0,0,0,0,0,0,0
fake_front,clean+shift,21,8,PrimaryRaw,0,10,1,1.0,10,0.14641770720481873,,0,0,0,0,0,0,0,0,0,0
fake_front,clean+shift,21,8,PrimaryTrustCalib,0,10,1,1.0,10,0.14641770720481873,accept,0,0,0,0,0,0,0,0,0,0
fake_front,clean+shift,21,8,MultiPeerObjectGuard,0,10,0,0.0,0,0.14641770720481873,object_quarantine,1,1,1,0,0,0,0,0,0,0
fake_front,clean+shift,21,9,EgoOnly,0,10,1,0.3,3,0.20770184695720673,,0,0,0,0,0,0,0,0,0,0
fake_front,clean+shift,21,9,CleanCoop,0,10,1,0.3,3,0.1705644130706787,,0,0,0,0,0,0,0,0,0,0
fake_front,clean+shift,21,9,PrimaryRaw,0,10,1,1.0,10,0.1705644130706787,,0,0,0,0,0,0,0,0,0,0
fake_front,clean+shift,21,9,PrimaryTrustCalib,0,10,1,1.0,10,0.1705644130706787,accept,0,0,0,0,0,0,0,0,0,0
fake_front,clean+shift,21,9,MultiPeerObjectGuard,0,10,1,0.3,3,0.1705644130706787,object_quarantine,1,1,1,0,0,0,0,0,0,0
fake_front,clean+shift,21,10,EgoOnly,0,10,0,0.0,0,0.15347979962825775,,0,0,0,0,0,0,0,0,0,0
fake_front,clean+shift,21,10,CleanCoop,0,10,1,0.3,3,0.18396952748298645,,0,0,0,0,0,0,0,0,0,0
fake_front,clean+shift,21,10,PrimaryRaw,0,10,1,1.0,10,0.18396952748298645,,0,0,0,0,0,0,0,0,0,0
fake_front,clean+shift,21,10,PrimaryTrustCalib,0,10,1,1.0,10,0.18396952748298645,accept,0,0,0,0,0,0,0,0,0,0
fake_front,clean+shift,21,10,MultiPeerObjectGuard,0,10,1,0.3,3,0.18396952748298645,object_quarantine,1,1,1,0,0,0,0,0,0,0
fake_front,clean+shift,21,11,EgoOnly,2,10,0,0.0,0,0.20522791147232056,,0,0,0,0,0,0,0,0,0,0
fake_front,clean+shift,21,11,CleanCoop,1,10,1,0.3,3,0.18618325889110565,,0,0,0,0,0,0,0,0,0,0
fake_front,clean+shift,21,11,PrimaryRaw,0,10,1,1.0,10,0.18618325889110565,,0,0,0,0,0,0,0,0,0,0
fake_front,clean+shift,21,11,PrimaryTrustCalib,0,10,1,1.0,10,0.18618325889110565,accept,0,0,0,0,0,0,0,0,0,0
fake_front,clean+shift,21,11,MultiPeerObjectGuard,1,10,1,0.3,3,0.18618325889110565,object_quarantine,1,1,1,0,0,0,0,0,0,0
fake_front,clean+shift,21,12,EgoOnly,2,10,0,0.0,0,0.23910868167877197,,0,0,0,0,0,0,0,0,0,0
fake_front,clean+shift,21,12,CleanCoop,0,10,1,0.3,3,0.18615803122520447,,0,0,0,0,0,0,0,0,0,0
fake_front,clean+shift,21,12,PrimaryRaw,0,10,1,1.0,10,0.18615803122520447,,0,0,0,0,0,0,0,0,0,0
fake_front,clean+shift,21,12,PrimaryTrustCalib,0,10,1,1.0,10,0.18615803122520447,accept,0,0,0,0,0,0,0,0,0,0
fake_front,clean+shift,21,12,MultiPeerObjectGuard,0,10,1,0.3,3,0.18615803122520447,object_quarantine,1,1,1,0,0,0,0,0,0,0
fake_front,clean+shift,21,13,EgoOnly,0,10,1,0.2,2,0.1538943648338318,,0,0,0,0,0,0,0,0,0,0
fake_front,clean+shift,21,13,CleanCoop,0,10,1,0.2,2,0.1810694932937622,,0,0,0,0,0,0,0,0,0,0
fake_front,clean+shift,21,13,PrimaryRaw,0,10,1,1.0,10,0.1810694932937622,,0,0,0,0,0,0,0,0,0,0
fake_front,clean+shift,21,13,PrimaryTrustCalib,0,10,1,1.0,10,0.1810694932937622,accept,0,0,0,0,0,0,0,0,0,0
fake_front,clean+shift,21,13,MultiPeerObjectGuard,0,10,1,0.2,2,0.1810694932937622,object_quarantine,1,1,1,0,0,0,0,0,0,0
fake_front,clean+shift,21,14,EgoOnly,0,10,1,0.2,2,0.15674743056297302,,0,0,0,0,0,0,0,0,0,0
fake_front,clean+shift,21,14,CleanCoop,0,10,1,0.2,2,0.17957007884979248,,0,0,0,0,0,0,0,0,0,0
fake_front,clean+shift,21,14,PrimaryRaw,1,10,1,1.0,10,0.17957007884979248,,0,0,0,0,0,0,0,0,0,0
fake_front,clean+shift,21,14,PrimaryTrustCalib,1,10,1,1.0,10,0.17957007884979248,accept,0,0,0,0,0,0,0,0,0,0
fake_front,clean+shift,21,14,MultiPeerObjectGuard,0,10,1,0.2,2,0.17957007884979248,object_quarantine,1,1,1,0,0,0,0,0,0,0
fake_front,clean+shift,21,15,EgoOnly,0,10,0,0.0,0,0.21677294373512268,,0,0,0,0,0,0,0,0,0,0
fake_front,clean+shift,21,15,CleanCoop,0,10,0,0.0,0,0.17432813346385956,,0,0,0,0,0,0,0,0,0,0
fake_front,clean+shift,21,15,PrimaryRaw,1,10,1,1.0,10,0.17432813346385956,,0,0,0,0,0,0,0,0,0,0
fake_front,clean+shift,21,15,PrimaryTrustCalib,1,10,1,1.0,10,0.17432813346385956,accept,0,0,0,0,0,0,0,0,0,0
fake_front,clean+shift,21,15,MultiPeerObjectGuard,0,10,0,0.0,0,0.17432813346385956,object_quarantine,1,1,1,0,0,0,0,0,0,0
fake_front,clean+shift,21,16,EgoOnly,0,10,0,0.0,0,0.2188006043434143,,0,0,0,0,0,0,0,0,0,0
fake_front,clean+shift,21,16,CleanCoop,0,10,0,0.0,0,0.1703236699104309,,0,0,0,0,0,0,0,0,0,0
fake_front,clean+shift,21,16,PrimaryRaw,0,10,1,1.0,10,0.1703236699104309,,0,0,0,0,0,0,0,0,0,0
fake_front,clean+shift,21,16,PrimaryTrustCalib,0,10,1,1.0,10,0.1703236699104309,accept,0,0,0,0,0,0,0,0,0,0
fake_front,clean+shift,21,16,MultiPeerObjectGuard,0,10,0,0.0,0,0.1703236699104309,object_quarantine,1,1,1,0,0,0,0,0,0,0
fake_front,clean+shift,21,17,EgoOnly,0,10,0,0.0,0,0.263966828584671,,0,0,0,0,0,0,0,0,0,0
fake_front,clean+shift,21,17,CleanCoop,0,10,0,0.0,0,0.1647293120622635,,0,0,0,0,0,0,0,0,0,0
fake_front,clean+shift,21,17,PrimaryRaw,0,10,1,1.0,10,0.1647293120622635,,0,0,0,0,0,0,0,0,0,0
fake_front,clean+shift,21,17,PrimaryTrustCalib,0,10,1,1.0,10,0.1647293120622635,accept,0,0,0,0,0,0,0,0,0,0
fake_front,clean+shift,21,17,MultiPeerObjectGuard,0,10,0,0.0,0,0.1647293120622635,object_quarantine,1,1,1,0,0,0,0,0,0,0
fake_front,clean+shift,21,18,EgoOnly,0,10,1,0.1,1,0.267577588558197,,0,0,0,0,0,0,0,0,0,0
fake_front,clean+shift,21,18,CleanCoop,0,10,1,0.1,1,0.16350030899047852,,0,0,0,0,0,0,0,0,0,0
fake_front,clean+shift,21,18,PrimaryRaw,0,10,1,1.0,10,0.16350030899047852,,0,0,0,0,0,0,0,0,0,0
fake_front,clean+shift,21,18,PrimaryTrustCalib,0,10,1,1.0,10,0.16350030899047852,accept,0,0,0,0,0,0,0,0,0,0
fake_front,clean+shift,21,18,MultiPeerObjectGuard,0,10,1,0.1,1,0.16350030899047852,object_quarantine,1,1,1,0,0,0,0,0,0,0
fake_front,clean+shift,21,19,EgoOnly,0,10,1,0.4,4,0.2701622545719147,,0,0,0,0,0,0,0,0,0,0
fake_front,clean+shift,21,19,CleanCoop,0,10,1,0.4,4,0.16366440057754517,,0,0,0,0,0,0,0,0,0,0
fake_front,clean+shift,21,19,PrimaryRaw,0,10,1,1.0,10,0.16366440057754517,,0,0,0,0,0,0,0,0,0,0
fake_front,clean+shift,21,19,PrimaryTrustCalib,0,10,1,1.0,10,0.16366440057754517,accept,0,0,0,0,0,0,0,0,0,0
fake_front,clean+shift,21,19,MultiPeerObjectGuard,0,10,1,0.4,4,0.16366440057754517,object_quarantine,1,1,1,0,0,0,0,0,0,0
fake_front,clean+shift,24,0,EgoOnly,0,10,1,0.2,2,0.15427269041538239,,0,0,0,0,0,0,0,0,0,0
fake_front,clean+shift,24,0,CleanCoop,2,10,1,0.9,9,0.14627334475517273,,0,0,0,0,0,0,0,0,0,0
fake_front,clean+shift,24,0,PrimaryRaw,0,10,1,1.0,10,0.14627334475517273,,0,0,0,0,0,0,0,0,0,0
fake_front,clean+shift,24,0,PrimaryTrustCalib,0,10,1,1.0,10,0.14627334475517273,accept,0,0,0,0,0,0,0,0,0,0
fake_front,clean+shift,24,0,MultiPeerObjectGuard,2,10,1,0.9,9,0.14627334475517273,object_quarantine,1,1,1,0,0,0,0,0,0,0
fake_front,clean+shift,24,1,EgoOnly,0,10,1,0.2,2,0.15981008112430573,,0,0,0,0,0,0,0,0,0,0
fake_front,clean+shift,24,1,CleanCoop,1,10,1,0.8,8,0.13960088789463043,,0,0,0,0,0,0,0,0,0,0
fake_front,clean+shift,24,1,PrimaryRaw,0,10,1,1.0,10,0.13960088789463043,,0,0,0,0,0,0,0,0,0,0
fake_front,clean+shift,24,1,PrimaryTrustCalib,0,10,1,1.0,10,0.13960088789463043,accept,0,0,0,0,0,0,0,0,0,0
fake_front,clean+shift,24,1,MultiPeerObjectGuard,1,10,1,0.8,8,0.13960088789463043,object_quarantine,1,1,1,0,0,0,0,0,0,0
fake_front,clean+shift,24,2,EgoOnly,0,10,1,0.1,1,0.15121470391750336,,0,0,0,0,0,0,0,0,0,0
fake_front,clean+shift,24,2,CleanCoop,1,10,1,0.7,7,0.13827472925186157,,0,0,0,0,0,0,0,0,0,0
fake_front,clean+shift,24,2,PrimaryRaw,1,10,1,1.0,10,0.13827472925186157,,0,0,0,0,0,0,0,0,0,0
fake_front,clean+shift,24,2,PrimaryTrustCalib,1,10,1,1.0,10,0.13827472925186157,accept,0,0,0,0,0,0,0,0,0,0
fake_front,clean+shift,24,2,MultiPeerObjectGuard,1,10,1,0.7,7,0.13827472925186157,object_quarantine,1,1,1,0,0,0,0,0,0,0
fake_front,clean+shift,24,3,EgoOnly,0,10,1,0.4,4,0.15425336360931396,,0,0,0,0,0,0,0,0,0,0
fake_front,clean+shift,24,3,CleanCoop,0,10,1,0.4,4,0.15425336360931396,,0,0,0,0,0,0,0,0,0,0
fake_front,clean+shift,24,3,PrimaryRaw,0,10,1,1.0,10,0.15425336360931396,,0,0,0,0,0,0,0,0,0,0
fake_front,clean+shift,24,3,PrimaryTrustCalib,0,10,1,1.0,10,0.15425336360931396,accept,0,0,0,0,0,0,0,0,0,0
fake_front,clean+shift,24,3,MultiPeerObjectGuard,0,10,1,0.4,4,0.15425336360931396,object_quarantine,1,1,1,0,0,0,0,0,0,0
fake_front,clean+shift,24,4,EgoOnly,0,10,1,0.3,3,0.15410035848617554,,0,0,0,0,0,0,0,0,0,0
fake_front,clean+shift,24,4,CleanCoop,0,10,1,0.3,3,0.1486484408378601,,0,0,0,0,0,0,0,0,0,0
fake_front,clean+shift,24,4,PrimaryRaw,0,10,1,1.0,10,0.1486484408378601,,0,0,0,0,0,0,0,0,0,0
fake_front,clean+shift,24,4,PrimaryTrustCalib,0,10,1,1.0,10,0.1486484408378601,accept,0,0,0,0,0,0,0,0,0,0
fake_front,clean+shift,24,4,MultiPeerObjectGuard,0,10,1,0.3,3,0.1486484408378601,object_quarantine,1,1,1,0,0,0,0,0,0,0
fake_front,clean+shift,24,5,EgoOnly,0,10,1,0.2,2,0.15661866962909698,,0,0,0,0,0,0,0,0,0,0
fake_front,clean+shift,24,5,CleanCoop,0,10,1,0.2,2,0.15661866962909698,,0,0,0,0,0,0,0,0,0,0
fake_front,clean+shift,24,5,PrimaryRaw,0,10,1,1.0,10,0.15661866962909698,,0,0,0,0,0,0,0,0,0,0
fake_front,clean+shift,24,5,PrimaryTrustCalib,0,10,1,1.0,10,0.15661866962909698,accept,0,0,0,0,0,0,0,0,0,0
fake_front,clean+shift,24,5,MultiPeerObjectGuard,0,10,1,0.2,2,0.15661866962909698,object_quarantine,1,1,1,0,0,0,0,0,0,0
fake_front,clean+shift,24,6,EgoOnly,0,10,1,0.2,2,0.15503369271755219,,0,0,0,0,0,0,0,0,0,0
fake_front,clean+shift,24,6,CleanCoop,0,10,1,0.2,2,0.15503369271755219,,0,0,0,0,0,0,0,0,0,0
fake_front,clean+shift,24,6,PrimaryRaw,0,10,1,1.0,10,0.15503369271755219,,0,0,0,0,0,0,0,0,0,0
fake_front,clean+shift,24,6,PrimaryTrustCalib,0,10,1,1.0,10,0.15503369271755219,accept,0,0,0,0,0,0,0,0,0,0
fake_front,clean+shift,24,6,MultiPeerObjectGuard,0,10,1,0.2,2,0.15503369271755219,object_quarantine,1,1,1,0,0,0,0,0,0,0
fake_front,clean+shift,24,7,EgoOnly,0,10,1,0.2,2,0.14789249002933502,,0,0,0,0,0,0,0,0,0,0
fake_front,clean+shift,24,7,CleanCoop,0,10,1,0.2,2,0.14789249002933502,,0,0,0,0,0,0,0,0,0,0
fake_front,clean+shift,24,7,PrimaryRaw,0,10,1,1.0,10,0.14789249002933502,,0,0,0,0,0,0,0,0,0,0
fake_front,clean+shift,24,7,PrimaryTrustCalib,0,10,1,1.0,10,0.14789249002933502,accept,0,0,0,0,0,0,0,0,0,0
fake_front,clean+shift,24,7,MultiPeerObjectGuard,0,10,1,0.2,2,0.14789249002933502,object_quarantine,1,1,1,0,0,0,0,0,0,0
fake_front,clean+shift,24,8,EgoOnly,0,10,1,0.1,1,0.14085453748703003,,0,0,0,0,0,0,0,0,0,0
fake_front,clean+shift,24,8,CleanCoop,0,10,1,0.1,1,0.11462537944316864,,0,0,0,0,0,0,0,0,0,0
fake_front,clean+shift,24,8,PrimaryRaw,0,10,1,1.0,10,0.11462537944316864,,0,0,0,0,0,0,0,0,0,0
fake_front,clean+shift,24,8,PrimaryTrustCalib,0,10,1,1.0,10,0.11462537944316864,accept,0,0,0,0,0,0,0,0,0,0
fake_front,clean+shift,24,8,MultiPeerObjectGuard,0,10,1,0.1,1,0.11462537944316864,object_quarantine,1,1,1,0,0,0,0,0,0,0
fake_front,clean+shift,24,9,EgoOnly,0,10,1,0.1,1,0.12911587953567505,,0,0,0,0,0,0,0,0,0,0
fake_front,clean+shift,24,9,CleanCoop,0,10,1,0.1,1,0.12124241888523102,,0,0,0,0,0,0,0,0,0,0
fake_front,clean+shift,24,9,PrimaryRaw,0,10,1,1.0,10,0.12124241888523102,,0,0,0,0,0,0,0,0,0,0
fake_front,clean+shift,24,9,PrimaryTrustCalib,0,10,1,1.0,10,0.12124241888523102,accept,0,0,0,0,0,0,0,0,0,0
fake_front,clean+shift,24,9,MultiPeerObjectGuard,0,10,1,0.1,1,0.12124241888523102,object_quarantine,1,1,1,0,0,0,0,0,0,0
fake_front,clean+shift,24,10,EgoOnly,0,10,1,0.1,1,0.12549801170825958,,0,0,0,0,0,0,0,0,0,0
fake_front,clean+shift,24,10,CleanCoop,0,10,1,0.1,1,0.0926613137125969,,0,0,0,0,0,0,0,0,0,0
fake_front,clean+shift,24,10,PrimaryRaw,0,10,1,1.0,10,0.0926613137125969,,0,0,0,0,0,0,0,0,0,0
fake_front,clean+shift,24,10,PrimaryTrustCalib,0,10,1,1.0,10,0.0926613137125969,accept,0,0,0,0,0,0,0,0,0,0
fake_front,clean+shift,24,10,MultiPeerObjectGuard,0,10,1,0.1,1,0.0926613137125969,object_quarantine,1,1,1,0,0,0,0,0,0,0
fake_front,clean+shift,24,11,EgoOnly,0,10,1,0.1,1,0.1320536732673645,,0,0,0,0,0,0,0,0,0,0
fake_front,clean+shift,24,11,CleanCoop,0,10,1,0.1,1,0.09826569259166718,,0,0,0,0,0,0,0,0,0,0
fake_front,clean+shift,24,11,PrimaryRaw,0,10,1,1.0,10,0.09826569259166718,,0,0,0,0,0,0,0,0,0,0
fake_front,clean+shift,24,11,PrimaryTrustCalib,0,10,1,1.0,10,0.09826569259166718,accept,0,0,0,0,0,0,0,0,0,0
fake_front,clean+shift,24,11,MultiPeerObjectGuard,0,10,1,0.1,1,0.09826569259166718,object_quarantine,1,1,1,0,0,0,0,0,0,0
fake_front,clean+shift,24,12,EgoOnly,0,10,1,0.1,1,0.13850684463977814,,0,0,0,0,0,0,0,0,0,0
fake_front,clean+shift,24,12,CleanCoop,0,10,1,0.1,1,0.12030082195997238,,0,0,0,0,0,0,0,0,0,0
fake_front,clean+shift,24,12,PrimaryRaw,0,10,1,1.0,10,0.12030082195997238,,0,0,0,0,0,0,0,0,0,0
fake_front,clean+shift,24,12,PrimaryTrustCalib,0,10,1,1.0,10,0.12030082195997238,accept,0,0,0,0,0,0,0,0,0,0
fake_front,clean+shift,24,12,MultiPeerObjectGuard,0,10,1,0.1,1,0.12030082195997238,object_quarantine,1,1,1,0,0,0,0,0,0,0
fake_front,clean+shift,24,13,EgoOnly,0,10,1,0.2,2,0.13351860642433167,,0,0,0,0,0,0,0,0,0,0
fake_front,clean+shift,24,13,CleanCoop,0,10,1,0.2,2,0.11434740573167801,,0,0,0,0,0,0,0,0,0,0
fake_front,clean+shift,24,13,PrimaryRaw,0,10,1,1.0,10,0.11434740573167801,,0,0,0,0,0,0,0,0,0,0
fake_front,clean+shift,24,13,PrimaryTrustCalib,0,10,1,1.0,10,0.11434740573167801,accept,0,0,0,0,0,0,0,0,0,0
fake_front,clean+shift,24,13,MultiPeerObjectGuard,0,10,1,0.2,2,0.11434740573167801,object_quarantine,1,1,1,0,0,0,0,0,0,0
fake_front,clean+shift,24,14,EgoOnly,0,10,1,0.3,3,0.1421816349029541,,0,0,0,0,0,0,0,0,0,0
fake_front,clean+shift,24,14,CleanCoop,0,10,1,0.3,3,0.1179983988404274,,0,0,0,0,0,0,0,0,0,0
fake_front,clean+shift,24,14,PrimaryRaw,0,10,1,1.0,10,0.1179983988404274,,0,0,0,0,0,0,0,0,0,0
fake_front,clean+shift,24,14,PrimaryTrustCalib,0,10,1,1.0,10,0.1179983988404274,accept,0,0,0,0,0,0,0,0,0,0
fake_front,clean+shift,24,14,MultiPeerObjectGuard,0,10,1,0.3,3,0.1179983988404274,object_quarantine,1,1,1,0,0,0,0,0,0,0
fake_front,clean+shift,24,15,EgoOnly,0,10,1,0.2,2,0.1529833972454071,,0,0,0,0,0,0,0,0,0,0
fake_front,clean+shift,24,15,CleanCoop,0,10,1,0.2,2,0.11727875471115112,,0,0,0,0,0,0,0,0,0,0
fake_front,clean+shift,24,15,PrimaryRaw,0,10,1,1.0,10,0.11727875471115112,,0,0,0,0,0,0,0,0,0,0
fake_front,clean+shift,24,15,PrimaryTrustCalib,0,10,1,1.0,10,0.11727875471115112,accept,0,0,0,0,0,0,0,0,0,0
fake_front,clean+shift,24,15,MultiPeerObjectGuard,0,10,1,0.2,2,0.11727875471115112,object_quarantine,1,1,1,0,0,0,0,0,0,0
fake_front,clean+shift,24,16,EgoOnly,0,10,1,0.2,2,0.16195283830165863,,0,0,0,0,0,0,0,0,0,0
fake_front,clean+shift,24,16,CleanCoop,0,10,1,0.2,2,0.11798159033060074,,0,0,0,0,0,0,0,0,0,0
fake_front,clean+shift,24,16,PrimaryRaw,0,10,1,1.0,10,0.11798159033060074,,0,0,0,0,0,0,0,0,0,0
fake_front,clean+shift,24,16,PrimaryTrustCalib,0,10,1,1.0,10,0.11798159033060074,accept,0,0,0,0,0,0,0,0,0,0
fake_front,clean+shift,24,16,MultiPeerObjectGuard,0,10,1,0.2,2,0.11798159033060074,object_quarantine,1,1,1,0,0,0,0,0,0,0
fake_front,clean+shift,24,17,EgoOnly,0,10,1,0.2,2,0.1809834986925125,,0,0,0,0,0,0,0,0,0,0
fake_front,clean+shift,24,17,CleanCoop,0,10,1,0.2,2,0.11536841094493866,,0,0,0,0,0,0,0,0,0,0
fake_front,clean+shift,24,17,PrimaryRaw,0,10,1,1.0,10,0.11536841094493866,,0,0,0,0,0,0,0,0,0,0
fake_front,clean+shift,24,17,PrimaryTrustCalib,0,10,1,1.0,10,0.11536841094493866,accept,0,0,0,0,0,0,0,0,0,0
fake_front,clean+shift,24,17,MultiPeerObjectGuard,0,10,1,0.2,2,0.11536841094493866,object_quarantine,1,1,1,0,0,0,0,0,0,0
fake_front,clean+shift,24,18,EgoOnly,0,10,1,0.2,2,0.22093214094638824,,0,0,0,0,0,0,0,0,0,0
fake_front,clean+shift,24,18,CleanCoop,0,10,1,0.2,2,0.11835133284330368,,0,0,0,0,0,0,0,0,0,0
fake_front,clean+shift,24,18,PrimaryRaw,0,10,1,1.0,10,0.11835133284330368,,0,0,0,0,0,0,0,0,0,0
fake_front,clean+shift,24,18,PrimaryTrustCalib,0,10,1,1.0,10,0.11835133284330368,accept,0,0,0,0,0,0,0,0,0,0
fake_front,clean+shift,24,18,MultiPeerObjectGuard,0,10,1,0.2,2,0.11835133284330368,object_quarantine,1,1,1,0,0,0,0,0,0,0
fake_front,clean+shift,24,19,EgoOnly,0,10,1,0.2,2,0.16063916683197021,,0,0,0,0,0,0,0,0,0,0
fake_front,clean+shift,24,19,CleanCoop,0,10,1,0.2,2,0.11986172199249268,,0,0,0,0,0,0,0,0,0,0
fake_front,clean+shift,24,19,PrimaryRaw,1,10,1,1.0,10,0.11986172199249268,,0,0,0,0,0,0,0,0,0,0
fake_front,clean+shift,24,19,PrimaryTrustCalib,1,10,1,1.0,10,0.11986172199249268,accept,0,0,0,0,0,0,0,0,0,0
fake_front,clean+shift,24,19,MultiPeerObjectGuard,0,10,1,0.2,2,0.11986172199249268,object_quarantine,1,1,1,0,0,0,0,0,0,0
fake_front,clean+shift,34,0,EgoOnly,0,10,1,0.5,5,0.20370496809482574,,0,0,0,0,0,0,0,0,0,0
fake_front,clean+shift,34,0,CleanCoop,0,10,1,0.5,5,0.19505487382411957,,0,0,0,0,0,0,0,0,0,0
fake_front,clean+shift,34,0,PrimaryRaw,2,10,1,1.0,10,0.19505487382411957,,0,0,0,0,0,0,0,0,0,0
fake_front,clean+shift,34,0,PrimaryTrustCalib,2,10,1,1.0,10,0.19505487382411957,accept,0,0,0,0,0,0,0,0,0,0
fake_front,clean+shift,34,0,MultiPeerObjectGuard,0,10,1,0.5,5,0.19505487382411957,object_quarantine,1,1,1,0,0,0,0,0,0,0
fake_front,clean+shift,34,1,EgoOnly,0,10,1,0.7,7,0.1518774926662445,,0,0,0,0,0,0,0,0,0,0
fake_front,clean+shift,34,1,CleanCoop,0,10,1,0.7,7,0.18430224061012268,,0,0,0,0,0,0,0,0,0,0
fake_front,clean+shift,34,1,PrimaryRaw,0,10,1,1.0,10,0.18430224061012268,,0,0,0,0,0,0,0,0,0,0
fake_front,clean+shift,34,1,PrimaryTrustCalib,0,10,1,1.0,10,0.18430224061012268,accept,0,0,0,0,0,0,0,0,0,0
fake_front,clean+shift,34,1,MultiPeerObjectGuard,0,10,1,0.7,7,0.18430224061012268,object_quarantine,1,1,1,0,0,0,0,0,0,0
fake_front,clean+shift,34,2,EgoOnly,2,10,1,0.5,5,0.1545800268650055,,0,0,0,0,0,0,0,0,0,0
fake_front,clean+shift,34,2,CleanCoop,1,10,1,1.0,10,0.18285469710826874,,0,0,0,0,0,0,0,0,0,0
fake_front,clean+shift,34,2,PrimaryRaw,2,10,1,1.0,10,0.18285469710826874,,0,0,0,0,0,0,0,0,0,0
fake_front,clean+shift,34,2,PrimaryTrustCalib,2,10,1,1.0,10,0.18285469710826874,accept,0,0,0,0,0,0,0,0,0,0
fake_front,clean+shift,34,2,MultiPeerObjectGuard,1,10,1,1.0,10,0.18285469710826874,object_quarantine,1,1,1,0,0,0,0,0,0,0
fake_front,clean+shift,34,3,EgoOnly,0,10,1,0.9,9,0.15129223465919495,,0,0,0,0,0,0,0,0,0,0
fake_front,clean+shift,34,3,CleanCoop,0,10,1,0.9,9,0.1829632967710495,,0,0,0,0,0,0,0,0,0,0
fake_front,clean+shift,34,3,PrimaryRaw,1,10,1,1.0,10,0.1829632967710495,,0,0,0,0,0,0,0,0,0,0
fake_front,clean+shift,34,3,PrimaryTrustCalib,1,10,1,1.0,10,0.1829632967710495,accept,0,0,0,0,0,0,0,0,0,0
fake_front,clean+shift,34,3,MultiPeerObjectGuard,1,10,1,1.0,10,0.1829632967710495,accept,0,1,0,0,0,0,0,0,0,0
fake_front,clean+shift,34,4,EgoOnly,0,10,1,0.9,9,0.15103542804718018,,0,0,0,0,0,0,0,0,0,0
fake_front,clean+shift,34,4,CleanCoop,0,10,1,0.9,9,0.18340522050857544,,0,0,0,0,0,0,0,0,0,0
fake_front,clean+shift,34,4,PrimaryRaw,1,10,1,1.0,10,0.18340522050857544,,0,0,0,0,0,0,0,0,0,0
fake_front,clean+shift,34,4,PrimaryTrustCalib,1,10,1,1.0,10,0.18340522050857544,accept,0,0,0,0,0,0,0,0,0,0
fake_front,clean+shift,34,4,MultiPeerObjectGuard,1,10,1,1.0,10,0.18340522050857544,accept,0,1,0,0,0,0,0,0,0,0
fake_front,clean+shift,34,5,EgoOnly,1,10,1,1.0,10,0.15138301253318787,,0,0,0,0,0,0,0,0,0,0
fake_front,clean+shift,34,5,CleanCoop,1,10,1,1.0,10,0.1837354600429535,,0,0,0,0,0,0,0,0,0,0
fake_front,clean+shift,34,5,PrimaryRaw,0,10,1,1.0,10,0.1837354600429535,,0,0,0,0,0,0,0,0,0,0
fake_front,clean+shift,34,5,PrimaryTrustCalib,0,10,1,1.0,10,0.1837354600429535,accept,0,0,0,0,0,0,0,0,0,0
fake_front,clean+shift,34,5,MultiPeerObjectGuard,0,10,1,1.0,10,0.1837354600429535,accept,0,1,0,0,0,0,0,0,0,0
fake_front,clean+shift,34,6,EgoOnly,1,10,1,0.9,9,0.17250768840312958,,0,0,0,0,0,0,0,0,0,0
fake_front,clean+shift,34,6,CleanCoop,1,10,1,0.9,9,0.19167080521583557,,0,0,0,0,0,0,0,0,0,0
fake_front,clean+shift,34,6,PrimaryRaw,0,10,1,1.0,10,0.19167080521583557,,0,0,0,0,0,0,0,0,0,0
fake_front,clean+shift,34,6,PrimaryTrustCalib,0,10,1,1.0,10,0.19167080521583557,accept,0,0,0,0,0,0,0,0,0,0
fake_front,clean+shift,34,6,MultiPeerObjectGuard,0,10,1,1.0,10,0.19167080521583557,accept,0,1,0,0,0,0,0,0,0,0
fake_front,clean+shift,34,7,EgoOnly,1,10,1,0.9,9,0.18356932699680328,,0,0,0,0,0,0,0,0,0,0
fake_front,clean+shift,34,7,CleanCoop,1,10,1,0.9,9,0.19738157093524933,,0,0,0,0,0,0,0,0,0,0
fake_front,clean+shift,34,7,PrimaryRaw,0,10,1,1.0,10,0.19738157093524933,,0,0,0,0,0,0,0,0,0,0
fake_front,clean+shift,34,7,PrimaryTrustCalib,0,10,1,1.0,10,0.19738157093524933,accept,0,0,0,0,0,0,0,0,0,0
fake_front,clean+shift,34,7,MultiPeerObjectGuard,0,10,1,1.0,10,0.19738157093524933,accept,0,1,0,0,0,0,0,0,0,0
fake_front,clean+shift,34,8,EgoOnly,1,10,1,0.9,9,0.18531106412410736,,0,0,0,0,0,0,0,0,0,0
fake_front,clean+shift,34,8,CleanCoop,1,10,1,0.9,9,0.2026532143354416,,0,0,0,0,0,0,0,0,0,0
fake_front,clean+shift,34,8,PrimaryRaw,1,10,1,1.0,10,0.2026532143354416,,0,0,0,0,0,0,0,0,0,0
fake_front,clean+shift,34,8,PrimaryTrustCalib,1,10,1,1.0,10,0.2026532143354416,accept,0,0,0,0,0,0,0,0,0,0
fake_front,clean+shift,34,8,MultiPeerObjectGuard,1,10,1,1.0,10,0.2026532143354416,accept,0,1,0,0,0,0,0,0,0,0
fake_front,clean+shift,34,9,EgoOnly,0,10,1,0.2,2,0.21439777314662933,,0,0,0,0,0,0,0,0,0,0
fake_front,clean+shift,34,9,CleanCoop,0,10,1,0.2,2,0.21873773634433746,,0,0,0,0,0,0,0,0,0,0
fake_front,clean+shift,34,9,PrimaryRaw,1,10,1,1.0,10,0.21873773634433746,,0,0,0,0,0,0,0,0,0,0
fake_front,clean+shift,34,9,PrimaryTrustCalib,1,10,1,1.0,10,0.21873773634433746,accept,0,0,0,0,0,0,0,0,0,0
fake_front,clean+shift,34,9,MultiPeerObjectGuard,0,10,1,0.2,2,0.21873773634433746,object_quarantine,1,1,1,0,0,0,0,0,0,0
fake_front,clean+shift,34,10,EgoOnly,0,10,1,0.2,2,0.2550045847892761,,0,0,0,0,0,0,0,0,0,0
fake_front,clean+shift,34,10,CleanCoop,0,10,1,0.2,2,0.24851664900779724,,0,0,0,0,0,0,0,0,0,0
fake_front,clean+shift,34,10,PrimaryRaw,1,10,1,1.0,10,0.24851664900779724,,0,0,0,0,0,0,0,0,0,0
fake_front,clean+shift,34,10,PrimaryTrustCalib,1,10,1,1.0,10,0.24851664900779724,accept,0,0,0,0,0,0,0,0,0,0
fake_front,clean+shift,34,10,MultiPeerObjectGuard,0,10,1,0.2,2,0.24851664900779724,object_quarantine,1,1,1,0,0,0,0,0,0,0
fake_front,clean+shift,34,11,EgoOnly,0,10,1,0.2,2,0.26471155881881714,,0,0,0,0,0,0,0,0,0,0
fake_front,clean+shift,34,11,CleanCoop,0,10,1,0.2,2,0.25425752997398376,,0,0,0,0,0,0,0,0,0,0
fake_front,clean+shift,34,11,PrimaryRaw,1,10,1,1.0,10,0.25425752997398376,,0,0,0,0,0,0,0,0,0,0
fake_front,clean+shift,34,11,PrimaryTrustCalib,1,10,1,1.0,10,0.25425752997398376,accept,0,0,0,0,0,0,0,0,0,0
fake_front,clean+shift,34,11,MultiPeerObjectGuard,0,10,1,0.2,2,0.25425752997398376,object_quarantine,1,1,1,0,0,0,0,0,0,0
fake_front,clean+shift,34,12,EgoOnly,0,10,1,0.2,2,0.27318158745765686,,0,0,0,0,0,0,0,0,0,0
fake_front,clean+shift,34,12,CleanCoop,0,10,1,0.2,2,0.26674360036849976,,0,0,0,0,0,0,0,0,0,0
fake_front,clean+shift,34,12,PrimaryRaw,0,10,1,1.0,10,0.26674360036849976,,0,0,0,0,0,0,0,0,0,0
fake_front,clean+shift,34,12,PrimaryTrustCalib,0,10,1,1.0,10,0.26674360036849976,accept,0,0,0,0,0,0,0,0,0,0
fake_front,clean+shift,34,12,MultiPeerObjectGuard,0,10,1,0.2,2,0.26674360036849976,object_quarantine,1,1,1,0,0,0,0,0,0,0
fake_front,clean+shift,34,13,EgoOnly,0,10,1,0.2,2,0.2503901422023773,,0,0,0,0,0,0,0,0,0,0
fake_front,clean+shift,34,13,CleanCoop,0,10,1,0.2,2,0.2503901422023773,,0,0,0,0,0,0,0,0,0,0
fake_front,clean+shift,34,13,PrimaryRaw,1,10,1,1.0,10,0.2503901422023773,,0,0,0,0,0,0,0,0,0,0
fake_front,clean+shift,34,13,PrimaryTrustCalib,1,10,1,1.0,10,0.2503901422023773,accept,0,0,0,0,0,0,0,0,0,0
fake_front,clean+shift,34,13,MultiPeerObjectGuard,0,10,1,0.2,2,0.2503901422023773,object_quarantine,1,1,1,0,0,0,0,0,0,0
fake_front,clean+shift,34,14,EgoOnly,0,10,1,0.3,3,0.284663587808609,,0,0,0,0,0,0,0,0,0,0
fake_front,clean+shift,34,14,CleanCoop,0,10,1,0.3,3,0.284663587808609,,0,0,0,0,0,0,0,0,0,0
fake_front,clean+shift,34,14,PrimaryRaw,0,10,1,1.0,10,0.284663587808609,,0,0,0,0,0,0,0,0,0,0
fake_front,clean+shift,34,14,PrimaryTrustCalib,0,10,1,1.0,10,0.284663587808609,accept,0,0,0,0,0,0,0,0,0,0
fake_front,clean+shift,34,14,MultiPeerObjectGuard,0,10,1,0.3,3,0.284663587808609,object_quarantine,1,1,1,0,0,0,0,0,0,0
fake_front,clean+shift,34,15,EgoOnly,0,10,1,0.3,3,0.27447623014450073,,0,0,0,0,0,0,0,0,0,0
fake_front,clean+shift,34,15,CleanCoop,0,10,1,0.3,3,0.24662719666957855,,0,0,0,0,0,0,0,0,0,0
fake_front,clean+shift,34,15,PrimaryRaw,0,10,1,1.0,10,0.24662719666957855,,0,0,0,0,0,0,0,0,0,0
fake_front,clean+shift,34,15,PrimaryTrustCalib,0,10,1,1.0,10,0.24662719666957855,accept,0,0,0,0,0,0,0,0,0,0
fake_front,clean+shift,34,15,MultiPeerObjectGuard,0,10,1,0.3,3,0.24662719666957855,object_quarantine,1,1,1,0,0,0,0,0,0,0
fake_front,clean+shift,34,16,EgoOnly,0,10,1,0.3,3,0.2713547646999359,,0,0,0,0,0,0,0,0,0,0
fake_front,clean+shift,34,16,CleanCoop,0,10,1,0.3,3,0.2623141407966614,,0,0,0,0,0,0,0,0,0,0
fake_front,clean+shift,34,16,PrimaryRaw,0,10,1,1.0,10,0.2623141407966614,,0,0,0,0,0,0,0,0,0,0
fake_front,clean+shift,34,16,PrimaryTrustCalib,0,10,1,1.0,10,0.2623141407966614,accept,0,0,0,0,0,0,0,0,0,0
fake_front,clean+shift,34,16,MultiPeerObjectGuard,0,10,1,0.3,3,0.2623141407966614,object_quarantine,1,1,1,0,0,0,0,0,0,0
fake_front,clean+shift,34,17,EgoOnly,0,10,1,0.4,4,0.285530686378479,,0,0,0,0,0,0,0,0,0,0
fake_front,clean+shift,34,17,CleanCoop,0,10,1,0.4,4,0.285530686378479,,0,0,0,0,0,0,0,0,0,0
fake_front,clean+shift,34,17,PrimaryRaw,0,10,1,1.0,10,0.285530686378479,,0,0,0,0,0,0,0,0,0,0
fake_front,clean+shift,34,17,PrimaryTrustCalib,0,10,1,1.0,10,0.285530686378479,accept,0,0,0,0,0,0,0,0,0,0
fake_front,clean+shift,34,17,MultiPeerObjectGuard,0,10,1,0.4,4,0.285530686378479,object_quarantine,1,1,1,0,0,0,0,0,0,0
fake_front,clean+shift,34,18,EgoOnly,0,10,1,0.6,6,0.297892302274704,,0,0,0,0,0,0,0,0,0,0
fake_front,clean+shift,34,18,CleanCoop,0,10,1,0.6,6,0.2958765923976898,,0,0,0,0,0,0,0,0,0,0
fake_front,clean+shift,34,18,PrimaryRaw,0,10,1,1.0,10,0.2958765923976898,,0,0,0,0,0,0,0,0,0,0
fake_front,clean+shift,34,18,PrimaryTrustCalib,0,10,1,1.0,10,0.2958765923976898,accept,0,0,0,0,0,0,0,0,0,0
fake_front,clean+shift,34,18,MultiPeerObjectGuard,0,10,1,0.6,6,0.2958765923976898,object_quarantine,1,1,1,0,0,0,0,0,0,0
fake_front,clean+shift,34,19,EgoOnly,0,10,1,0.8,8,0.35856929421424866,,0,0,0,0,0,0,0,0,0,0
fake_front,clean+shift,34,19,CleanCoop,0,10,1,0.8,8,0.35856929421424866,,0,0,0,0,0,0,0,0,0,0
fake_front,clean+shift,34,19,PrimaryRaw,0,10,1,1.0,10,0.35856929421424866,,0,0,0,0,0,0,0,0,0,0
fake_front,clean+shift,34,19,PrimaryTrustCalib,0,10,1,1.0,10,0.35856929421424866,accept,0,0,0,0,0,0,0,0,0,0
fake_front,clean+shift,34,19,MultiPeerObjectGuard,0,10,1,1.0,10,0.35856929421424866,accept,0,1,0,0,0,0,0,0,0,0
fake_front,clean+shift,39,0,EgoOnly,0,10,0,0.0,0,0.165250763297081,,0,0,0,0,0,0,0,0,0,0
fake_front,clean+shift,39,0,CleanCoop,0,10,0,0.0,0,0.11968111246824265,,0,0,0,0,0,0,0,0,0,0
fake_front,clean+shift,39,0,PrimaryRaw,0,10,1,1.0,10,0.11968111246824265,,0,0,0,0,0,0,0,0,0,0
fake_front,clean+shift,39,0,PrimaryTrustCalib,0,10,1,1.0,10,0.11968111246824265,accept,0,0,0,0,0,0,0,0,0,0
fake_front,clean+shift,39,0,MultiPeerObjectGuard,0,10,0,0.0,0,0.11968111246824265,object_quarantine,1,1,1,0,0,0,0,0,0,0
fake_front,clean+shift,39,1,EgoOnly,0,10,0,0.0,0,0.12124867737293243,,0,0,0,0,0,0,0,0,0,0
fake_front,clean+shift,39,1,CleanCoop,0,10,0,0.0,0,0.1196758821606636,,0,0,0,0,0,0,0,0,0,0
fake_front,clean+shift,39,1,PrimaryRaw,0,10,1,1.0,10,0.1196758821606636,,0,0,0,0,0,0,0,0,0,0
fake_front,clean+shift,39,1,PrimaryTrustCalib,0,10,1,1.0,10,0.1196758821606636,accept,0,0,0,0,0,0,0,0,0,0
fake_front,clean+shift,39,1,MultiPeerObjectGuard,0,10,0,0.0,0,0.1196758821606636,object_quarantine,1,1,1,0,0,0,0,0,0,0
fake_front,clean+shift,39,2,EgoOnly,0,10,0,0.0,0,0.1398165076971054,,0,0,0,0,0,0,0,0,0,0
fake_front,clean+shift,39,2,CleanCoop,0,10,0,0.0,0,0.11993835866451263,,0,0,0,0,0,0,0,0,0,0
fake_front,clean+shift,39,2,PrimaryRaw,0,10,1,1.0,10,0.11993835866451263,,0,0,0,0,0,0,0,0,0,0
fake_front,clean+shift,39,2,PrimaryTrustCalib,0,10,1,1.0,10,0.11993835866451263,accept,0,0,0,0,0,0,0,0,0,0
fake_front,clean+shift,39,2,MultiPeerObjectGuard,0,10,0,0.0,0,0.11993835866451263,object_quarantine,1,1,1,0,0,0,0,0,0,0
fake_front,clean+shift,39,3,EgoOnly,0,10,0,0.0,0,0.1401793509721756,,0,0,0,0,0,0,0,0,0,0
fake_front,clean+shift,39,3,CleanCoop,0,10,0,0.0,0,0.12003188580274582,,0,0,0,0,0,0,0,0,0,0
fake_front,clean+shift,39,3,PrimaryRaw,0,10,1,1.0,10,0.12003188580274582,,0,0,0,0,0,0,0,0,0,0
fake_front,clean+shift,39,3,PrimaryTrustCalib,0,10,1,1.0,10,0.12003188580274582,accept,0,0,0,0,0,0,0,0,0,0
fake_front,clean+shift,39,3,MultiPeerObjectGuard,0,10,0,0.0,0,0.12003188580274582,object_quarantine,1,1,1,0,0,0,0,0,0,0
fake_front,clean+shift,39,4,EgoOnly,0,10,0,0.0,0,0.14111833274364471,,0,0,0,0,0,0,0,0,0,0
fake_front,clean+shift,39,4,CleanCoop,0,10,0,0.0,0,0.12049298733472824,,0,0,0,0,0,0,0,0,0,0
fake_front,clean+shift,39,4,PrimaryRaw,0,10,1,1.0,10,0.12049298733472824,,0,0,0,0,0,0,0,0,0,0
fake_front,clean+shift,39,4,PrimaryTrustCalib,0,10,1,1.0,10,0.12049298733472824,accept,0,0,0,0,0,0,0,0,0,0
fake_front,clean+shift,39,4,MultiPeerObjectGuard,0,10,0,0.0,0,0.12049298733472824,object_quarantine,1,1,1,0,0,0,0,0,0,0
fake_front,clean+shift,39,5,EgoOnly,3,10,0,0.0,0,0.14237450063228607,,0,0,0,0,0,0,0,0,0,0
fake_front,clean+shift,39,5,CleanCoop,0,10,1,1.0,10,0.11795838922262192,,0,0,0,0,0,0,0,0,0,0
fake_front,clean+shift,39,5,PrimaryRaw,2,10,1,1.0,10,0.11795838922262192,,0,0,0,0,0,0,0,0,0,0
fake_front,clean+shift,39,5,PrimaryTrustCalib,2,10,1,1.0,10,0.11795838922262192,accept,0,0,0,0,0,0,0,0,0,0
fake_front,clean+shift,39,5,MultiPeerObjectGuard,0,10,1,1.0,10,0.11795838922262192,object_quarantine,1,1,1,0,0,0,0,0,0,0
fake_front,clean+shift,39,6,EgoOnly,3,10,0,0.0,0,0.1438872367143631,,0,0,0,0,0,0,0,0,0,0
fake_front,clean+shift,39,6,CleanCoop,0,10,1,1.0,10,0.11823689937591553,,0,0,0,0,0,0,0,0,0,0
fake_front,clean+shift,39,6,PrimaryRaw,2,10,1,1.0,10,0.11823689937591553,,0,0,0,0,0,0,0,0,0,0
fake_front,clean+shift,39,6,PrimaryTrustCalib,2,10,1,1.0,10,0.11823689937591553,accept,0,0,0,0,0,0,0,0,0,0
fake_front,clean+shift,39,6,MultiPeerObjectGuard,0,10,1,1.0,10,0.11823689937591553,object_quarantine,1,1,1,0,0,0,0,0,0,0
fake_front,clean+shift,39,7,EgoOnly,3,10,0,0.0,0,0.13964109122753143,,0,0,0,0,0,0,0,0,0,0
fake_front,clean+shift,39,7,CleanCoop,0,10,1,1.0,10,0.11940904706716537,,0,0,0,0,0,0,0,0,0,0
fake_front,clean+shift,39,7,PrimaryRaw,2,10,1,1.0,10,0.11940904706716537,,0,0,0,0,0,0,0,0,0,0
fake_front,clean+shift,39,7,PrimaryTrustCalib,2,10,1,1.0,10,0.11940904706716537,accept,0,0,0,0,0,0,0,0,0,0
fake_front,clean+shift,39,7,MultiPeerObjectGuard,0,10,1,1.0,10,0.11940904706716537,object_quarantine,1,1,1,0,0,0,0,0,0,0
fake_front,clean+shift,39,8,EgoOnly,3,10,0,0.0,0,0.1395658254623413,,0,0,0,0,0,0,0,0,0,0
fake_front,clean+shift,39,8,CleanCoop,0,10,1,1.0,10,0.12176249921321869,,0,0,0,0,0,0,0,0,0,0
fake_front,clean+shift,39,8,PrimaryRaw,2,10,1,1.0,10,0.12176249921321869,,0,0,0,0,0,0,0,0,0,0
fake_front,clean+shift,39,8,PrimaryTrustCalib,2,10,1,1.0,10,0.12176249921321869,accept,0,0,0,0,0,0,0,0,0,0
fake_front,clean+shift,39,8,MultiPeerObjectGuard,0,10,1,1.0,10,0.12176249921321869,object_quarantine,1,1,1,0,0,0,0,0,0,0
fake_front,clean+shift,39,9,EgoOnly,3,10,0,0.0,0,0.13968580961227417,,0,0,0,0,0,0,0,0,0,0
fake_front,clean+shift,39,9,CleanCoop,0,10,1,1.0,10,0.12028192728757858,,0,0,0,0,0,0,0,0,0,0
fake_front,clean+shift,39,9,PrimaryRaw,2,10,1,1.0,10,0.12028192728757858,,0,0,0,0,0,0,0,0,0,0
fake_front,clean+shift,39,9,PrimaryTrustCalib,2,10,1,1.0,10,0.12028192728757858,accept,0,0,0,0,0,0,0,0,0,0
fake_front,clean+shift,39,9,MultiPeerObjectGuard,0,10,1,1.0,10,0.12028192728757858,object_quarantine,1,1,1,0,0,0,0,0,0,0
fake_front,clean+shift,39,10,EgoOnly,3,10,0,0.0,0,0.1410968154668808,,0,0,0,0,0,0,0,0,0,0
fake_front,clean+shift,39,10,CleanCoop,0,10,1,1.0,10,0.12170831114053726,,0,0,0,0,0,0,0,0,0,0
fake_front,clean+shift,39,10,PrimaryRaw,2,10,1,1.0,10,0.12170831114053726,,0,0,0,0,0,0,0,0,0,0
fake_front,clean+shift,39,10,PrimaryTrustCalib,2,10,1,1.0,10,0.12170831114053726,accept,0,0,0,0,0,0,0,0,0,0
fake_front,clean+shift,39,10,MultiPeerObjectGuard,0,10,1,1.0,10,0.12170831114053726,object_quarantine,1,1,1,0,0,0,0,0,0,0
fake_front,clean+shift,39,11,EgoOnly,3,10,0,0.0,0,0.14884419739246368,,0,0,0,0,0,0,0,0,0,0
fake_front,clean+shift,39,11,CleanCoop,0,10,1,1.0,10,0.12265768647193909,,0,0,0,0,0,0,0,0,0,0
fake_front,clean+shift,39,11,PrimaryRaw,2,10,1,1.0,10,0.12265768647193909,,0,0,0,0,0,0,0,0,0,0
fake_front,clean+shift,39,11,PrimaryTrustCalib,2,10,1,1.0,10,0.12265768647193909,accept,0,0,0,0,0,0,0,0,0,0
fake_front,clean+shift,39,11,MultiPeerObjectGuard,0,10,1,1.0,10,0.12265768647193909,object_quarantine,1,1,1,0,0,0,0,0,0,0
fake_front,clean+shift,39,12,EgoOnly,3,10,0,0.0,0,0.14912186563014984,,0,0,0,0,0,0,0,0,0,0
fake_front,clean+shift,39,12,CleanCoop,0,10,1,1.0,10,0.12323574721813202,,0,0,0,0,0,0,0,0,0,0
fake_front,clean+shift,39,12,PrimaryRaw,2,10,1,1.0,10,0.12323574721813202,,0,0,0,0,0,0,0,0,0,0
fake_front,clean+shift,39,12,PrimaryTrustCalib,2,10,1,1.0,10,0.12323574721813202,accept,0,0,0,0,0,0,0,0,0,0
fake_front,clean+shift,39,12,MultiPeerObjectGuard,0,10,1,1.0,10,0.12323574721813202,object_quarantine,1,1,1,0,0,0,0,0,0,0
fake_front,clean+shift,39,13,EgoOnly,3,10,0,0.0,0,0.15101729333400726,,0,0,0,0,0,0,0,0,0,0
fake_front,clean+shift,39,13,CleanCoop,0,10,1,1.0,10,0.12343184649944305,,0,0,0,0,0,0,0,0,0,0
fake_front,clean+shift,39,13,PrimaryRaw,2,10,1,1.0,10,0.12343184649944305,,0,0,0,0,0,0,0,0,0,0
fake_front,clean+shift,39,13,PrimaryTrustCalib,2,10,1,1.0,10,0.12343184649944305,accept,0,0,0,0,0,0,0,0,0,0
fake_front,clean+shift,39,13,MultiPeerObjectGuard,0,10,1,1.0,10,0.12343184649944305,object_quarantine,1,1,1,0,0,0,0,0,0,0
fake_front,clean+shift,39,14,EgoOnly,3,10,0,0.0,0,0.1552271842956543,,0,0,0,0,0,0,0,0,0,0
fake_front,clean+shift,39,14,CleanCoop,0,10,1,1.0,10,0.12369530647993088,,0,0,0,0,0,0,0,0,0,0
fake_front,clean+shift,39,14,PrimaryRaw,2,10,1,1.0,10,0.12369530647993088,,0,0,0,0,0,0,0,0,0,0
fake_front,clean+shift,39,14,PrimaryTrustCalib,2,10,1,1.0,10,0.12369530647993088,accept,0,0,0,0,0,0,0,0,0,0
fake_front,clean+shift,39,14,MultiPeerObjectGuard,0,10,1,1.0,10,0.12369530647993088,object_quarantine,1,1,1,0,0,0,0,0,0,0
fake_front,clean+shift,39,15,EgoOnly,3,10,0,0.0,0,0.17376984655857086,,0,0,0,0,0,0,0,0,0,0
fake_front,clean+shift,39,15,CleanCoop,0,10,1,1.0,10,0.1433468461036682,,0,0,0,0,0,0,0,0,0,0
fake_front,clean+shift,39,15,PrimaryRaw,2,10,1,1.0,10,0.1433468461036682,,0,0,0,0,0,0,0,0,0,0
fake_front,clean+shift,39,15,PrimaryTrustCalib,2,10,1,1.0,10,0.1433468461036682,accept,0,0,0,0,0,0,0,0,0,0
fake_front,clean+shift,39,15,MultiPeerObjectGuard,0,10,1,1.0,10,0.1433468461036682,object_quarantine,1,1,1,0,0,0,0,0,0,0
fake_front,clean+shift,39,16,EgoOnly,3,10,0,0.0,0,0.14450015127658844,,0,0,0,0,0,0,0,0,0,0
fake_front,clean+shift,39,16,CleanCoop,0,10,1,1.0,10,0.13833901286125183,,0,0,0,0,0,0,0,0,0,0
fake_front,clean+shift,39,16,PrimaryRaw,2,10,1,1.0,10,0.13833901286125183,,0,0,0,0,0,0,0,0,0,0
fake_front,clean+shift,39,16,PrimaryTrustCalib,2,10,1,1.0,10,0.13833901286125183,accept,0,0,0,0,0,0,0,0,0,0
fake_front,clean+shift,39,16,MultiPeerObjectGuard,0,10,1,1.0,10,0.13833901286125183,object_quarantine,1,1,1,0,0,0,0,0,0,0
fake_front,clean+shift,39,17,EgoOnly,3,10,0,0.0,0,0.17458854615688324,,0,0,0,0,0,0,0,0,0,0
fake_front,clean+shift,39,17,CleanCoop,0,10,1,1.0,10,0.1466900259256363,,0,0,0,0,0,0,0,0,0,0
fake_front,clean+shift,39,17,PrimaryRaw,2,10,1,1.0,10,0.1466900259256363,,0,0,0,0,0,0,0,0,0,0
fake_front,clean+shift,39,17,PrimaryTrustCalib,2,10,1,1.0,10,0.1466900259256363,accept,0,0,0,0,0,0,0,0,0,0
fake_front,clean+shift,39,17,MultiPeerObjectGuard,0,10,1,1.0,10,0.1466900259256363,object_quarantine,1,1,1,0,0,0,0,0,0,0
fake_front,clean+shift,39,18,EgoOnly,3,10,0,0.0,0,0.16254965960979462,,0,0,0,0,0,0,0,0,0,0
fake_front,clean+shift,39,18,CleanCoop,0,10,1,1.0,10,0.13366782665252686,,0,0,0,0,0,0,0,0,0,0
fake_front,clean+shift,39,18,PrimaryRaw,2,10,1,1.0,10,0.13366782665252686,,0,0,0,0,0,0,0,0,0,0
fake_front,clean+shift,39,18,PrimaryTrustCalib,2,10,1,1.0,10,0.13366782665252686,accept,0,0,0,0,0,0,0,0,0,0
fake_front,clean+shift,39,18,MultiPeerObjectGuard,0,10,1,1.0,10,0.13366782665252686,object_quarantine,1,1,1,0,0,0,0,0,0,0
fake_front,clean+shift,39,19,EgoOnly,3,10,0,0.0,0,0.1660938709974289,,0,0,0,0,0,0,0,0,0,0
fake_front,clean+shift,39,19,CleanCoop,0,10,1,1.0,10,0.126437246799469,,0,0,0,0,0,0,0,0,0,0
fake_front,clean+shift,39,19,PrimaryRaw,2,10,1,1.0,10,0.126437246799469,,0,0,0,0,0,0,0,0,0,0
fake_front,clean+shift,39,19,PrimaryTrustCalib,2,10,1,1.0,10,0.126437246799469,accept,0,0,0,0,0,0,0,0,0,0
fake_front,clean+shift,39,19,MultiPeerObjectGuard,0,10,1,1.0,10,0.126437246799469,object_quarantine,1,1,1,0,0,0,0,0,0,0
fake_front,clean+shift,41,0,EgoOnly,0,10,1,0.6,6,0.21061211824417114,,0,0,0,0,0,0,0,0,0,0
fake_front,clean+shift,41,0,CleanCoop,0,10,1,0.6,6,0.25231608748435974,,0,0,0,0,0,0,0,0,0,0
fake_front,clean+shift,41,0,PrimaryRaw,0,10,1,0.8,8,0.25231608748435974,,0,0,0,0,0,0,0,0,0,0
fake_front,clean+shift,41,0,PrimaryTrustCalib,0,10,1,0.8,8,0.25231608748435974,accept,0,0,0,0,0,0,0,0,0,0
fake_front,clean+shift,41,0,MultiPeerObjectGuard,0,10,1,0.8,8,0.25231608748435974,accept,0,1,0,0,0,0,0,0,0,0
fake_front,clean+shift,41,1,EgoOnly,0,10,1,0.6,6,0.21239423751831055,,0,0,0,0,0,0,0,0,0,0
fake_front,clean+shift,41,1,CleanCoop,0,10,1,0.6,6,0.2534995973110199,,0,0,0,0,0,0,0,0,0,0
fake_front,clean+shift,41,1,PrimaryRaw,0,10,1,0.7,7,0.2534995973110199,,0,0,0,0,0,0,0,0,0,0
fake_front,clean+shift,41,1,PrimaryTrustCalib,0,10,1,0.7,7,0.2534995973110199,accept,0,0,0,0,0,0,0,0,0,0
fake_front,clean+shift,41,1,MultiPeerObjectGuard,0,10,1,0.7,7,0.2534995973110199,accept,0,1,0,0,0,0,0,0,0,0
fake_front,clean+shift,41,2,EgoOnly,0,10,1,0.7,7,0.21460728347301483,,0,0,0,0,0,0,0,0,0,0
fake_front,clean+shift,41,2,CleanCoop,0,10,1,0.7,7,0.25581666827201843,,0,0,0,0,0,0,0,0,0,0
fake_front,clean+shift,41,2,PrimaryRaw,0,10,1,0.7,7,0.25581666827201843,,0,0,0,0,0,0,0,0,0,0
fake_front,clean+shift,41,2,PrimaryTrustCalib,0,10,1,0.7,7,0.25581666827201843,accept,0,0,0,0,0,0,0,0,0,0
fake_front,clean+shift,41,2,MultiPeerObjectGuard,0,10,1,0.7,7,0.25581666827201843,accept,0,1,0,0,0,0,0,0,0,0
fake_front,clean+shift,41,3,EgoOnly,0,10,1,0.7,7,0.21209533512592316,,0,0,0,0,0,0,0,0,0,0
fake_front,clean+shift,41,3,CleanCoop,0,10,1,0.7,7,0.25365039706230164,,0,0,0,0,0,0,0,0,0,0
fake_front,clean+shift,41,3,PrimaryRaw,0,10,1,0.9,9,0.25365039706230164,,0,0,0,0,0,0,0,0,0,0
fake_front,clean+shift,41,3,PrimaryTrustCalib,0,10,1,0.9,9,0.25365039706230164,accept,0,0,0,0,0,0,0,0,0,0
fake_front,clean+shift,41,3,MultiPeerObjectGuard,0,10,1,0.9,9,0.25365039706230164,accept,0,1,0,0,0,0,0,0,0,0
fake_front,clean+shift,41,4,EgoOnly,0,10,1,0.7,7,0.21975192427635193,,0,0,0,0,0,0,0,0,0,0
fake_front,clean+shift,41,4,CleanCoop,0,10,1,0.7,7,0.21754738688468933,,0,0,0,0,0,0,0,0,0,0
fake_front,clean+shift,41,4,PrimaryRaw,0,10,1,1.0,10,0.21754738688468933,,0,0,0,0,0,0,0,0,0,0
fake_front,clean+shift,41,4,PrimaryTrustCalib,0,10,1,1.0,10,0.21754738688468933,accept,0,0,0,0,0,0,0,0,0,0
fake_front,clean+shift,41,4,MultiPeerObjectGuard,0,10,1,0.7,7,0.21754738688468933,object_quarantine,1,1,1,0,0,0,0,0,0,0
fake_front,clean+shift,41,5,EgoOnly,0,10,1,0.1,1,0.2183321863412857,,0,0,0,0,0,0,0,0,0,0
fake_front,clean+shift,41,5,CleanCoop,0,10,1,0.1,1,0.34743985533714294,,0,0,0,0,0,0,0,0,0,0
fake_front,clean+shift,41,5,PrimaryRaw,0,10,1,0.6,6,0.34743985533714294,,0,0,0,0,0,0,0,0,0,0
fake_front,clean+shift,41,5,PrimaryTrustCalib,0,10,1,0.6,6,0.34743985533714294,accept,0,0,0,0,0,0,0,0,0,0
fake_front,clean+shift,41,5,MultiPeerObjectGuard,0,10,1,0.1,1,0.34743985533714294,object_quarantine,1,1,1,0,0,0,0,0,0,0
fake_front,clean+shift,41,6,EgoOnly,0,10,1,0.2,2,0.17910568416118622,,0,0,0,0,0,0,0,0,0,0
fake_front,clean+shift,41,6,CleanCoop,0,10,1,0.2,2,0.31126219034194946,,0,0,0,0,0,0,0,0,0,0
fake_front,clean+shift,41,6,PrimaryRaw,0,10,1,0.7,7,0.31126219034194946,,0,0,0,0,0,0,0,0,0,0
fake_front,clean+shift,41,6,PrimaryTrustCalib,0,10,1,0.7,7,0.31126219034194946,accept,0,0,0,0,0,0,0,0,0,0
fake_front,clean+shift,41,6,MultiPeerObjectGuard,0,10,1,0.2,2,0.31126219034194946,object_quarantine,1,1,1,0,0,0,0,0,0,0
fake_front,clean+shift,41,7,EgoOnly,0,10,1,0.2,2,0.2224920690059662,,0,0,0,0,0,0,0,0,0,0
fake_front,clean+shift,41,7,CleanCoop,0,10,1,0.2,2,0.2464735209941864,,0,0,0,0,0,0,0,0,0,0
fake_front,clean+shift,41,7,PrimaryRaw,0,10,1,0.7,7,0.2464735209941864,,0,0,0,0,0,0,0,0,0,0
fake_front,clean+shift,41,7,PrimaryTrustCalib,0,10,1,0.7,7,0.2464735209941864,accept,0,0,0,0,0,0,0,0,0,0
fake_front,clean+shift,41,7,MultiPeerObjectGuard,0,10,1,0.2,2,0.2464735209941864,object_quarantine,1,1,1,0,0,0,0,0,0,0
fake_front,clean+shift,41,8,EgoOnly,0,10,1,0.2,2,0.1819668710231781,,0,0,0,0,0,0,0,0,0,0
fake_front,clean+shift,41,8,CleanCoop,0,10,1,0.2,2,0.2632468640804291,,0,0,0,0,0,0,0,0,0,0
fake_front,clean+shift,41,8,PrimaryRaw,0,10,1,0.7,7,0.2632468640804291,,0,0,0,0,0,0,0,0,0,0
fake_front,clean+shift,41,8,PrimaryTrustCalib,0,10,1,0.7,7,0.2632468640804291,accept,0,0,0,0,0,0,0,0,0,0
fake_front,clean+shift,41,8,MultiPeerObjectGuard,0,10,1,0.2,2,0.2632468640804291,object_quarantine,1,1,1,0,0,0,0,0,0,0
fake_front,clean+shift,41,9,EgoOnly,0,10,1,0.3,3,0.2330506592988968,,0,0,0,0,0,0,0,0,0,0
fake_front,clean+shift,41,9,CleanCoop,0,10,1,0.3,3,0.33205291628837585,,0,0,0,0,0,0,0,0,0,0
fake_front,clean+shift,41,9,PrimaryRaw,0,10,1,0.8,8,0.33205291628837585,,0,0,0,0,0,0,0,0,0,0
fake_front,clean+shift,41,9,PrimaryTrustCalib,0,10,1,0.8,8,0.33205291628837585,accept,0,0,0,0,0,0,0,0,0,0
fake_front,clean+shift,41,9,MultiPeerObjectGuard,0,10,1,0.3,3,0.33205291628837585,object_quarantine,1,1,1,0,0,0,0,0,0,0
fake_front,clean+shift,41,10,EgoOnly,0,10,1,0.3,3,0.23846672475337982,,0,0,0,0,0,0,0,0,0,0
fake_front,clean+shift,41,10,CleanCoop,0,10,1,0.3,3,0.24583488702774048,,0,0,0,0,0,0,0,0,0,0
fake_front,clean+shift,41,10,PrimaryRaw,0,10,1,0.8,8,0.24583488702774048,,0,0,0,0,0,0,0,0,0,0
fake_front,clean+shift,41,10,PrimaryTrustCalib,0,10,1,0.8,8,0.24583488702774048,accept,0,0,0,0,0,0,0,0,0,0
fake_front,clean+shift,41,10,MultiPeerObjectGuard,0,10,1,0.3,3,0.24583488702774048,object_quarantine,1,1,1,0,0,0,0,0,0,0
fake_front,clean+shift,41,11,EgoOnly,0,10,1,0.2,2,0.23785129189491272,,0,0,0,0,0,0,0,0,0,0
fake_front,clean+shift,41,11,CleanCoop,0,10,1,0.2,2,0.24726271629333496,,0,0,0,0,0,0,0,0,0,0
fake_front,clean+shift,41,11,PrimaryRaw,0,10,1,0.5,5,0.24726271629333496,,0,0,0,0,0,0,0,0,0,0
fake_front,clean+shift,41,11,PrimaryTrustCalib,0,10,1,0.5,5,0.24726271629333496,accept,0,0,0,0,0,0,0,0,0,0
fake_front,clean+shift,41,11,MultiPeerObjectGuard,0,10,1,0.2,2,0.24726271629333496,object_quarantine,1,1,1,0,0,0,0,0,0,0
fake_front,clean+shift,41,12,EgoOnly,0,10,1,0.1,1,0.19750264286994934,,0,0,0,0,0,0,0,0,0,0
fake_front,clean+shift,41,12,CleanCoop,0,10,1,0.1,1,0.2769598364830017,,0,0,0,0,0,0,0,0,0,0
fake_front,clean+shift,41,12,PrimaryRaw,0,10,1,0.3,3,0.2769598364830017,,0,0,0,0,0,0,0,0,0,0
fake_front,clean+shift,41,12,PrimaryTrustCalib,0,10,1,0.3,3,0.2769598364830017,accept,0,0,0,0,0,0,0,0,0,0
fake_front,clean+shift,41,12,MultiPeerObjectGuard,0,10,1,0.3,3,0.2769598364830017,accept,0,1,0,0,0,0,0,0,0,0
fake_front,clean+shift,41,13,EgoOnly,0,10,1,0.1,1,0.2156437188386917,,0,0,0,0,0,0,0,0,0,0
fake_front,clean+shift,41,13,CleanCoop,0,10,1,0.1,1,0.288473516702652,,0,0,0,0,0,0,0,0,0,0
fake_front,clean+shift,41,13,PrimaryRaw,0,10,1,0.3,3,0.288473516702652,,0,0,0,0,0,0,0,0,0,0
fake_front,clean+shift,41,13,PrimaryTrustCalib,0,10,1,0.3,3,0.288473516702652,accept,0,0,0,0,0,0,0,0,0,0
fake_front,clean+shift,41,13,MultiPeerObjectGuard,0,10,1,0.3,3,0.288473516702652,accept,0,1,0,0,0,0,0,0,0,0
fake_front,clean+shift,41,14,EgoOnly,0,10,1,0.2,2,0.1952163428068161,,0,0,0,0,0,0,0,0,0,0
fake_front,clean+shift,41,14,CleanCoop,0,10,1,0.2,2,0.30043303966522217,,0,0,0,0,0,0,0,0,0,0
fake_front,clean+shift,41,14,PrimaryRaw,0,10,1,0.3,3,0.30043303966522217,,0,0,0,0,0,0,0,0,0,0
fake_front,clean+shift,41,14,PrimaryTrustCalib,0,10,1,0.3,3,0.30043303966522217,accept,0,0,0,0,0,0,0,0,0,0
fake_front,clean+shift,41,14,MultiPeerObjectGuard,0,10,1,0.3,3,0.30043303966522217,accept,0,1,0,0,0,0,0,0,0,0
fake_front,clean+shift,41,15,EgoOnly,0,10,1,0.1,1,0.178977370262146,,0,0,0,0,0,0,0,0,0,0
fake_front,clean+shift,41,15,CleanCoop,0,10,1,0.1,1,0.3085958659648895,,0,0,0,0,0,0,0,0,0,0
fake_front,clean+shift,41,15,PrimaryRaw,0,10,1,0.3,3,0.3085958659648895,,0,0,0,0,0,0,0,0,0,0
fake_front,clean+shift,41,15,PrimaryTrustCalib,0,10,1,0.3,3,0.3085958659648895,accept,0,0,0,0,0,0,0,0,0,0
fake_front,clean+shift,41,15,MultiPeerObjectGuard,0,10,1,0.3,3,0.3085958659648895,accept,0,1,0,0,0,0,0,0,0,0
fake_front,clean+shift,41,16,EgoOnly,0,10,1,0.1,1,0.19009390473365784,,0,0,0,0,0,0,0,0,0,0
fake_front,clean+shift,41,16,CleanCoop,0,10,1,0.1,1,0.3121417164802551,,0,0,0,0,0,0,0,0,0,0
fake_front,clean+shift,41,16,PrimaryRaw,0,10,1,0.4,4,0.3121417164802551,,0,0,0,0,0,0,0,0,0,0
fake_front,clean+shift,41,16,PrimaryTrustCalib,0,10,1,0.4,4,0.3121417164802551,accept,0,0,0,0,0,0,0,0,0,0
fake_front,clean+shift,41,16,MultiPeerObjectGuard,0,10,1,0.1,1,0.3121417164802551,object_quarantine,1,1,1,0,0,0,0,0,0,0
fake_front,clean+shift,41,17,EgoOnly,0,10,1,0.1,1,0.21306857466697693,,0,0,0,0,0,0,0,0,0,0
fake_front,clean+shift,41,17,CleanCoop,0,10,1,0.1,1,0.3185713589191437,,0,0,0,0,0,0,0,0,0,0
fake_front,clean+shift,41,17,PrimaryRaw,0,10,1,0.4,4,0.3185713589191437,,0,0,0,0,0,0,0,0,0,0
fake_front,clean+shift,41,17,PrimaryTrustCalib,0,10,1,0.4,4,0.3185713589191437,accept,0,0,0,0,0,0,0,0,0,0
fake_front,clean+shift,41,17,MultiPeerObjectGuard,0,10,1,0.1,1,0.3185713589191437,object_quarantine,1,1,1,0,0,0,0,0,0,0
fake_front,clean+shift,41,18,EgoOnly,0,10,0,0.0,0,0.18414363265037537,,0,0,0,0,0,0,0,0,0,0
fake_front,clean+shift,41,18,CleanCoop,0,10,1,0.1,1,0.3280959725379944,,0,0,0,0,0,0,0,0,0,0
fake_front,clean+shift,41,18,PrimaryRaw,0,10,1,0.4,4,0.3280959725379944,,0,0,0,0,0,0,0,0,0,0
fake_front,clean+shift,41,18,PrimaryTrustCalib,0,10,1,0.4,4,0.3280959725379944,accept,0,0,0,0,0,0,0,0,0,0
fake_front,clean+shift,41,18,MultiPeerObjectGuard,0,10,1,0.1,1,0.3280959725379944,object_quarantine,1,1,1,0,0,0,0,0,0,0
fake_front,clean+shift,41,19,EgoOnly,0,10,0,0.0,0,0.22757525742053986,,0,0,0,0,0,0,0,0,0,0
fake_front,clean+shift,41,19,CleanCoop,0,10,1,0.0,0,0.3315742611885071,,0,0,0,0,0,0,0,0,0,0
fake_front,clean+shift,41,19,PrimaryRaw,0,10,1,0.3,3,0.3315742611885071,,0,0,0,0,0,0,0,0,0,0
fake_front,clean+shift,41,19,PrimaryTrustCalib,0,10,1,0.3,3,0.3315742611885071,accept,0,0,0,0,0,0,0,0,0,0
fake_front,clean+shift,41,19,MultiPeerObjectGuard,0,10,1,0.0,0,0.3315742611885071,object_quarantine,1,1,1,0,0,0,0,0,0,0
fake_front,clean+shift,48,0,EgoOnly,0,10,1,0.3,3,0.1500997692346573,,0,0,0,0,0,0,0,0,0,0
fake_front,clean+shift,48,0,CleanCoop,0,10,1,0.3,3,0.15068784356117249,,0,0,0,0,0,0,0,0,0,0
fake_front,clean+shift,48,0,PrimaryRaw,0,10,1,1.0,10,0.15068784356117249,,0,0,0,0,0,0,0,0,0,0
fake_front,clean+shift,48,0,PrimaryTrustCalib,0,10,1,1.0,10,0.15068784356117249,accept,0,0,0,0,0,0,0,0,0,0
fake_front,clean+shift,48,0,MultiPeerObjectGuard,0,10,1,0.3,3,0.15068784356117249,object_quarantine,1,1,1,0,0,0,0,0,0,0
fake_front,clean+shift,48,1,EgoOnly,0,10,1,0.3,3,0.14381533861160278,,0,0,0,0,0,0,0,0,0,0
fake_front,clean+shift,48,1,CleanCoop,0,10,1,0.3,3,0.14554333686828613,,0,0,0,0,0,0,0,0,0,0
fake_front,clean+shift,48,1,PrimaryRaw,0,10,1,1.0,10,0.14554333686828613,,0,0,0,0,0,0,0,0,0,0
fake_front,clean+shift,48,1,PrimaryTrustCalib,0,10,1,1.0,10,0.14554333686828613,accept,0,0,0,0,0,0,0,0,0,0
fake_front,clean+shift,48,1,MultiPeerObjectGuard,0,10,1,0.3,3,0.14554333686828613,object_quarantine,1,1,1,0,0,0,0,0,0,0
fake_front,clean+shift,48,2,EgoOnly,0,10,1,0.3,3,0.15222841501235962,,0,0,0,0,0,0,0,0,0,0
fake_front,clean+shift,48,2,CleanCoop,0,10,1,0.3,3,0.14246758818626404,,0,0,0,0,0,0,0,0,0,0
fake_front,clean+shift,48,2,PrimaryRaw,0,10,1,1.0,10,0.14246758818626404,,0,0,0,0,0,0,0,0,0,0
fake_front,clean+shift,48,2,PrimaryTrustCalib,0,10,1,1.0,10,0.14246758818626404,accept,0,0,0,0,0,0,0,0,0,0
fake_front,clean+shift,48,2,MultiPeerObjectGuard,0,10,1,0.3,3,0.14246758818626404,object_quarantine,1,1,1,0,0,0,0,0,0,0
fake_front,clean+shift,48,3,EgoOnly,0,10,1,0.3,3,0.14789125323295593,,0,0,0,0,0,0,0,0,0,0
fake_front,clean+shift,48,3,CleanCoop,0,10,1,0.3,3,0.13624307513237,,0,0,0,0,0,0,0,0,0,0
fake_front,clean+shift,48,3,PrimaryRaw,1,10,1,1.0,10,0.13624307513237,,0,0,0,0,0,0,0,0,0,0
fake_front,clean+shift,48,3,PrimaryTrustCalib,1,10,1,1.0,10,0.13624307513237,accept,0,0,0,0,0,0,0,0,0,0
fake_front,clean+shift,48,3,MultiPeerObjectGuard,0,10,1,0.3,3,0.13624307513237,object_quarantine,1,1,1,0,0,0,0,0,0,0
fake_front,clean+shift,48,4,EgoOnly,0,10,1,0.2,2,0.13582871854305267,,0,0,0,0,0,0,0,0,0,0
fake_front,clean+shift,48,4,CleanCoop,0,10,1,0.2,2,0.12643973529338837,,0,0,0,0,0,0,0,0,0,0
fake_front,clean+shift,48,4,PrimaryRaw,1,10,1,1.0,10,0.12643973529338837,,0,0,0,0,0,0,0,0,0,0
fake_front,clean+shift,48,4,PrimaryTrustCalib,1,10,1,1.0,10,0.12643973529338837,accept,0,0,0,0,0,0,0,0,0,0
fake_front,clean+shift,48,4,MultiPeerObjectGuard,0,10,1,0.2,2,0.12643973529338837,object_quarantine,1,1,1,0,0,0,0,0,0,0
fake_front,clean+shift,48,5,EgoOnly,0,10,1,0.2,2,0.14596647024154663,,0,0,0,0,0,0,0,0,0,0
fake_front,clean+shift,48,5,CleanCoop,0,10,1,0.2,2,0.13892672955989838,,0,0,0,0,0,0,0,0,0,0
fake_front,clean+shift,48,5,PrimaryRaw,1,10,1,1.0,10,0.13892672955989838,,0,0,0,0,0,0,0,0,0,0
fake_front,clean+shift,48,5,PrimaryTrustCalib,1,10,1,1.0,10,0.13892672955989838,accept,0,0,0,0,0,0,0,0,0,0
fake_front,clean+shift,48,5,MultiPeerObjectGuard,0,10,1,0.2,2,0.13892672955989838,object_quarantine,1,1,1,0,0,0,0,0,0,0
fake_front,clean+shift,48,6,EgoOnly,0,10,1,0.1,1,0.14645522832870483,,0,0,0,0,0,0,0,0,0,0
fake_front,clean+shift,48,6,CleanCoop,0,10,1,0.1,1,0.142168790102005,,0,0,0,0,0,0,0,0,0,0
fake_front,clean+shift,48,6,PrimaryRaw,1,10,1,1.0,10,0.142168790102005,,0,0,0,0,0,0,0,0,0,0
fake_front,clean+shift,48,6,PrimaryTrustCalib,1,10,1,1.0,10,0.142168790102005,accept,0,0,0,0,0,0,0,0,0,0
fake_front,clean+shift,48,6,MultiPeerObjectGuard,0,10,1,0.1,1,0.142168790102005,object_quarantine,1,1,1,0,0,0,0,0,0,0
fake_front,clean+shift,48,7,EgoOnly,0,10,0,0.0,0,0.13075391948223114,,0,0,0,0,0,0,0,0,0,0
fake_front,clean+shift,48,7,CleanCoop,0,10,0,0.0,0,0.1438637673854828,,0,0,0,0,0,0,0,0,0,0
fake_front,clean+shift,48,7,PrimaryRaw,1,10,1,1.0,10,0.1438637673854828,,0,0,0,0,0,0,0,0,0,0
fake_front,clean+shift,48,7,PrimaryTrustCalib,1,10,1,1.0,10,0.1438637673854828,accept,0,0,0,0,0,0,0,0,0,0
fake_front,clean+shift,48,7,MultiPeerObjectGuard,0,10,0,0.0,0,0.1438637673854828,object_quarantine,1,1,1,0,0,0,0,0,0,0
fake_front,clean+shift,48,8,EgoOnly,0,10,0,0.0,0,0.12252696603536606,,0,0,0,0,0,0,0,0,0,0
fake_front,clean+shift,48,8,CleanCoop,0,10,0,0.0,0,0.13393360376358032,,0,0,0,0,0,0,0,0,0,0
fake_front,clean+shift,48,8,PrimaryRaw,0,10,1,1.0,10,0.13393360376358032,,0,0,0,0,0,0,0,0,0,0
fake_front,clean+shift,48,8,PrimaryTrustCalib,0,10,1,1.0,10,0.13393360376358032,accept,0,0,0,0,0,0,0,0,0,0
fake_front,clean+shift,48,8,MultiPeerObjectGuard,0,10,0,0.0,0,0.13393360376358032,object_quarantine,1,1,1,0,0,0,0,0,0,0
fake_front,clean+shift,48,9,EgoOnly,0,10,0,0.0,0,0.1597805917263031,,0,0,0,0,0,0,0,0,0,0
fake_front,clean+shift,48,9,CleanCoop,0,10,0,0.0,0,0.13794760406017303,,0,0,0,0,0,0,0,0,0,0
fake_front,clean+shift,48,9,PrimaryRaw,0,10,1,1.0,10,0.13794760406017303,,0,0,0,0,0,0,0,0,0,0
fake_front,clean+shift,48,9,PrimaryTrustCalib,0,10,1,1.0,10,0.13794760406017303,accept,0,0,0,0,0,0,0,0,0,0
fake_front,clean+shift,48,9,MultiPeerObjectGuard,0,10,0,0.0,0,0.13794760406017303,object_quarantine,1,1,1,0,0,0,0,0,0,0
fake_front,clean+shift,48,10,EgoOnly,0,10,0,0.0,0,0.14668256044387817,,0,0,0,0,0,0,0,0,0,0
fake_front,clean+shift,48,10,CleanCoop,0,10,0,0.0,0,0.13846179842948914,,0,0,0,0,0,0,0,0,0,0
fake_front,clean+shift,48,10,PrimaryRaw,0,10,1,1.0,10,0.13846179842948914,,0,0,0,0,0,0,0,0,0,0
fake_front,clean+shift,48,10,PrimaryTrustCalib,0,10,1,1.0,10,0.13846179842948914,accept,0,0,0,0,0,0,0,0,0,0
fake_front,clean+shift,48,10,MultiPeerObjectGuard,0,10,0,0.0,0,0.13846179842948914,object_quarantine,1,1,1,0,0,0,0,0,0,0
fake_front,clean+shift,48,11,EgoOnly,0,10,0,0.0,0,0.17090672254562378,,0,0,0,0,0,0,0,0,0,0
fake_front,clean+shift,48,11,CleanCoop,0,10,0,0.0,0,0.1416732668876648,,0,0,0,0,0,0,0,0,0,0
fake_front,clean+shift,48,11,PrimaryRaw,0,10,1,1.0,10,0.1416732668876648,,0,0,0,0,0,0,0,0,0,0
fake_front,clean+shift,48,11,PrimaryTrustCalib,0,10,1,1.0,10,0.1416732668876648,accept,0,0,0,0,0,0,0,0,0,0
fake_front,clean+shift,48,11,MultiPeerObjectGuard,0,10,0,0.0,0,0.1416732668876648,object_quarantine,1,1,1,0,0,0,0,0,0,0
fake_front,clean+shift,48,12,EgoOnly,0,10,0,0.0,0,0.1607835441827774,,0,0,0,0,0,0,0,0,0,0
fake_front,clean+shift,48,12,CleanCoop,0,10,0,0.0,0,0.1643766313791275,,0,0,0,0,0,0,0,0,0,0
fake_front,clean+shift,48,12,PrimaryRaw,0,10,1,1.0,10,0.1643766313791275,,0,0,0,0,0,0,0,0,0,0
fake_front,clean+shift,48,12,PrimaryTrustCalib,0,10,1,1.0,10,0.1643766313791275,accept,0,0,0,0,0,0,0,0,0,0
fake_front,clean+shift,48,12,MultiPeerObjectGuard,0,10,0,0.0,0,0.1643766313791275,object_quarantine,1,1,1,0,0,0,0,0,0,0
fake_front,clean+shift,48,13,EgoOnly,0,10,1,0.2,2,0.21519114077091217,,0,0,0,0,0,0,0,0,0,0
fake_front,clean+shift,48,13,CleanCoop,0,10,1,0.2,2,0.1632809042930603,,0,0,0,0,0,0,0,0,0,0
fake_front,clean+shift,48,13,PrimaryRaw,0,10,1,1.0,10,0.1632809042930603,,0,0,0,0,0,0,0,0,0,0
fake_front,clean+shift,48,13,PrimaryTrustCalib,0,10,1,1.0,10,0.1632809042930603,accept,0,0,0,0,0,0,0,0,0,0
fake_front,clean+shift,48,13,MultiPeerObjectGuard,0,10,1,0.2,2,0.1632809042930603,object_quarantine,1,1,1,0,0,0,0,0,0,0
fake_front,clean+shift,48,14,EgoOnly,0,10,1,0.2,2,0.18602381646633148,,0,0,0,0,0,0,0,0,0,0
fake_front,clean+shift,48,14,CleanCoop,0,10,1,0.2,2,0.17839182913303375,,0,0,0,0,0,0,0,0,0,0
fake_front,clean+shift,48,14,PrimaryRaw,0,10,1,1.0,10,0.17839182913303375,,0,0,0,0,0,0,0,0,0,0
fake_front,clean+shift,48,14,PrimaryTrustCalib,0,10,1,1.0,10,0.17839182913303375,accept,0,0,0,0,0,0,0,0,0,0
fake_front,clean+shift,48,14,MultiPeerObjectGuard,0,10,1,0.2,2,0.17839182913303375,object_quarantine,1,1,1,0,0,0,0,0,0,0
fake_front,clean+shift,48,15,EgoOnly,0,10,1,0.2,2,0.21464546024799347,,0,0,0,0,0,0,0,0,0,0
fake_front,clean+shift,48,15,CleanCoop,0,10,1,0.2,2,0.167792409658432,,0,0,0,0,0,0,0,0,0,0
fake_front,clean+shift,48,15,PrimaryRaw,0,10,1,1.0,10,0.167792409658432,,0,0,0,0,0,0,0,0,0,0
fake_front,clean+shift,48,15,PrimaryTrustCalib,0,10,1,1.0,10,0.167792409658432,accept,0,0,0,0,0,0,0,0,0,0
fake_front,clean+shift,48,15,MultiPeerObjectGuard,0,10,1,0.2,2,0.167792409658432,object_quarantine,1,1,1,0,0,0,0,0,0,0
fake_front,clean+shift,48,16,EgoOnly,0,10,1,0.2,2,0.2323460727930069,,0,0,0,0,0,0,0,0,0,0
fake_front,clean+shift,48,16,CleanCoop,0,10,1,0.2,2,0.16345064342021942,,0,0,0,0,0,0,0,0,0,0
fake_front,clean+shift,48,16,PrimaryRaw,0,10,1,1.0,10,0.16345064342021942,,0,0,0,0,0,0,0,0,0,0
fake_front,clean+shift,48,16,PrimaryTrustCalib,0,10,1,1.0,10,0.16345064342021942,accept,0,0,0,0,0,0,0,0,0,0
fake_front,clean+shift,48,16,MultiPeerObjectGuard,0,10,1,0.2,2,0.16345064342021942,object_quarantine,1,1,1,0,0,0,0,0,0,0
fake_front,clean+shift,48,17,EgoOnly,0,10,1,0.0,0,0.4128149449825287,,0,0,0,0,0,0,0,0,0,0
fake_front,clean+shift,48,17,CleanCoop,0,10,1,0.2,2,0.18799735605716705,,0,0,0,0,0,0,0,0,0,0
fake_front,clean+shift,48,17,PrimaryRaw,0,10,1,1.0,10,0.18799735605716705,,0,0,0,0,0,0,0,0,0,0
fake_front,clean+shift,48,17,PrimaryTrustCalib,0,10,1,1.0,10,0.18799735605716705,accept,0,0,0,0,0,0,0,0,0,0
fake_front,clean+shift,48,17,MultiPeerObjectGuard,0,10,1,0.2,2,0.18799735605716705,object_quarantine,1,1,1,0,0,0,0,0,0,0
fake_front,clean+shift,48,18,EgoOnly,2,10,0,0.0,0,0.17490296065807343,,0,0,0,0,0,0,0,0,0,0
fake_front,clean+shift,48,18,CleanCoop,0,10,1,0.4,4,0.20110535621643066,,0,0,0,0,0,0,0,0,0,0
fake_front,clean+shift,48,18,PrimaryRaw,0,10,1,1.0,10,0.20110535621643066,,0,0,0,0,0,0,0,0,0,0
fake_front,clean+shift,48,18,PrimaryTrustCalib,0,10,1,1.0,10,0.20110535621643066,accept,0,0,0,0,0,0,0,0,0,0
fake_front,clean+shift,48,18,MultiPeerObjectGuard,0,10,1,0.4,4,0.20110535621643066,object_quarantine,1,1,1,0,0,0,0,0,0,0
fake_front,clean+shift,48,19,EgoOnly,3,10,0,0.0,0,0.17534078657627106,,0,0,0,0,0,0,0,0,0,0
fake_front,clean+shift,48,19,CleanCoop,1,10,1,0.8,8,0.19903235137462616,,0,0,0,0,0,0,0,0,0,0
fake_front,clean+shift,48,19,PrimaryRaw,0,10,1,1.0,10,0.19903235137462616,,0,0,0,0,0,0,0,0,0,0
fake_front,clean+shift,48,19,PrimaryTrustCalib,0,10,1,1.0,10,0.19903235137462616,accept,0,0,0,0,0,0,0,0,0,0
fake_front,clean+shift,48,19,MultiPeerObjectGuard,1,10,1,0.8,8,0.19903235137462616,object_quarantine,1,1,1,0,0,0,0,0,0,0
fake_front,clean+shift,51,0,EgoOnly,0,10,1,0.2,2,0.153463214635849,,0,0,0,0,0,0,0,0,0,0
fake_front,clean+shift,51,0,CleanCoop,3,10,1,0.9,9,0.14610886573791504,,0,0,0,0,0,0,0,0,0,0
fake_front,clean+shift,51,0,PrimaryRaw,0,10,1,1.0,10,0.14610886573791504,,0,0,0,0,0,0,0,0,0,0
fake_front,clean+shift,51,0,PrimaryTrustCalib,0,10,1,1.0,10,0.14610886573791504,accept,0,0,0,0,0,0,0,0,0,0
fake_front,clean+shift,51,0,MultiPeerObjectGuard,3,10,1,0.9,9,0.14610886573791504,object_quarantine,1,1,1,0,0,0,0,0,0,0
fake_front,clean+shift,51,1,EgoOnly,0,10,1,0.2,2,0.1537245362997055,,0,0,0,0,0,0,0,0,0,0
fake_front,clean+shift,51,1,CleanCoop,2,10,1,0.9,9,0.14493833482265472,,0,0,0,0,0,0,0,0,0,0
fake_front,clean+shift,51,1,PrimaryRaw,0,10,1,1.0,10,0.14493833482265472,,0,0,0,0,0,0,0,0,0,0
fake_front,clean+shift,51,1,PrimaryTrustCalib,0,10,1,1.0,10,0.14493833482265472,accept,0,0,0,0,0,0,0,0,0,0
fake_front,clean+shift,51,1,MultiPeerObjectGuard,2,10,1,0.9,9,0.14493833482265472,object_quarantine,1,1,1,0,0,0,0,0,0,0
fake_front,clean+shift,51,2,EgoOnly,0,10,1,0.2,2,0.15420682728290558,,0,0,0,0,0,0,0,0,0,0
fake_front,clean+shift,51,2,CleanCoop,0,10,1,0.8,8,0.14263398945331573,,0,0,0,0,0,0,0,0,0,0
fake_front,clean+shift,51,2,PrimaryRaw,0,10,1,1.0,10,0.14263398945331573,,0,0,0,0,0,0,0,0,0,0
fake_front,clean+shift,51,2,PrimaryTrustCalib,0,10,1,1.0,10,0.14263398945331573,accept,0,0,0,0,0,0,0,0,0,0
fake_front,clean+shift,51,2,MultiPeerObjectGuard,0,10,1,0.8,8,0.14263398945331573,object_quarantine,1,1,1,0,0,0,0,0,0,0
fake_front,clean+shift,51,3,EgoOnly,0,10,1,0.1,1,0.15106184780597687,,0,0,0,0,0,0,0,0,0,0
fake_front,clean+shift,51,3,CleanCoop,1,10,1,0.7,7,0.13640965521335602,,0,0,0,0,0,0,0,0,0,0
fake_front,clean+shift,51,3,PrimaryRaw,1,10,1,1.0,10,0.13640965521335602,,0,0,0,0,0,0,0,0,0,0
fake_front,clean+shift,51,3,PrimaryTrustCalib,1,10,1,1.0,10,0.13640965521335602,accept,0,0,0,0,0,0,0,0,0,0
fake_front,clean+shift,51,3,MultiPeerObjectGuard,1,10,1,0.7,7,0.13640965521335602,object_quarantine,1,1,1,0,0,0,0,0,0,0
fake_front,clean+shift,51,4,EgoOnly,0,10,1,0.4,4,0.1549200415611267,,0,0,0,0,0,0,0,0,0,0
fake_front,clean+shift,51,4,CleanCoop,0,10,1,0.4,4,0.1549200415611267,,0,0,0,0,0,0,0,0,0,0
fake_front,clean+shift,51,4,PrimaryRaw,0,10,1,1.0,10,0.1549200415611267,,0,0,0,0,0,0,0,0,0,0
fake_front,clean+shift,51,4,PrimaryTrustCalib,0,10,1,1.0,10,0.1549200415611267,accept,0,0,0,0,0,0,0,0,0,0
fake_front,clean+shift,51,4,MultiPeerObjectGuard,0,10,1,0.4,4,0.1549200415611267,object_quarantine,1,1,1,0,0,0,0,0,0,0
fake_front,clean+shift,51,5,EgoOnly,0,10,1,0.4,4,0.15575920045375824,,0,0,0,0,0,0,0,0,0,0
fake_front,clean+shift,51,5,CleanCoop,0,10,1,0.4,4,0.15575920045375824,,0,0,0,0,0,0,0,0,0,0
fake_front,clean+shift,51,5,PrimaryRaw,0,10,1,1.0,10,0.15575920045375824,,0,0,0,0,0,0,0,0,0,0
fake_front,clean+shift,51,5,PrimaryTrustCalib,0,10,1,1.0,10,0.15575920045375824,accept,0,0,0,0,0,0,0,0,0,0
fake_front,clean+shift,51,5,MultiPeerObjectGuard,0,10,1,0.4,4,0.15575920045375824,object_quarantine,1,1,1,0,0,0,0,0,0,0
fake_front,clean+shift,51,6,EgoOnly,0,10,1,0.3,3,0.15261702239513397,,0,0,0,0,0,0,0,0,0,0
fake_front,clean+shift,51,6,CleanCoop,0,10,1,0.3,3,0.14210116863250732,,0,0,0,0,0,0,0,0,0,0
fake_front,clean+shift,51,6,PrimaryRaw,0,10,1,1.0,10,0.14210116863250732,,0,0,0,0,0,0,0,0,0,0
fake_front,clean+shift,51,6,PrimaryTrustCalib,0,10,1,1.0,10,0.14210116863250732,accept,0,0,0,0,0,0,0,0,0,0
fake_front,clean+shift,51,6,MultiPeerObjectGuard,0,10,1,0.3,3,0.14210116863250732,object_quarantine,1,1,1,0,0,0,0,0,0,0
fake_front,clean+shift,51,7,EgoOnly,0,10,1,0.2,2,0.14760179817676544,,0,0,0,0,0,0,0,0,0,0
fake_front,clean+shift,51,7,CleanCoop,0,10,1,0.2,2,0.12947477400302887,,0,0,0,0,0,0,0,0,0,0
fake_front,clean+shift,51,7,PrimaryRaw,0,10,1,1.0,10,0.12947477400302887,,0,0,0,0,0,0,0,0,0,0
fake_front,clean+shift,51,7,PrimaryTrustCalib,0,10,1,1.0,10,0.12947477400302887,accept,0,0,0,0,0,0,0,0,0,0
fake_front,clean+shift,51,7,MultiPeerObjectGuard,0,10,1,0.2,2,0.12947477400302887,object_quarantine,1,1,1,0,0,0,0,0,0,0
fake_front,clean+shift,51,8,EgoOnly,0,10,1,0.1,1,0.14599643647670746,,0,0,0,0,0,0,0,0,0,0
fake_front,clean+shift,51,8,CleanCoop,0,10,1,0.1,1,0.14599643647670746,,0,0,0,0,0,0,0,0,0,0
fake_front,clean+shift,51,8,PrimaryRaw,0,10,1,1.0,10,0.14599643647670746,,0,0,0,0,0,0,0,0,0,0
fake_front,clean+shift,51,8,PrimaryTrustCalib,0,10,1,1.0,10,0.14599643647670746,accept,0,0,0,0,0,0,0,0,0,0
fake_front,clean+shift,51,8,MultiPeerObjectGuard,0,10,1,0.1,1,0.14599643647670746,object_quarantine,1,1,1,0,0,0,0,0,0,0
fake_front,clean+shift,51,9,EgoOnly,0,10,1,0.1,1,0.14021654427051544,,0,0,0,0,0,0,0,0,0,0
fake_front,clean+shift,51,9,CleanCoop,0,10,1,0.1,1,0.14021654427051544,,0,0,0,0,0,0,0,0,0,0
fake_front,clean+shift,51,9,PrimaryRaw,0,10,1,1.0,10,0.14021654427051544,,0,0,0,0,0,0,0,0,0,0
fake_front,clean+shift,51,9,PrimaryTrustCalib,0,10,1,1.0,10,0.14021654427051544,accept,0,0,0,0,0,0,0,0,0,0
fake_front,clean+shift,51,9,MultiPeerObjectGuard,0,10,1,0.1,1,0.14021654427051544,object_quarantine,1,1,1,0,0,0,0,0,0,0
fake_front,clean+shift,51,10,EgoOnly,0,10,1,0.1,1,0.1299562305212021,,0,0,0,0,0,0,0,0,0,0
fake_front,clean+shift,51,10,CleanCoop,0,10,1,0.1,1,0.09632452577352524,,0,0,0,0,0,0,0,0,0,0
fake_front,clean+shift,51,10,PrimaryRaw,0,10,1,1.0,10,0.09632452577352524,,0,0,0,0,0,0,0,0,0,0
fake_front,clean+shift,51,10,PrimaryTrustCalib,0,10,1,1.0,10,0.09632452577352524,accept,0,0,0,0,0,0,0,0,0,0
fake_front,clean+shift,51,10,MultiPeerObjectGuard,0,10,1,0.1,1,0.09632452577352524,object_quarantine,1,1,1,0,0,0,0,0,0,0
fake_front,clean+shift,51,11,EgoOnly,0,10,1,0.1,1,0.1314845085144043,,0,0,0,0,0,0,0,0,0,0
fake_front,clean+shift,51,11,CleanCoop,0,10,1,0.1,1,0.11474549770355225,,0,0,0,0,0,0,0,0,0,0
fake_front,clean+shift,51,11,PrimaryRaw,0,10,1,1.0,10,0.11474549770355225,,0,0,0,0,0,0,0,0,0,0
fake_front,clean+shift,51,11,PrimaryTrustCalib,0,10,1,1.0,10,0.11474549770355225,accept,0,0,0,0,0,0,0,0,0,0
fake_front,clean+shift,51,11,MultiPeerObjectGuard,0,10,1,0.1,1,0.11474549770355225,object_quarantine,1,1,1,0,0,0,0,0,0,0
fake_front,clean+shift,51,12,EgoOnly,0,10,1,0.2,2,0.13869954645633698,,0,0,0,0,0,0,0,0,0,0
fake_front,clean+shift,51,12,CleanCoop,0,10,1,0.2,2,0.09985850006341934,,0,0,0,0,0,0,0,0,0,0
fake_front,clean+shift,51,12,PrimaryRaw,0,10,1,1.0,10,0.09985850006341934,,0,0,0,0,0,0,0,0,0,0
fake_front,clean+shift,51,12,PrimaryTrustCalib,0,10,1,1.0,10,0.09985850006341934,accept,0,0,0,0,0,0,0,0,0,0
fake_front,clean+shift,51,12,MultiPeerObjectGuard,0,10,1,0.2,2,0.09985850006341934,object_quarantine,1,1,1,0,0,0,0,0,0,0
fake_front,clean+shift,51,13,EgoOnly,0,10,1,0.1,1,0.13432563841342926,,0,0,0,0,0,0,0,0,0,0
fake_front,clean+shift,51,13,CleanCoop,0,10,1,0.1,1,0.11732093244791031,,0,0,0,0,0,0,0,0,0,0
fake_front,clean+shift,51,13,PrimaryRaw,0,10,1,1.0,10,0.11732093244791031,,0,0,0,0,0,0,0,0,0,0
fake_front,clean+shift,51,13,PrimaryTrustCalib,0,10,1,1.0,10,0.11732093244791031,accept,0,0,0,0,0,0,0,0,0,0
fake_front,clean+shift,51,13,MultiPeerObjectGuard,0,10,1,0.1,1,0.11732093244791031,object_quarantine,1,1,1,0,0,0,0,0,0,0
fake_front,clean+shift,51,14,EgoOnly,0,10,1,0.3,3,0.13579681515693665,,0,0,0,0,0,0,0,0,0,0
fake_front,clean+shift,51,14,CleanCoop,0,10,1,0.3,3,0.1192258968949318,,0,0,0,0,0,0,0,0,0,0
fake_front,clean+shift,51,14,PrimaryRaw,0,10,1,1.0,10,0.1192258968949318,,0,0,0,0,0,0,0,0,0,0
fake_front,clean+shift,51,14,PrimaryTrustCalib,0,10,1,1.0,10,0.1192258968949318,accept,0,0,0,0,0,0,0,0,0,0
fake_front,clean+shift,51,14,MultiPeerObjectGuard,0,10,1,0.3,3,0.1192258968949318,object_quarantine,1,1,1,0,0,0,0,0,0,0
fake_front,clean+shift,51,15,EgoOnly,0,10,1,0.2,2,0.135295107960701,,0,0,0,0,0,0,0,0,0,0
fake_front,clean+shift,51,15,CleanCoop,0,10,1,0.2,2,0.11708758771419525,,0,0,0,0,0,0,0,0,0,0
fake_front,clean+shift,51,15,PrimaryRaw,0,10,1,1.0,10,0.11708758771419525,,0,0,0,0,0,0,0,0,0,0
fake_front,clean+shift,51,15,PrimaryTrustCalib,0,10,1,1.0,10,0.11708758771419525,accept,0,0,0,0,0,0,0,0,0,0
fake_front,clean+shift,51,15,MultiPeerObjectGuard,0,10,1,0.2,2,0.11708758771419525,object_quarantine,1,1,1,0,0,0,0,0,0,0
fake_front,clean+shift,51,16,EgoOnly,0,10,1,0.2,2,0.14619138836860657,,0,0,0,0,0,0,0,0,0,0
fake_front,clean+shift,51,16,CleanCoop,0,10,1,0.2,2,0.1121356263756752,,0,0,0,0,0,0,0,0,0,0
fake_front,clean+shift,51,16,PrimaryRaw,0,10,1,1.0,10,0.1121356263756752,,0,0,0,0,0,0,0,0,0,0
fake_front,clean+shift,51,16,PrimaryTrustCalib,0,10,1,1.0,10,0.1121356263756752,accept,0,0,0,0,0,0,0,0,0,0
fake_front,clean+shift,51,16,MultiPeerObjectGuard,0,10,1,0.2,2,0.1121356263756752,object_quarantine,1,1,1,0,0,0,0,0,0,0
fake_front,clean+shift,51,17,EgoOnly,0,10,1,0.2,2,0.17738620936870575,,0,0,0,0,0,0,0,0,0,0
fake_front,clean+shift,51,17,CleanCoop,0,10,1,0.2,2,0.11822301894426346,,0,0,0,0,0,0,0,0,0,0
fake_front,clean+shift,51,17,PrimaryRaw,0,10,1,1.0,10,0.11822301894426346,,0,0,0,0,0,0,0,0,0,0
fake_front,clean+shift,51,17,PrimaryTrustCalib,0,10,1,1.0,10,0.11822301894426346,accept,0,0,0,0,0,0,0,0,0,0
fake_front,clean+shift,51,17,MultiPeerObjectGuard,0,10,1,0.2,2,0.11822301894426346,object_quarantine,1,1,1,0,0,0,0,0,0,0
fake_front,clean+shift,51,18,EgoOnly,0,10,1,0.2,2,0.20916342735290527,,0,0,0,0,0,0,0,0,0,0
fake_front,clean+shift,51,18,CleanCoop,0,10,1,0.2,2,0.16123582422733307,,0,0,0,0,0,0,0,0,0,0
fake_front,clean+shift,51,18,PrimaryRaw,0,10,1,1.0,10,0.16123582422733307,,0,0,0,0,0,0,0,0,0,0
fake_front,clean+shift,51,18,PrimaryTrustCalib,0,10,1,1.0,10,0.16123582422733307,accept,0,0,0,0,0,0,0,0,0,0
fake_front,clean+shift,51,18,MultiPeerObjectGuard,0,10,1,0.2,2,0.16123582422733307,object_quarantine,1,1,1,0,0,0,0,0,0,0
fake_front,clean+shift,51,19,EgoOnly,0,10,1,0.2,2,0.23094622790813446,,0,0,0,0,0,0,0,0,0,0
fake_front,clean+shift,51,19,CleanCoop,0,10,1,0.2,2,0.11184413731098175,,0,0,0,0,0,0,0,0,0,0
fake_front,clean+shift,51,19,PrimaryRaw,1,10,1,1.0,10,0.11184413731098175,,0,0,0,0,0,0,0,0,0,0
fake_front,clean+shift,51,19,PrimaryTrustCalib,1,10,1,1.0,10,0.11184413731098175,accept,0,0,0,0,0,0,0,0,0,0
fake_front,clean+shift,51,19,MultiPeerObjectGuard,0,10,1,0.2,2,0.11184413731098175,object_quarantine,1,1,1,0,0,0,0,0,0,0
fake_front,clean+shift,55,0,EgoOnly,0,10,0,0.0,0,0.1535462886095047,,0,0,0,0,0,0,0,0,0,0
fake_front,clean+shift,55,0,CleanCoop,0,10,0,0.0,0,0.1697874814271927,,0,0,0,0,0,0,0,0,0,0
fake_front,clean+shift,55,0,PrimaryRaw,0,10,1,1.0,10,0.1697874814271927,,0,0,0,0,0,0,0,0,0,0
fake_front,clean+shift,55,0,PrimaryTrustCalib,0,10,1,1.0,10,0.1697874814271927,accept,0,0,0,0,0,0,0,0,0,0
fake_front,clean+shift,55,0,MultiPeerObjectGuard,0,10,0,0.0,0,0.1697874814271927,object_quarantine,1,1,1,0,0,0,0,0,0,0
fake_front,clean+shift,55,1,EgoOnly,0,10,0,0.0,0,0.15330134332180023,,0,0,0,0,0,0,0,0,0,0
fake_front,clean+shift,55,1,CleanCoop,0,10,0,0.0,0,0.16988931596279144,,0,0,0,0,0,0,0,0,0,0
fake_front,clean+shift,55,1,PrimaryRaw,0,10,1,1.0,10,0.16988931596279144,,0,0,0,0,0,0,0,0,0,0
fake_front,clean+shift,55,1,PrimaryTrustCalib,0,10,1,1.0,10,0.16988931596279144,accept,0,0,0,0,0,0,0,0,0,0
fake_front,clean+shift,55,1,MultiPeerObjectGuard,0,10,0,0.0,0,0.16988931596279144,object_quarantine,1,1,1,0,0,0,0,0,0,0
fake_front,clean+shift,55,2,EgoOnly,0,10,0,0.0,0,0.2050769329071045,,0,0,0,0,0,0,0,0,0,0
fake_front,clean+shift,55,2,CleanCoop,0,10,0,0.0,0,0.18493962287902832,,0,0,0,0,0,0,0,0,0,0
fake_front,clean+shift,55,2,PrimaryRaw,0,10,1,1.0,10,0.18493962287902832,,0,0,0,0,0,0,0,0,0,0
fake_front,clean+shift,55,2,PrimaryTrustCalib,0,10,1,1.0,10,0.18493962287902832,accept,0,0,0,0,0,0,0,0,0,0
fake_front,clean+shift,55,2,MultiPeerObjectGuard,0,10,0,0.0,0,0.18493962287902832,object_quarantine,1,1,1,0,0,0,0,0,0,0
fake_front,clean+shift,55,3,EgoOnly,0,10,0,0.0,0,0.15083439648151398,,0,0,0,0,0,0,0,0,0,0
fake_front,clean+shift,55,3,CleanCoop,0,10,0,0.0,0,0.18732549250125885,,0,0,0,0,0,0,0,0,0,0
fake_front,clean+shift,55,3,PrimaryRaw,0,10,1,1.0,10,0.18732549250125885,,0,0,0,0,0,0,0,0,0,0
fake_front,clean+shift,55,3,PrimaryTrustCalib,0,10,1,1.0,10,0.18732549250125885,accept,0,0,0,0,0,0,0,0,0,0
fake_front,clean+shift,55,3,MultiPeerObjectGuard,0,10,0,0.0,0,0.18732549250125885,object_quarantine,1,1,1,0,0,0,0,0,0,0
fake_front,clean+shift,55,4,EgoOnly,0,10,0,0.0,0,0.15678870677947998,,0,0,0,0,0,0,0,0,0,0
fake_front,clean+shift,55,4,CleanCoop,0,10,0,0.0,0,0.1963696926832199,,0,0,0,0,0,0,0,0,0,0
fake_front,clean+shift,55,4,PrimaryRaw,0,10,1,1.0,10,0.1963696926832199,,0,0,0,0,0,0,0,0,0,0
fake_front,clean+shift,55,4,PrimaryTrustCalib,0,10,1,1.0,10,0.1963696926832199,accept,0,0,0,0,0,0,0,0,0,0
fake_front,clean+shift,55,4,MultiPeerObjectGuard,0,10,0,0.0,0,0.1963696926832199,object_quarantine,1,1,1,0,0,0,0,0,0,0
fake_front,clean+shift,55,5,EgoOnly,0,10,0,0.0,0,0.1645635962486267,,0,0,0,0,0,0,0,0,0,0
fake_front,clean+shift,55,5,CleanCoop,0,10,0,0.0,0,0.19417080283164978,,0,0,0,0,0,0,0,0,0,0
fake_front,clean+shift,55,5,PrimaryRaw,0,10,1,1.0,10,0.19417080283164978,,0,0,0,0,0,0,0,0,0,0
fake_front,clean+shift,55,5,PrimaryTrustCalib,0,10,1,1.0,10,0.19417080283164978,accept,0,0,0,0,0,0,0,0,0,0
fake_front,clean+shift,55,5,MultiPeerObjectGuard,0,10,0,0.0,0,0.19417080283164978,object_quarantine,1,1,1,0,0,0,0,0,0,0
fake_front,clean+shift,55,6,EgoOnly,0,10,0,0.0,0,0.15613125264644623,,0,0,0,0,0,0,0,0,0,0
fake_front,clean+shift,55,6,CleanCoop,0,10,0,0.0,0,0.2084706574678421,,0,0,0,0,0,0,0,0,0,0
fake_front,clean+shift,55,6,PrimaryRaw,0,10,1,1.0,10,0.2084706574678421,,0,0,0,0,0,0,0,0,0,0
fake_front,clean+shift,55,6,PrimaryTrustCalib,0,10,1,1.0,10,0.2084706574678421,accept,0,0,0,0,0,0,0,0,0,0
fake_front,clean+shift,55,6,MultiPeerObjectGuard,0,10,0,0.0,0,0.2084706574678421,object_quarantine,1,1,1,0,0,0,0,0,0,0
fake_front,clean+shift,55,7,EgoOnly,0,10,0,0.0,0,0.14738598465919495,,0,0,0,0,0,0,0,0,0,0
fake_front,clean+shift,55,7,CleanCoop,0,10,0,0.0,0,0.21063931286334991,,0,0,0,0,0,0,0,0,0,0
fake_front,clean+shift,55,7,PrimaryRaw,0,10,1,1.0,10,0.21063931286334991,,0,0,0,0,0,0,0,0,0,0
fake_front,clean+shift,55,7,PrimaryTrustCalib,0,10,1,1.0,10,0.21063931286334991,accept,0,0,0,0,0,0,0,0,0,0
fake_front,clean+shift,55,7,MultiPeerObjectGuard,0,10,0,0.0,0,0.21063931286334991,object_quarantine,1,1,1,0,0,0,0,0,0,0
fake_front,clean+shift,55,8,EgoOnly,0,10,0,0.0,0,0.15820404887199402,,0,0,0,0,0,0,0,0,0,0
fake_front,clean+shift,55,8,CleanCoop,0,10,0,0.0,0,0.22990389168262482,,0,0,0,0,0,0,0,0,0,0
fake_front,clean+shift,55,8,PrimaryRaw,0,10,1,1.0,10,0.22990389168262482,,0,0,0,0,0,0,0,0,0,0
fake_front,clean+shift,55,8,PrimaryTrustCalib,0,10,1,1.0,10,0.22990389168262482,accept,0,0,0,0,0,0,0,0,0,0
fake_front,clean+shift,55,8,MultiPeerObjectGuard,0,10,0,0.0,0,0.22990389168262482,object_quarantine,1,1,1,0,0,0,0,0,0,0
fake_front,clean+shift,55,9,EgoOnly,0,10,0,0.0,0,0.24365457892417908,,0,0,0,0,0,0,0,0,0,0
fake_front,clean+shift,55,9,CleanCoop,0,10,0,0.0,0,0.18344126641750336,,0,0,0,0,0,0,0,0,0,0
fake_front,clean+shift,55,9,PrimaryRaw,0,10,1,1.0,10,0.18344126641750336,,0,0,0,0,0,0,0,0,0,0
fake_front,clean+shift,55,9,PrimaryTrustCalib,0,10,1,1.0,10,0.18344126641750336,accept,0,0,0,0,0,0,0,0,0,0
fake_front,clean+shift,55,9,MultiPeerObjectGuard,0,10,0,0.0,0,0.18344126641750336,object_quarantine,1,1,1,0,0,0,0,0,0,0
fake_front,clean+shift,55,10,EgoOnly,0,10,0,0.0,0,0.2374626100063324,,0,0,0,0,0,0,0,0,0,0
fake_front,clean+shift,55,10,CleanCoop,0,10,0,0.0,0,0.19096757471561432,,0,0,0,0,0,0,0,0,0,0
fake_front,clean+shift,55,10,PrimaryRaw,0,10,1,1.0,10,0.19096757471561432,,0,0,0,0,0,0,0,0,0,0
fake_front,clean+shift,55,10,PrimaryTrustCalib,0,10,1,1.0,10,0.19096757471561432,accept,0,0,0,0,0,0,0,0,0,0
fake_front,clean+shift,55,10,MultiPeerObjectGuard,0,10,0,0.0,0,0.19096757471561432,object_quarantine,1,1,1,0,0,0,0,0,0,0
fake_front,clean+shift,55,11,EgoOnly,0,10,0,0.0,0,0.22594159841537476,,0,0,0,0,0,0,0,0,0,0
fake_front,clean+shift,55,11,CleanCoop,0,10,0,0.0,0,0.19796541333198547,,0,0,0,0,0,0,0,0,0,0
fake_front,clean+shift,55,11,PrimaryRaw,0,10,1,0.9,9,0.19796541333198547,,0,0,0,0,0,0,0,0,0,0
fake_front,clean+shift,55,11,PrimaryTrustCalib,0,10,1,0.9,9,0.19796541333198547,accept,0,0,0,0,0,0,0,0,0,0
fake_front,clean+shift,55,11,MultiPeerObjectGuard,0,10,0,0.0,0,0.19796541333198547,object_quarantine,1,1,1,0,0,0,0,0,0,0
fake_front,clean+shift,55,12,EgoOnly,0,10,0,0.0,0,0.2251756191253662,,0,0,0,0,0,0,0,0,0,0
fake_front,clean+shift,55,12,CleanCoop,0,10,0,0.0,0,0.18132798373699188,,0,0,0,0,0,0,0,0,0,0
fake_front,clean+shift,55,12,PrimaryRaw,0,10,1,0.8,8,0.18132798373699188,,0,0,0,0,0,0,0,0,0,0
fake_front,clean+shift,55,12,PrimaryTrustCalib,0,10,1,0.8,8,0.18132798373699188,accept,0,0,0,0,0,0,0,0,0,0
fake_front,clean+shift,55,12,MultiPeerObjectGuard,0,10,0,0.0,0,0.18132798373699188,object_quarantine,1,1,1,0,0,0,0,0,0,0
fake_front,clean+shift,55,13,EgoOnly,0,10,0,0.0,0,0.22245875000953674,,0,0,0,0,0,0,0,0,0,0
fake_front,clean+shift,55,13,CleanCoop,0,10,0,0.0,0,0.17817921936511993,,0,0,0,0,0,0,0,0,0,0
fake_front,clean+shift,55,13,PrimaryRaw,0,10,1,0.8,8,0.17817921936511993,,0,0,0,0,0,0,0,0,0,0
fake_front,clean+shift,55,13,PrimaryTrustCalib,0,10,1,0.8,8,0.17817921936511993,accept,0,0,0,0,0,0,0,0,0,0
fake_front,clean+shift,55,13,MultiPeerObjectGuard,0,10,0,0.0,0,0.17817921936511993,object_quarantine,1,1,1,0,0,0,0,0,0,0
fake_front,clean+shift,55,14,EgoOnly,0,10,0,0.0,0,0.2229672521352768,,0,0,0,0,0,0,0,0,0,0
fake_front,clean+shift,55,14,CleanCoop,0,10,0,0.0,0,0.23132646083831787,,0,0,0,0,0,0,0,0,0,0
fake_front,clean+shift,55,14,PrimaryRaw,0,10,1,0.8,8,0.23132646083831787,,0,0,0,0,0,0,0,0,0,0
fake_front,clean+shift,55,14,PrimaryTrustCalib,0,10,1,0.8,8,0.23132646083831787,accept,0,0,0,0,0,0,0,0,0,0
fake_front,clean+shift,55,14,MultiPeerObjectGuard,0,10,0,0.0,0,0.23132646083831787,object_quarantine,1,1,1,0,0,0,0,0,0,0
fake_front,clean+shift,55,15,EgoOnly,0,10,0,0.0,0,0.1943691521883011,,0,0,0,0,0,0,0,0,0,0
fake_front,clean+shift,55,15,CleanCoop,0,10,0,0.0,0,0.17653268575668335,,0,0,0,0,0,0,0,0,0,0
fake_front,clean+shift,55,15,PrimaryRaw,0,10,1,0.7,7,0.17653268575668335,,0,0,0,0,0,0,0,0,0,0
fake_front,clean+shift,55,15,PrimaryTrustCalib,0,10,1,0.7,7,0.17653268575668335,accept,0,0,0,0,0,0,0,0,0,0
fake_front,clean+shift,55,15,MultiPeerObjectGuard,0,10,0,0.0,0,0.17653268575668335,object_quarantine,1,1,1,0,0,0,0,0,0,0
fake_front,clean+shift,55,16,EgoOnly,0,10,0,0.0,0,0.1914951503276825,,0,0,0,0,0,0,0,0,0,0
fake_front,clean+shift,55,16,CleanCoop,0,10,0,0.0,0,0.22000625729560852,,0,0,0,0,0,0,0,0,0,0
fake_front,clean+shift,55,16,PrimaryRaw,0,10,1,0.7,7,0.22000625729560852,,0,0,0,0,0,0,0,0,0,0
fake_front,clean+shift,55,16,PrimaryTrustCalib,0,10,1,0.7,7,0.22000625729560852,accept,0,0,0,0,0,0,0,0,0,0
fake_front,clean+shift,55,16,MultiPeerObjectGuard,0,10,0,0.0,0,0.22000625729560852,object_quarantine,1,1,1,0,0,0,0,0,0,0
fake_front,clean+shift,55,17,EgoOnly,0,10,0,0.0,0,0.18938636779785156,,0,0,0,0,0,0,0,0,0,0
fake_front,clean+shift,55,17,CleanCoop,0,10,0,0.0,0,0.2032071202993393,,0,0,0,0,0,0,0,0,0,0
fake_front,clean+shift,55,17,PrimaryRaw,0,10,1,0.6,6,0.2032071202993393,,0,0,0,0,0,0,0,0,0,0
fake_front,clean+shift,55,17,PrimaryTrustCalib,0,10,1,0.6,6,0.2032071202993393,accept,0,0,0,0,0,0,0,0,0,0
fake_front,clean+shift,55,17,MultiPeerObjectGuard,0,10,0,0.0,0,0.2032071202993393,object_quarantine,1,1,1,0,0,0,0,0,0,0
fake_front,clean+shift,55,18,EgoOnly,0,10,1,0.1,1,0.1901015192270279,,0,0,0,0,0,0,0,0,0,0
fake_front,clean+shift,55,18,CleanCoop,0,10,1,0.1,1,0.17760221660137177,,0,0,0,0,0,0,0,0,0,0
fake_front,clean+shift,55,18,PrimaryRaw,0,10,1,0.7,7,0.17760221660137177,,0,0,0,0,0,0,0,0,0,0
fake_front,clean+shift,55,18,PrimaryTrustCalib,0,10,1,0.7,7,0.17760221660137177,accept,0,0,0,0,0,0,0,0,0,0
fake_front,clean+shift,55,18,MultiPeerObjectGuard,0,10,1,0.1,1,0.17760221660137177,object_quarantine,1,1,1,0,0,0,0,0,0,0
fake_front,clean+shift,55,19,EgoOnly,0,10,1,0.2,2,0.17699815332889557,,0,0,0,0,0,0,0,0,0,0
fake_front,clean+shift,55,19,CleanCoop,0,10,1,0.2,2,0.1765567511320114,,0,0,0,0,0,0,0,0,0,0
fake_front,clean+shift,55,19,PrimaryRaw,0,10,1,0.8,8,0.1765567511320114,,0,0,0,0,0,0,0,0,0,0
fake_front,clean+shift,55,19,PrimaryTrustCalib,0,10,1,0.8,8,0.1765567511320114,accept,0,0,0,0,0,0,0,0,0,0
fake_front,clean+shift,55,19,MultiPeerObjectGuard,0,10,1,0.2,2,0.1765567511320114,object_quarantine,1,1,1,0,0,0,0,0,0,0
fake_front,clean+shift,59,0,EgoOnly,0,10,1,0.0,0,0.6478269100189209,,0,0,0,0,0,0,0,0,0,0
fake_front,clean+shift,59,0,CleanCoop,0,10,0,0.0,0,0.09941838681697845,,0,0,0,0,0,0,0,0,0,0
fake_front,clean+shift,59,0,PrimaryRaw,0,10,1,1.0,10,0.09952995926141739,,0,0,0,0,0,0,0,0,0,0
fake_front,clean+shift,59,0,PrimaryTrustCalib,0,10,1,1.0,10,0.09952995926141739,accept,0,0,0,0,0,0,0,0,0,0
fake_front,clean+shift,59,0,MultiPeerObjectGuard,0,10,0,0.0,0,0.09941838681697845,object_quarantine,1,1,1,0,0,0,0,0,0,0
fake_front,clean+shift,59,1,EgoOnly,0,10,1,0.0,0,0.6544203758239746,,0,0,0,0,0,0,0,0,0,0
fake_front,clean+shift,59,1,CleanCoop,0,10,0,0.0,0,0.09662297368049622,,0,0,0,0,0,0,0,0,0,0
fake_front,clean+shift,59,1,PrimaryRaw,0,10,1,1.0,10,0.09685145318508148,,0,0,0,0,0,0,0,0,0,0
fake_front,clean+shift,59,1,PrimaryTrustCalib,0,10,1,1.0,10,0.09685145318508148,accept,0,0,0,0,0,0,0,0,0,0
fake_front,clean+shift,59,1,MultiPeerObjectGuard,0,10,0,0.0,0,0.09662297368049622,object_quarantine,1,1,1,0,0,0,0,0,0,0
fake_front,clean+shift,59,2,EgoOnly,0,10,1,0.0,0,0.6555262207984924,,0,0,0,0,0,0,0,0,0,0
fake_front,clean+shift,59,2,CleanCoop,0,10,0,0.0,0,0.09264982491731644,,0,0,0,0,0,0,0,0,0,0
fake_front,clean+shift,59,2,PrimaryRaw,0,10,1,1.0,10,0.09304150193929672,,0,0,0,0,0,0,0,0,0,0
fake_front,clean+shift,59,2,PrimaryTrustCalib,0,10,1,1.0,10,0.09304150193929672,accept,0,0,0,0,0,0,0,0,0,0
fake_front,clean+shift,59,2,MultiPeerObjectGuard,0,10,0,0.0,0,0.09264982491731644,object_quarantine,1,1,1,0,0,0,0,0,0,0
fake_front,clean+shift,59,3,EgoOnly,0,10,1,0.0,0,0.6606891751289368,,0,0,0,0,0,0,0,0,0,0
fake_front,clean+shift,59,3,CleanCoop,0,10,0,0.0,0,0.09009264409542084,,0,0,0,0,0,0,0,0,0,0
fake_front,clean+shift,59,3,PrimaryRaw,0,10,1,1.0,10,0.09065897762775421,,0,0,0,0,0,0,0,0,0,0
fake_front,clean+shift,59,3,PrimaryTrustCalib,0,10,1,1.0,10,0.09065897762775421,accept,0,0,0,0,0,0,0,0,0,0
fake_front,clean+shift,59,3,MultiPeerObjectGuard,0,10,0,0.0,0,0.09009264409542084,object_quarantine,1,1,1,0,0,0,0,0,0,0
fake_front,clean+shift,59,4,EgoOnly,0,10,1,0.0,0,0.6679913401603699,,0,0,0,0,0,0,0,0,0,0
fake_front,clean+shift,59,4,CleanCoop,0,10,0,0.0,0,0.09194774180650711,,0,0,0,0,0,0,0,0,0,0
fake_front,clean+shift,59,4,PrimaryRaw,0,10,1,1.0,10,0.09259939193725586,,0,0,0,0,0,0,0,0,0,0
fake_front,clean+shift,59,4,PrimaryTrustCalib,0,10,1,1.0,10,0.09259939193725586,accept,0,0,0,0,0,0,0,0,0,0
fake_front,clean+shift,59,4,MultiPeerObjectGuard,0,10,0,0.0,0,0.09194774180650711,object_quarantine,1,1,1,0,0,0,0,0,0,0
fake_front,clean+shift,59,5,EgoOnly,0,10,1,0.0,0,0.7508897185325623,,0,0,0,0,0,0,0,0,0,0
fake_front,clean+shift,59,5,CleanCoop,0,10,0,0.0,0,0.09966845065355301,,0,0,0,0,0,0,0,0,0,0
fake_front,clean+shift,59,5,PrimaryRaw,0,10,1,1.0,10,0.09949317574501038,,0,0,0,0,0,0,0,0,0,0
fake_front,clean+shift,59,5,PrimaryTrustCalib,0,10,1,1.0,10,0.09949317574501038,accept,0,0,0,0,0,0,0,0,0,0
fake_front,clean+shift,59,5,MultiPeerObjectGuard,0,10,0,0.0,0,0.09966845065355301,object_quarantine,1,1,1,0,0,0,0,0,0,0
fake_front,clean+shift,59,6,EgoOnly,0,10,1,0.0,0,0.735143780708313,,0,0,0,0,0,0,0,0,0,0
fake_front,clean+shift,59,6,CleanCoop,0,10,0,0.0,0,0.10422737151384354,,0,0,0,0,0,0,0,0,0,0
fake_front,clean+shift,59,6,PrimaryRaw,0,10,1,1.0,10,0.10498589277267456,,0,0,0,0,0,0,0,0,0,0
fake_front,clean+shift,59,6,PrimaryTrustCalib,0,10,1,1.0,10,0.10498589277267456,accept,0,0,0,0,0,0,0,0,0,0
fake_front,clean+shift,59,6,MultiPeerObjectGuard,0,10,0,0.0,0,0.10422737151384354,object_quarantine,1,1,1,0,0,0,0,0,0,0
fake_front,clean+shift,59,7,EgoOnly,0,10,1,0.0,0,0.7330717444419861,,0,0,0,0,0,0,0,0,0,0
fake_front,clean+shift,59,7,CleanCoop,0,10,0,0.0,0,0.10519619286060333,,0,0,0,0,0,0,0,0,0,0
fake_front,clean+shift,59,7,PrimaryRaw,0,10,1,1.0,10,0.10612703859806061,,0,0,0,0,0,0,0,0,0,0
fake_front,clean+shift,59,7,PrimaryTrustCalib,0,10,1,1.0,10,0.10612703859806061,accept,0,0,0,0,0,0,0,0,0,0
fake_front,clean+shift,59,7,MultiPeerObjectGuard,0,10,0,0.0,0,0.10519619286060333,object_quarantine,1,1,1,0,0,0,0,0,0,0
fake_front,clean+shift,59,8,EgoOnly,0,10,1,0.0,0,0.573006808757782,,0,0,0,0,0,0,0,0,0,0
fake_front,clean+shift,59,8,CleanCoop,0,10,0,0.0,0,0.1048172116279602,,0,0,0,0,0,0,0,0,0,0
fake_front,clean+shift,59,8,PrimaryRaw,0,10,1,1.0,10,0.10595703125,,0,0,0,0,0,0,0,0,0,0
fake_front,clean+shift,59,8,PrimaryTrustCalib,0,10,1,1.0,10,0.10595703125,accept,0,0,0,0,0,0,0,0,0,0
fake_front,clean+shift,59,8,MultiPeerObjectGuard,0,10,0,0.0,0,0.1048172116279602,object_quarantine,1,1,1,0,0,0,0,0,0,0
fake_front,clean+shift,59,9,EgoOnly,0,10,1,0.0,0,0.5629701018333435,,0,0,0,0,0,0,0,0,0,0
fake_front,clean+shift,59,9,CleanCoop,0,10,0,0.0,0,0.10684999078512192,,0,0,0,0,0,0,0,0,0,0
fake_front,clean+shift,59,9,PrimaryRaw,0,10,1,1.0,10,0.10850238800048828,,0,0,0,0,0,0,0,0,0,0
fake_front,clean+shift,59,9,PrimaryTrustCalib,0,10,1,1.0,10,0.10850238800048828,accept,0,0,0,0,0,0,0,0,0,0
fake_front,clean+shift,59,9,MultiPeerObjectGuard,0,10,0,0.0,0,0.10684999078512192,object_quarantine,1,1,1,0,0,0,0,0,0,0
fake_front,clean+shift,59,10,EgoOnly,0,10,1,0.0,0,0.6150733232498169,,0,0,0,0,0,0,0,0,0,0
fake_front,clean+shift,59,10,CleanCoop,0,10,0,0.0,0,0.11094710975885391,,0,0,0,0,0,0,0,0,0,0
fake_front,clean+shift,59,10,PrimaryRaw,0,10,1,1.0,10,0.112837053835392,,0,0,0,0,0,0,0,0,0,0
fake_front,clean+shift,59,10,PrimaryTrustCalib,0,10,1,1.0,10,0.112837053835392,accept,0,0,0,0,0,0,0,0,0,0
fake_front,clean+shift,59,10,MultiPeerObjectGuard,0,10,0,0.0,0,0.11094710975885391,object_quarantine,1,1,1,0,0,0,0,0,0,0
fake_front,clean+shift,59,11,EgoOnly,0,10,1,0.0,0,0.643900990486145,,0,0,0,0,0,0,0,0,0,0
fake_front,clean+shift,59,11,CleanCoop,0,10,0,0.0,0,0.11665373295545578,,0,0,0,0,0,0,0,0,0,0
fake_front,clean+shift,59,11,PrimaryRaw,0,10,1,1.0,10,0.11839248985052109,,0,0,0,0,0,0,0,0,0,0
fake_front,clean+shift,59,11,PrimaryTrustCalib,0,10,1,1.0,10,0.11839248985052109,accept,0,0,0,0,0,0,0,0,0,0
fake_front,clean+shift,59,11,MultiPeerObjectGuard,0,10,0,0.0,0,0.11665373295545578,object_quarantine,1,1,1,0,0,0,0,0,0,0
fake_front,clean+shift,59,12,EgoOnly,0,10,1,0.0,0,0.6476205587387085,,0,0,0,0,0,0,0,0,0,0
fake_front,clean+shift,59,12,CleanCoop,0,10,0,0.0,0,0.15316998958587646,,0,0,0,0,0,0,0,0,0,0
fake_front,clean+shift,59,12,PrimaryRaw,0,10,1,1.0,10,0.15123234689235687,,0,0,0,0,0,0,0,0,0,0
fake_front,clean+shift,59,12,PrimaryTrustCalib,0,10,1,1.0,10,0.15123234689235687,accept,0,0,0,0,0,0,0,0,0,0
fake_front,clean+shift,59,12,MultiPeerObjectGuard,0,10,0,0.0,0,0.15316998958587646,object_quarantine,1,1,1,0,0,0,0,0,0,0
fake_front,clean+shift,59,13,EgoOnly,0,10,1,0.0,0,0.5090175867080688,,0,0,0,0,0,0,0,0,0,0
fake_front,clean+shift,59,13,CleanCoop,0,10,0,0.0,0,0.1540355682373047,,0,0,0,0,0,0,0,0,0,0
fake_front,clean+shift,59,13,PrimaryRaw,0,10,1,1.0,10,0.15193264186382294,,0,0,0,0,0,0,0,0,0,0
fake_front,clean+shift,59,13,PrimaryTrustCalib,0,10,1,1.0,10,0.15193264186382294,accept,0,0,0,0,0,0,0,0,0,0
fake_front,clean+shift,59,13,MultiPeerObjectGuard,0,10,0,0.0,0,0.1540355682373047,object_quarantine,1,1,1,0,0,0,0,0,0,0
fake_front,clean+shift,59,14,EgoOnly,0,10,1,0.0,0,0.5760126113891602,,0,0,0,0,0,0,0,0,0,0
fake_front,clean+shift,59,14,CleanCoop,0,10,0,0.0,0,0.15105092525482178,,0,0,0,0,0,0,0,0,0,0
fake_front,clean+shift,59,14,PrimaryRaw,0,10,1,1.0,10,0.1493576616048813,,0,0,0,0,0,0,0,0,0,0
fake_front,clean+shift,59,14,PrimaryTrustCalib,0,10,1,1.0,10,0.1493576616048813,accept,0,0,0,0,0,0,0,0,0,0
fake_front,clean+shift,59,14,MultiPeerObjectGuard,0,10,0,0.0,0,0.15105092525482178,object_quarantine,1,1,1,0,0,0,0,0,0,0
fake_front,clean+shift,59,15,EgoOnly,0,10,1,0.0,0,0.46981412172317505,,0,0,0,0,0,0,0,0,0,0
fake_front,clean+shift,59,15,CleanCoop,0,10,0,0.0,0,0.1556699424982071,,0,0,0,0,0,0,0,0,0,0
fake_front,clean+shift,59,15,PrimaryRaw,0,10,1,1.0,10,0.15321709215641022,,0,0,0,0,0,0,0,0,0,0
fake_front,clean+shift,59,15,PrimaryTrustCalib,0,10,1,1.0,10,0.15321709215641022,accept,0,0,0,0,0,0,0,0,0,0
fake_front,clean+shift,59,15,MultiPeerObjectGuard,0,10,0,0.0,0,0.1556699424982071,object_quarantine,1,1,1,0,0,0,0,0,0,0
fake_front,clean+shift,59,16,EgoOnly,0,10,1,0.2,2,0.44338488578796387,,0,0,0,0,0,0,0,0,0,0
fake_front,clean+shift,59,16,CleanCoop,0,10,1,0.2,2,0.16053983569145203,,0,0,0,0,0,0,0,0,0,0
fake_front,clean+shift,59,16,PrimaryRaw,1,10,1,1.0,10,0.15678097307682037,,0,0,0,0,0,0,0,0,0,0
fake_front,clean+shift,59,16,PrimaryTrustCalib,1,10,1,1.0,10,0.15678097307682037,accept,0,0,0,0,0,0,0,0,0,0
fake_front,clean+shift,59,16,MultiPeerObjectGuard,0,10,1,0.2,2,0.16053983569145203,object_quarantine,1,1,1,0,0,0,0,0,0,0
fake_front,clean+shift,59,17,EgoOnly,0,10,1,0.0,0,0.3622032403945923,,0,0,0,0,0,0,0,0,0,0
fake_front,clean+shift,59,17,CleanCoop,0,10,0,0.0,0,0.16091060638427734,,0,0,0,0,0,0,0,0,0,0
fake_front,clean+shift,59,17,PrimaryRaw,0,10,1,1.0,10,0.15729807317256927,,0,0,0,0,0,0,0,0,0,0
fake_front,clean+shift,59,17,PrimaryTrustCalib,0,10,1,1.0,10,0.15729807317256927,accept,0,0,0,0,0,0,0,0,0,0
fake_front,clean+shift,59,17,MultiPeerObjectGuard,0,10,0,0.0,0,0.16091060638427734,object_quarantine,1,1,1,0,0,0,0,0,0,0
fake_front,clean+shift,59,18,EgoOnly,0,10,1,0.0,0,0.3600676953792572,,0,0,0,0,0,0,0,0,0,0
fake_front,clean+shift,59,18,CleanCoop,0,10,0,0.0,0,0.16112497448921204,,0,0,0,0,0,0,0,0,0,0
fake_front,clean+shift,59,18,PrimaryRaw,0,10,1,1.0,10,0.1572519838809967,,0,0,0,0,0,0,0,0,0,0
fake_front,clean+shift,59,18,PrimaryTrustCalib,0,10,1,1.0,10,0.1572519838809967,accept,0,0,0,0,0,0,0,0,0,0
fake_front,clean+shift,59,18,MultiPeerObjectGuard,0,10,0,0.0,0,0.16112497448921204,object_quarantine,1,1,1,0,0,0,0,0,0,0
fake_front,clean+shift,59,19,EgoOnly,0,10,0,0.0,0,0.19148759543895721,,0,0,0,0,0,0,0,0,0,0
fake_front,clean+shift,59,19,CleanCoop,0,10,0,0.0,0,0.1578688621520996,,0,0,0,0,0,0,0,0,0,0
fake_front,clean+shift,59,19,PrimaryRaw,0,10,1,1.0,10,0.15376213192939758,,0,0,0,0,0,0,0,0,0,0
fake_front,clean+shift,59,19,PrimaryTrustCalib,0,10,1,1.0,10,0.15376213192939758,accept,0,0,0,0,0,0,0,0,0,0
fake_front,clean+shift,59,19,MultiPeerObjectGuard,0,10,0,0.0,0,0.1578688621520996,object_quarantine,1,1,1,0,0,0,0,0,0,0
fake_front,clean+shift,61,0,EgoOnly,0,10,0,0.0,0,0.1585349440574646,,0,0,0,0,0,0,0,0,0,0
fake_front,clean+shift,61,0,CleanCoop,0,10,1,0.0,0,0.6070963144302368,,0,0,0,0,0,0,0,0,0,0
fake_front,clean+shift,61,0,PrimaryRaw,0,10,1,1.0,10,0.6070963144302368,,0,0,0,0,0,0,0,0,0,0
fake_front,clean+shift,61,0,PrimaryTrustCalib,0,10,1,1.0,10,0.6070963144302368,accept,0,0,0,0,0,0,0,0,0,0
fake_front,clean+shift,61,0,MultiPeerObjectGuard,0,10,1,0.0,0,0.6070963144302368,object_quarantine,1,1,1,0,0,0,0,0,0,0
fake_front,clean+shift,61,1,EgoOnly,0,10,0,0.0,0,0.1577998697757721,,0,0,0,0,0,0,0,0,0,0
fake_front,clean+shift,61,1,CleanCoop,0,10,1,0.0,0,0.6061511635780334,,0,0,0,0,0,0,0,0,0,0
fake_front,clean+shift,61,1,PrimaryRaw,0,10,1,1.0,10,0.6061511635780334,,0,0,0,0,0,0,0,0,0,0
fake_front,clean+shift,61,1,PrimaryTrustCalib,0,10,1,1.0,10,0.6061511635780334,accept,0,0,0,0,0,0,0,0,0,0
fake_front,clean+shift,61,1,MultiPeerObjectGuard,0,10,1,0.0,0,0.6061511635780334,object_quarantine,1,1,1,0,0,0,0,0,0,0
fake_front,clean+shift,61,2,EgoOnly,0,10,0,0.0,0,0.1567598581314087,,0,0,0,0,0,0,0,0,0,0
fake_front,clean+shift,61,2,CleanCoop,0,10,1,0.0,0,0.6044626235961914,,0,0,0,0,0,0,0,0,0,0
fake_front,clean+shift,61,2,PrimaryRaw,0,10,1,1.0,10,0.6044626235961914,,0,0,0,0,0,0,0,0,0,0
fake_front,clean+shift,61,2,PrimaryTrustCalib,0,10,1,1.0,10,0.6044626235961914,accept,0,0,0,0,0,0,0,0,0,0
fake_front,clean+shift,61,2,MultiPeerObjectGuard,0,10,1,0.0,0,0.6044626235961914,object_quarantine,1,1,1,0,0,0,0,0,0,0
fake_front,clean+shift,61,3,EgoOnly,0,10,0,0.0,0,0.15542814135551453,,0,0,0,0,0,0,0,0,0,0
fake_front,clean+shift,61,3,CleanCoop,0,10,1,0.0,0,0.6007642149925232,,0,0,0,0,0,0,0,0,0,0
fake_front,clean+shift,61,3,PrimaryRaw,0,10,1,1.0,10,0.6007642149925232,,0,0,0,0,0,0,0,0,0,0
fake_front,clean+shift,61,3,PrimaryTrustCalib,0,10,1,1.0,10,0.6007642149925232,accept,0,0,0,0,0,0,0,0,0,0
fake_front,clean+shift,61,3,MultiPeerObjectGuard,0,10,1,0.0,0,0.6007642149925232,object_quarantine,1,1,1,0,0,0,0,0,0,0
fake_front,clean+shift,61,4,EgoOnly,0,10,0,0.0,0,0.18278901278972626,,0,0,0,0,0,0,0,0,0,0
fake_front,clean+shift,61,4,CleanCoop,0,10,1,0.0,0,0.596112072467804,,0,0,0,0,0,0,0,0,0,0
fake_front,clean+shift,61,4,PrimaryRaw,0,10,1,1.0,10,0.596112072467804,,0,0,0,0,0,0,0,0,0,0
fake_front,clean+shift,61,4,PrimaryTrustCalib,0,10,1,1.0,10,0.596112072467804,accept,0,0,0,0,0,0,0,0,0,0
fake_front,clean+shift,61,4,MultiPeerObjectGuard,0,10,1,0.0,0,0.596112072467804,object_quarantine,1,1,1,0,0,0,0,0,0,0
fake_front,clean+shift,61,5,EgoOnly,0,10,0,0.0,0,0.20593784749507904,,0,0,0,0,0,0,0,0,0,0
fake_front,clean+shift,61,5,CleanCoop,0,10,1,0.0,0,0.5887318253517151,,0,0,0,0,0,0,0,0,0,0
fake_front,clean+shift,61,5,PrimaryRaw,0,10,1,1.0,10,0.5887318253517151,,0,0,0,0,0,0,0,0,0,0
fake_front,clean+shift,61,5,PrimaryTrustCalib,0,10,1,1.0,10,0.5887318253517151,accept,0,0,0,0,0,0,0,0,0,0
fake_front,clean+shift,61,5,MultiPeerObjectGuard,0,10,1,0.0,0,0.5887318253517151,object_quarantine,1,1,1,0,0,0,0,0,0,0
fake_front,clean+shift,61,6,EgoOnly,0,10,0,0.0,0,0.18744148313999176,,0,0,0,0,0,0,0,0,0,0
fake_front,clean+shift,61,6,CleanCoop,0,10,1,0.0,0,0.5641404986381531,,0,0,0,0,0,0,0,0,0,0
fake_front,clean+shift,61,6,PrimaryRaw,0,10,1,1.0,10,0.5641404986381531,,0,0,0,0,0,0,0,0,0,0
fake_front,clean+shift,61,6,PrimaryTrustCalib,0,10,1,1.0,10,0.5641404986381531,accept,0,0,0,0,0,0,0,0,0,0
fake_front,clean+shift,61,6,MultiPeerObjectGuard,0,10,1,0.0,0,0.5641404986381531,object_quarantine,1,1,1,0,0,0,0,0,0,0
fake_front,clean+shift,61,7,EgoOnly,0,10,0,0.0,0,0.17855048179626465,,0,0,0,0,0,0,0,0,0,0
fake_front,clean+shift,61,7,CleanCoop,0,10,1,0.0,0,0.5539177656173706,,0,0,0,0,0,0,0,0,0,0
fake_front,clean+shift,61,7,PrimaryRaw,0,10,1,1.0,10,0.5539177656173706,,0,0,0,0,0,0,0,0,0,0
fake_front,clean+shift,61,7,PrimaryTrustCalib,0,10,1,1.0,10,0.5539177656173706,accept,0,0,0,0,0,0,0,0,0,0
fake_front,clean+shift,61,7,MultiPeerObjectGuard,0,10,1,0.0,0,0.5539177656173706,object_quarantine,1,1,1,0,0,0,0,0,0,0
fake_front,clean+shift,61,8,EgoOnly,0,10,0,0.0,0,0.15838751196861267,,0,0,0,0,0,0,0,0,0,0
fake_front,clean+shift,61,8,CleanCoop,0,10,1,0.0,0,0.5564045310020447,,0,0,0,0,0,0,0,0,0,0
fake_front,clean+shift,61,8,PrimaryRaw,0,10,1,1.0,10,0.5564045310020447,,0,0,0,0,0,0,0,0,0,0
fake_front,clean+shift,61,8,PrimaryTrustCalib,0,10,1,1.0,10,0.5564045310020447,accept,0,0,0,0,0,0,0,0,0,0
fake_front,clean+shift,61,8,MultiPeerObjectGuard,0,10,1,0.0,0,0.5564045310020447,object_quarantine,1,1,1,0,0,0,0,0,0,0
fake_front,clean+shift,61,9,EgoOnly,0,10,0,0.0,0,0.16024668514728546,,0,0,0,0,0,0,0,0,0,0
fake_front,clean+shift,61,9,CleanCoop,0,10,1,0.0,0,0.5521607398986816,,0,0,0,0,0,0,0,0,0,0
fake_front,clean+shift,61,9,PrimaryRaw,0,10,1,1.0,10,0.5521607398986816,,0,0,0,0,0,0,0,0,0,0
fake_front,clean+shift,61,9,PrimaryTrustCalib,0,10,1,1.0,10,0.5521607398986816,accept,0,0,0,0,0,0,0,0,0,0
fake_front,clean+shift,61,9,MultiPeerObjectGuard,0,10,1,0.0,0,0.5521607398986816,object_quarantine,1,1,1,0,0,0,0,0,0,0
fake_front,clean+shift,61,10,EgoOnly,0,10,0,0.0,0,0.2693605124950409,,0,0,0,0,0,0,0,0,0,0
fake_front,clean+shift,61,10,CleanCoop,0,10,1,0.0,0,0.5360832214355469,,0,0,0,0,0,0,0,0,0,0
fake_front,clean+shift,61,10,PrimaryRaw,0,10,1,1.0,10,0.5360832214355469,,0,0,0,0,0,0,0,0,0,0
fake_front,clean+shift,61,10,PrimaryTrustCalib,0,10,1,1.0,10,0.5360832214355469,accept,0,0,0,0,0,0,0,0,0,0
fake_front,clean+shift,61,10,MultiPeerObjectGuard,0,10,1,0.0,0,0.5360832214355469,object_quarantine,1,1,1,0,0,0,0,0,0,0
fake_front,clean+shift,61,11,EgoOnly,0,10,1,0.0,0,0.32987603545188904,,0,0,0,0,0,0,0,0,0,0
fake_front,clean+shift,61,11,CleanCoop,0,10,1,0.0,0,0.5223098993301392,,0,0,0,0,0,0,0,0,0,0
fake_front,clean+shift,61,11,PrimaryRaw,0,10,1,1.0,10,0.5223098993301392,,0,0,0,0,0,0,0,0,0,0
fake_front,clean+shift,61,11,PrimaryTrustCalib,0,10,1,1.0,10,0.5223098993301392,accept,0,0,0,0,0,0,0,0,0,0
fake_front,clean+shift,61,11,MultiPeerObjectGuard,0,10,1,0.0,0,0.5223098993301392,object_quarantine,1,1,1,0,0,0,0,0,0,0
fake_front,clean+shift,61,12,EgoOnly,0,10,0,0.0,0,0.14867573976516724,,0,0,0,0,0,0,0,0,0,0
fake_front,clean+shift,61,12,CleanCoop,0,10,1,0.0,0,0.46066737174987793,,0,0,0,0,0,0,0,0,0,0
fake_front,clean+shift,61,12,PrimaryRaw,0,10,1,1.0,10,0.46066737174987793,,0,0,0,0,0,0,0,0,0,0
fake_front,clean+shift,61,12,PrimaryTrustCalib,0,10,1,1.0,10,0.46066737174987793,accept,0,0,0,0,0,0,0,0,0,0
fake_front,clean+shift,61,12,MultiPeerObjectGuard,0,10,1,0.0,0,0.46066737174987793,object_quarantine,1,1,1,0,0,0,0,0,0,0
fake_front,clean+shift,61,13,EgoOnly,0,10,1,0.0,0,0.33459967374801636,,0,0,0,0,0,0,0,0,0,0
fake_front,clean+shift,61,13,CleanCoop,0,10,1,0.0,0,0.3913387954235077,,0,0,0,0,0,0,0,0,0,0
fake_front,clean+shift,61,13,PrimaryRaw,0,10,1,1.0,10,0.3913387954235077,,0,0,0,0,0,0,0,0,0,0
fake_front,clean+shift,61,13,PrimaryTrustCalib,0,10,1,1.0,10,0.3913387954235077,accept,0,0,0,0,0,0,0,0,0,0
fake_front,clean+shift,61,13,MultiPeerObjectGuard,0,10,1,0.0,0,0.3913387954235077,object_quarantine,1,1,1,0,0,0,0,0,0,0
fake_front,clean+shift,61,14,EgoOnly,0,10,0,0.0,0,0.280720591545105,,0,0,0,0,0,0,0,0,0,0
fake_front,clean+shift,61,14,CleanCoop,0,10,1,0.0,0,0.3111437261104584,,0,0,0,0,0,0,0,0,0,0
fake_front,clean+shift,61,14,PrimaryRaw,0,10,1,1.0,10,0.3111437261104584,,0,0,0,0,0,0,0,0,0,0
fake_front,clean+shift,61,14,PrimaryTrustCalib,0,10,1,1.0,10,0.3111437261104584,accept,0,0,0,0,0,0,0,0,0,0
fake_front,clean+shift,61,14,MultiPeerObjectGuard,0,10,1,0.0,0,0.3111437261104584,object_quarantine,1,1,1,0,0,0,0,0,0,0
fake_front,clean+shift,61,15,EgoOnly,0,10,0,0.0,0,0.14127828180789948,,0,0,0,0,0,0,0,0,0,0
fake_front,clean+shift,61,15,CleanCoop,0,10,0,0.0,0,0.2647608816623688,,0,0,0,0,0,0,0,0,0,0
fake_front,clean+shift,61,15,PrimaryRaw,0,10,1,1.0,10,0.2647608816623688,,0,0,0,0,0,0,0,0,0,0
fake_front,clean+shift,61,15,PrimaryTrustCalib,0,10,1,1.0,10,0.2647608816623688,accept,0,0,0,0,0,0,0,0,0,0
fake_front,clean+shift,61,15,MultiPeerObjectGuard,0,10,0,0.0,0,0.2647608816623688,object_quarantine,1,1,1,0,0,0,0,0,0,0
fake_front,clean+shift,61,16,EgoOnly,0,10,0,0.0,0,0.14102959632873535,,0,0,0,0,0,0,0,0,0,0
fake_front,clean+shift,61,16,CleanCoop,0,10,0,0.0,0,0.25616708397865295,,0,0,0,0,0,0,0,0,0,0
fake_front,clean+shift,61,16,PrimaryRaw,0,10,1,1.0,10,0.25616708397865295,,0,0,0,0,0,0,0,0,0,0
fake_front,clean+shift,61,16,PrimaryTrustCalib,0,10,1,1.0,10,0.25616708397865295,accept,0,0,0,0,0,0,0,0,0,0
fake_front,clean+shift,61,16,MultiPeerObjectGuard,0,10,0,0.0,0,0.25616708397865295,object_quarantine,1,1,1,0,0,0,0,0,0,0
fake_front,clean+shift,61,17,EgoOnly,0,10,0,0.0,0,0.11097782850265503,,0,0,0,0,0,0,0,0,0,0
fake_front,clean+shift,61,17,CleanCoop,0,10,0,0.0,0,0.2507348656654358,,0,0,0,0,0,0,0,0,0,0
fake_front,clean+shift,61,17,PrimaryRaw,0,10,1,1.0,10,0.2507348656654358,,0,0,0,0,0,0,0,0,0,0
fake_front,clean+shift,61,17,PrimaryTrustCalib,0,10,1,1.0,10,0.2507348656654358,accept,0,0,0,0,0,0,0,0,0,0
fake_front,clean+shift,61,17,MultiPeerObjectGuard,0,10,0,0.0,0,0.2507348656654358,object_quarantine,1,1,1,0,0,0,0,0,0,0
fake_front,clean+shift,61,18,EgoOnly,0,10,0,0.0,0,0.10834883898496628,,0,0,0,0,0,0,0,0,0,0
fake_front,clean+shift,61,18,CleanCoop,0,10,0,0.0,0,0.2534773051738739,,0,0,0,0,0,0,0,0,0,0
fake_front,clean+shift,61,18,PrimaryRaw,0,10,1,1.0,10,0.2534773051738739,,0,0,0,0,0,0,0,0,0,0
fake_front,clean+shift,61,18,PrimaryTrustCalib,0,10,1,1.0,10,0.2534773051738739,accept,0,0,0,0,0,0,0,0,0,0
fake_front,clean+shift,61,18,MultiPeerObjectGuard,0,10,0,0.0,0,0.2534773051738739,object_quarantine,1,1,1,0,0,0,0,0,0,0
fake_front,clean+shift,61,19,EgoOnly,0,10,0,0.0,0,0.12859654426574707,,0,0,0,0,0,0,0,0,0,0
fake_front,clean+shift,61,19,CleanCoop,0,10,0,0.0,0,0.23172345757484436,,0,0,0,0,0,0,0,0,0,0
fake_front,clean+shift,61,19,PrimaryRaw,0,10,1,1.0,10,0.23172345757484436,,0,0,0,0,0,0,0,0,0,0
fake_front,clean+shift,61,19,PrimaryTrustCalib,0,10,1,1.0,10,0.23172345757484436,accept,0,0,0,0,0,0,0,0,0,0
fake_front,clean+shift,61,19,MultiPeerObjectGuard,0,10,0,0.0,0,0.23172345757484436,object_quarantine,1,1,1,0,0,0,0,0,0,0
fake_front,clean+shift,67,0,EgoOnly,0,10,1,0.0,0,0.3531953990459442,,0,0,0,0,0,0,0,0,0,0
fake_front,clean+shift,67,0,CleanCoop,0,10,0,0.0,0,0.18192555010318756,,0,0,0,0,0,0,0,0,0,0
fake_front,clean+shift,67,0,PrimaryRaw,0,10,1,1.0,10,0.17885011434555054,,0,0,0,0,0,0,0,0,0,0
fake_front,clean+shift,67,0,PrimaryTrustCalib,0,10,1,1.0,10,0.17885011434555054,accept,0,0,0,0,0,0,0,0,0,0
fake_front,clean+shift,67,0,MultiPeerObjectGuard,0,10,0,0.0,0,0.18192555010318756,object_quarantine,1,1,1,0,0,0,0,0,0,0
fake_front,clean+shift,67,1,EgoOnly,0,10,1,0.0,0,0.33609575033187866,,0,0,0,0,0,0,0,0,0,0
fake_front,clean+shift,67,1,CleanCoop,0,10,0,0.0,0,0.18952211737632751,,0,0,0,0,0,0,0,0,0,0
fake_front,clean+shift,67,1,PrimaryRaw,0,10,1,1.0,10,0.1854752153158188,,0,0,0,0,0,0,0,0,0,0
fake_front,clean+shift,67,1,PrimaryTrustCalib,0,10,1,1.0,10,0.1854752153158188,accept,0,0,0,0,0,0,0,0,0,0
fake_front,clean+shift,67,1,MultiPeerObjectGuard,0,10,0,0.0,0,0.18952211737632751,object_quarantine,1,1,1,0,0,0,0,0,0,0
fake_front,clean+shift,67,2,EgoOnly,0,10,1,0.0,0,0.31806614995002747,,0,0,0,0,0,0,0,0,0,0
fake_front,clean+shift,67,2,CleanCoop,0,10,0,0.0,0,0.1922120749950409,,0,0,0,0,0,0,0,0,0,0
fake_front,clean+shift,67,2,PrimaryRaw,0,10,1,1.0,10,0.18778395652770996,,0,0,0,0,0,0,0,0,0,0
fake_front,clean+shift,67,2,PrimaryTrustCalib,0,10,1,1.0,10,0.18778395652770996,accept,0,0,0,0,0,0,0,0,0,0
fake_front,clean+shift,67,2,MultiPeerObjectGuard,0,10,0,0.0,0,0.1922120749950409,object_quarantine,1,1,1,0,0,0,0,0,0,0
fake_front,clean+shift,67,3,EgoOnly,0,10,0,0.0,0,0.29091113805770874,,0,0,0,0,0,0,0,0,0,0
fake_front,clean+shift,67,3,CleanCoop,0,10,0,0.0,0,0.20064280927181244,,0,0,0,0,0,0,0,0,0,0
fake_front,clean+shift,67,3,PrimaryRaw,0,10,1,1.0,10,0.1951139271259308,,0,0,0,0,0,0,0,0,0,0
fake_front,clean+shift,67,3,PrimaryTrustCalib,0,10,1,1.0,10,0.1951139271259308,accept,0,0,0,0,0,0,0,0,0,0
fake_front,clean+shift,67,3,MultiPeerObjectGuard,0,10,0,0.0,0,0.20064280927181244,object_quarantine,1,1,1,0,0,0,0,0,0,0
fake_front,clean+shift,67,4,EgoOnly,0,10,0,0.0,0,0.2816416919231415,,0,0,0,0,0,0,0,0,0,0
fake_front,clean+shift,67,4,CleanCoop,0,10,0,0.0,0,0.20111843943595886,,0,0,0,0,0,0,0,0,0,0
fake_front,clean+shift,67,4,PrimaryRaw,0,10,1,1.0,10,0.19530734419822693,,0,0,0,0,0,0,0,0,0,0
fake_front,clean+shift,67,4,PrimaryTrustCalib,0,10,1,1.0,10,0.19530734419822693,accept,0,0,0,0,0,0,0,0,0,0
fake_front,clean+shift,67,4,MultiPeerObjectGuard,0,10,0,0.0,0,0.20111843943595886,object_quarantine,1,1,1,0,0,0,0,0,0,0
fake_front,clean+shift,67,5,EgoOnly,0,10,0,0.0,0,0.2644801735877991,,0,0,0,0,0,0,0,0,0,0
fake_front,clean+shift,67,5,CleanCoop,0,10,0,0.0,0,0.2030399739742279,,0,0,0,0,0,0,0,0,0,0
fake_front,clean+shift,67,5,PrimaryRaw,0,10,1,1.0,10,0.19658227264881134,,0,0,0,0,0,0,0,0,0,0
fake_front,clean+shift,67,5,PrimaryTrustCalib,0,10,1,1.0,10,0.19658227264881134,accept,0,0,0,0,0,0,0,0,0,0
fake_front,clean+shift,67,5,MultiPeerObjectGuard,0,10,0,0.0,0,0.2030399739742279,object_quarantine,1,1,1,0,0,0,0,0,0,0
fake_front,clean+shift,67,6,EgoOnly,0,10,0,0.0,0,0.1578536182641983,,0,0,0,0,0,0,0,0,0,0
fake_front,clean+shift,67,6,CleanCoop,0,10,0,0.0,0,0.2081427276134491,,0,0,0,0,0,0,0,0,0,0
fake_front,clean+shift,67,6,PrimaryRaw,0,10,1,1.0,10,0.20078203082084656,,0,0,0,0,0,0,0,0,0,0
fake_front,clean+shift,67,6,PrimaryTrustCalib,0,10,1,1.0,10,0.20078203082084656,accept,0,0,0,0,0,0,0,0,0,0
fake_front,clean+shift,67,6,MultiPeerObjectGuard,0,10,0,0.0,0,0.2081427276134491,object_quarantine,1,1,1,0,0,0,0,0,0,0
fake_front,clean+shift,67,7,EgoOnly,0,10,0,0.0,0,0.15697267651557922,,0,0,0,0,0,0,0,0,0,0
fake_front,clean+shift,67,7,CleanCoop,0,10,0,0.0,0,0.21363534033298492,,0,0,0,0,0,0,0,0,0,0
fake_front,clean+shift,67,7,PrimaryRaw,0,10,1,1.0,10,0.20544840395450592,,0,0,0,0,0,0,0,0,0,0
fake_front,clean+shift,67,7,PrimaryTrustCalib,0,10,1,1.0,10,0.20544840395450592,accept,0,0,0,0,0,0,0,0,0,0
fake_front,clean+shift,67,7,MultiPeerObjectGuard,0,10,0,0.0,0,0.21363534033298492,object_quarantine,1,1,1,0,0,0,0,0,0,0
fake_front,clean+shift,67,8,EgoOnly,0,10,0,0.0,0,0.1633763611316681,,0,0,0,0,0,0,0,0,0,0
fake_front,clean+shift,67,8,CleanCoop,0,10,0,0.0,0,0.21888887882232666,,0,0,0,0,0,0,0,0,0,0
fake_front,clean+shift,67,8,PrimaryRaw,0,10,1,1.0,10,0.209700345993042,,0,0,0,0,0,0,0,0,0,0
fake_front,clean+shift,67,8,PrimaryTrustCalib,0,10,1,1.0,10,0.209700345993042,accept,0,0,0,0,0,0,0,0,0,0
fake_front,clean+shift,67,8,MultiPeerObjectGuard,0,10,0,0.0,0,0.21888887882232666,object_quarantine,1,1,1,0,0,0,0,0,0,0
fake_front,clean+shift,67,9,EgoOnly,0,10,0,0.0,0,0.16880136728286743,,0,0,0,0,0,0,0,0,0,0
fake_front,clean+shift,67,9,CleanCoop,0,10,0,0.0,0,0.2629130482673645,,0,0,0,0,0,0,0,0,0,0
fake_front,clean+shift,67,9,PrimaryRaw,0,10,1,1.0,10,0.24065512418746948,,0,0,0,0,0,0,0,0,0,0
fake_front,clean+shift,67,9,PrimaryTrustCalib,0,10,1,1.0,10,0.24065512418746948,accept,0,0,0,0,0,0,0,0,0,0
fake_front,clean+shift,67,9,MultiPeerObjectGuard,0,10,0,0.0,0,0.2629130482673645,object_quarantine,1,1,1,0,0,0,0,0,0,0
fake_front,clean+shift,67,10,EgoOnly,0,10,0,0.0,0,0.17878876626491547,,0,0,0,0,0,0,0,0,0,0
fake_front,clean+shift,67,10,CleanCoop,0,10,0,0.0,0,0.1960095316171646,,0,0,0,0,0,0,0,0,0,0
fake_front,clean+shift,67,10,PrimaryRaw,0,10,1,1.0,10,0.18422099947929382,,0,0,0,0,0,0,0,0,0,0
fake_front,clean+shift,67,10,PrimaryTrustCalib,0,10,1,1.0,10,0.18422099947929382,accept,0,0,0,0,0,0,0,0,0,0
fake_front,clean+shift,67,10,MultiPeerObjectGuard,0,10,0,0.0,0,0.1960095316171646,object_quarantine,1,1,1,0,0,0,0,0,0,0
fake_front,clean+shift,67,11,EgoOnly,0,10,0,0.0,0,0.17143896222114563,,0,0,0,0,0,0,0,0,0,0
fake_front,clean+shift,67,11,CleanCoop,0,10,0,0.0,0,0.1875026375055313,,0,0,0,0,0,0,0,0,0,0
fake_front,clean+shift,67,11,PrimaryRaw,0,10,1,1.0,10,0.17746125161647797,,0,0,0,0,0,0,0,0,0,0
fake_front,clean+shift,67,11,PrimaryTrustCalib,0,10,1,1.0,10,0.17746125161647797,accept,0,0,0,0,0,0,0,0,0,0
fake_front,clean+shift,67,11,MultiPeerObjectGuard,0,10,0,0.0,0,0.1875026375055313,object_quarantine,1,1,1,0,0,0,0,0,0,0
fake_front,clean+shift,67,12,EgoOnly,0,10,0,0.0,0,0.18095116317272186,,0,0,0,0,0,0,0,0,0,0
fake_front,clean+shift,67,12,CleanCoop,0,10,0,0.0,0,0.19057084619998932,,0,0,0,0,0,0,0,0,0,0
fake_front,clean+shift,67,12,PrimaryRaw,0,10,1,1.0,10,0.17959314584732056,,0,0,0,0,0,0,0,0,0,0
fake_front,clean+shift,67,12,PrimaryTrustCalib,0,10,1,1.0,10,0.17959314584732056,accept,0,0,0,0,0,0,0,0,0,0
fake_front,clean+shift,67,12,MultiPeerObjectGuard,0,10,0,0.0,0,0.19057084619998932,object_quarantine,1,1,1,0,0,0,0,0,0,0
fake_front,clean+shift,67,13,EgoOnly,0,10,0,0.0,0,0.18688222765922546,,0,0,0,0,0,0,0,0,0,0
fake_front,clean+shift,67,13,CleanCoop,0,10,0,0.0,0,0.1926261931657791,,0,0,0,0,0,0,0,0,0,0
fake_front,clean+shift,67,13,PrimaryRaw,0,10,1,1.0,10,0.18097788095474243,,0,0,0,0,0,0,0,0,0,0
fake_front,clean+shift,67,13,PrimaryTrustCalib,0,10,1,1.0,10,0.18097788095474243,accept,0,0,0,0,0,0,0,0,0,0
fake_front,clean+shift,67,13,MultiPeerObjectGuard,0,10,0,0.0,0,0.1926261931657791,object_quarantine,1,1,1,0,0,0,0,0,0,0
fake_front,clean+shift,67,14,EgoOnly,0,10,0,0.0,0,0.18799331784248352,,0,0,0,0,0,0,0,0,0,0
fake_front,clean+shift,67,14,CleanCoop,0,10,0,0.0,0,0.1945132166147232,,0,0,0,0,0,0,0,0,0,0
fake_front,clean+shift,67,14,PrimaryRaw,0,10,1,1.0,10,0.18217213451862335,,0,0,0,0,0,0,0,0,0,0
fake_front,clean+shift,67,14,PrimaryTrustCalib,0,10,1,1.0,10,0.18217213451862335,accept,0,0,0,0,0,0,0,0,0,0
fake_front,clean+shift,67,14,MultiPeerObjectGuard,0,10,0,0.0,0,0.1945132166147232,object_quarantine,1,1,1,0,0,0,0,0,0,0
fake_front,clean+shift,67,15,EgoOnly,0,10,0,0.0,0,0.1929899901151657,,0,0,0,0,0,0,0,0,0,0
fake_front,clean+shift,67,15,CleanCoop,0,10,0,0.0,0,0.19996805489063263,,0,0,0,0,0,0,0,0,0,0
fake_front,clean+shift,67,15,PrimaryRaw,0,10,1,1.0,10,0.1864538937807083,,0,0,0,0,0,0,0,0,0,0
fake_front,clean+shift,67,15,PrimaryTrustCalib,0,10,1,1.0,10,0.1864538937807083,accept,0,0,0,0,0,0,0,0,0,0
fake_front,clean+shift,67,15,MultiPeerObjectGuard,0,10,0,0.0,0,0.19996805489063263,object_quarantine,1,1,1,0,0,0,0,0,0,0
fake_front,clean+shift,67,16,EgoOnly,0,10,0,0.0,0,0.19603724777698517,,0,0,0,0,0,0,0,0,0,0
fake_front,clean+shift,67,16,CleanCoop,0,10,0,0.0,0,0.20344367623329163,,0,0,0,0,0,0,0,0,0,0
fake_front,clean+shift,67,16,PrimaryRaw,0,10,1,1.0,10,0.18920132517814636,,0,0,0,0,0,0,0,0,0,0
fake_front,clean+shift,67,16,PrimaryTrustCalib,0,10,1,1.0,10,0.18920132517814636,accept,0,0,0,0,0,0,0,0,0,0
fake_front,clean+shift,67,16,MultiPeerObjectGuard,0,10,0,0.0,0,0.20344367623329163,object_quarantine,1,1,1,0,0,0,0,0,0,0
fake_front,clean+shift,67,17,EgoOnly,0,10,0,0.0,0,0.20082855224609375,,0,0,0,0,0,0,0,0,0,0
fake_front,clean+shift,67,17,CleanCoop,0,10,0,0.0,0,0.20841830968856812,,0,0,0,0,0,0,0,0,0,0
fake_front,clean+shift,67,17,PrimaryRaw,0,10,1,1.0,10,0.192967027425766,,0,0,0,0,0,0,0,0,0,0
fake_front,clean+shift,67,17,PrimaryTrustCalib,0,10,1,1.0,10,0.192967027425766,accept,0,0,0,0,0,0,0,0,0,0
fake_front,clean+shift,67,17,MultiPeerObjectGuard,0,10,0,0.0,0,0.20841830968856812,object_quarantine,1,1,1,0,0,0,0,0,0,0
fake_front,clean+shift,67,18,EgoOnly,0,10,0,0.0,0,0.20493096113204956,,0,0,0,0,0,0,0,0,0,0
fake_front,clean+shift,67,18,CleanCoop,0,10,0,0.0,0,0.21254101395606995,,0,0,0,0,0,0,0,0,0,0
fake_front,clean+shift,67,18,PrimaryRaw,0,10,1,1.0,10,0.19563569128513336,,0,0,0,0,0,0,0,0,0,0
fake_front,clean+shift,67,18,PrimaryTrustCalib,0,10,1,1.0,10,0.19563569128513336,accept,0,0,0,0,0,0,0,0,0,0
fake_front,clean+shift,67,18,MultiPeerObjectGuard,0,10,0,0.0,0,0.21254101395606995,object_quarantine,1,1,1,0,0,0,0,0,0,0
fake_front,clean+shift,67,19,EgoOnly,0,10,0,0.0,0,0.21823662519454956,,0,0,0,0,0,0,0,0,0,0
fake_front,clean+shift,67,19,CleanCoop,0,10,0,0.0,0,0.2289564162492752,,0,0,0,0,0,0,0,0,0,0
fake_front,clean+shift,67,19,PrimaryRaw,0,10,1,1.0,10,0.2072141319513321,,0,0,0,0,0,0,0,0,0,0
fake_front,clean+shift,67,19,PrimaryTrustCalib,0,10,1,1.0,10,0.2072141319513321,accept,0,0,0,0,0,0,0,0,0,0
fake_front,clean+shift,67,19,MultiPeerObjectGuard,0,10,0,0.0,0,0.2289564162492752,object_quarantine,1,1,1,0,0,0,0,0,0,0
fake_front,clean+shift,73,0,EgoOnly,0,10,0,0.0,0,0.16601423919200897,,0,0,0,0,0,0,0,0,0,0
fake_front,clean+shift,73,0,CleanCoop,0,10,0,0.0,0,0.19133087992668152,,0,0,0,0,0,0,0,0,0,0
fake_front,clean+shift,73,0,PrimaryRaw,0,10,1,1.0,10,0.18552108108997345,,0,0,0,0,0,0,0,0,0,0
fake_front,clean+shift,73,0,PrimaryTrustCalib,0,10,1,1.0,10,0.18552108108997345,accept,0,0,0,0,0,0,0,0,0,0
fake_front,clean+shift,73,0,MultiPeerObjectGuard,0,10,0,0.0,0,0.19133087992668152,object_quarantine,1,1,1,0,0,0,0,0,0,0
fake_front,clean+shift,73,1,EgoOnly,0,10,0,0.0,0,0.16534101963043213,,0,0,0,0,0,0,0,0,0,0
fake_front,clean+shift,73,1,CleanCoop,0,10,0,0.0,0,0.19109538197517395,,0,0,0,0,0,0,0,0,0,0
fake_front,clean+shift,73,1,PrimaryRaw,0,10,1,1.0,10,0.18532919883728027,,0,0,0,0,0,0,0,0,0,0
fake_front,clean+shift,73,1,PrimaryTrustCalib,0,10,1,1.0,10,0.18532919883728027,accept,0,0,0,0,0,0,0,0,0,0
fake_front,clean+shift,73,1,MultiPeerObjectGuard,0,10,0,0.0,0,0.19109538197517395,object_quarantine,1,1,1,0,0,0,0,0,0,0
fake_front,clean+shift,73,2,EgoOnly,0,10,0,0.0,0,0.16499581933021545,,0,0,0,0,0,0,0,0,0,0
fake_front,clean+shift,73,2,CleanCoop,0,10,0,0.0,0,0.19113703072071075,,0,0,0,0,0,0,0,0,0,0
fake_front,clean+shift,73,2,PrimaryRaw,0,10,1,1.0,10,0.18537770211696625,,0,0,0,0,0,0,0,0,0,0
fake_front,clean+shift,73,2,PrimaryTrustCalib,0,10,1,1.0,10,0.18537770211696625,accept,0,0,0,0,0,0,0,0,0,0
fake_front,clean+shift,73,2,MultiPeerObjectGuard,0,10,0,0.0,0,0.19113703072071075,object_quarantine,1,1,1,0,0,0,0,0,0,0
fake_front,clean+shift,73,3,EgoOnly,0,10,0,0.0,0,0.16485720872879028,,0,0,0,0,0,0,0,0,0,0
fake_front,clean+shift,73,3,CleanCoop,0,10,0,0.0,0,0.19129540026187897,,0,0,0,0,0,0,0,0,0,0
fake_front,clean+shift,73,3,PrimaryRaw,0,10,1,1.0,10,0.18556775152683258,,0,0,0,0,0,0,0,0,0,0
fake_front,clean+shift,73,3,PrimaryTrustCalib,0,10,1,1.0,10,0.18556775152683258,accept,0,0,0,0,0,0,0,0,0,0
fake_front,clean+shift,73,3,MultiPeerObjectGuard,0,10,0,0.0,0,0.19129540026187897,object_quarantine,1,1,1,0,0,0,0,0,0,0
fake_front,clean+shift,73,4,EgoOnly,0,10,0,0.0,0,0.1649143099784851,,0,0,0,0,0,0,0,0,0,0
fake_front,clean+shift,73,4,CleanCoop,0,10,0,0.0,0,0.19163823127746582,,0,0,0,0,0,0,0,0,0,0
fake_front,clean+shift,73,4,PrimaryRaw,0,10,1,1.0,10,0.1859140694141388,,0,0,0,0,0,0,0,0,0,0
fake_front,clean+shift,73,4,PrimaryTrustCalib,0,10,1,1.0,10,0.1859140694141388,accept,0,0,0,0,0,0,0,0,0,0
fake_front,clean+shift,73,4,MultiPeerObjectGuard,0,10,0,0.0,0,0.19163823127746582,object_quarantine,1,1,1,0,0,0,0,0,0,0
fake_front,clean+shift,73,5,EgoOnly,0,10,0,0.0,0,0.16479618847370148,,0,0,0,0,0,0,0,0,0,0
fake_front,clean+shift,73,5,CleanCoop,0,10,0,0.0,0,0.19155773520469666,,0,0,0,0,0,0,0,0,0,0
fake_front,clean+shift,73,5,PrimaryRaw,0,10,1,1.0,10,0.18585072457790375,,0,0,0,0,0,0,0,0,0,0
fake_front,clean+shift,73,5,PrimaryTrustCalib,0,10,1,1.0,10,0.18585072457790375,accept,0,0,0,0,0,0,0,0,0,0
fake_front,clean+shift,73,5,MultiPeerObjectGuard,0,10,0,0.0,0,0.19155773520469666,object_quarantine,1,1,1,0,0,0,0,0,0,0
fake_front,clean+shift,73,6,EgoOnly,0,10,0,0.0,0,0.16420230269432068,,0,0,0,0,0,0,0,0,0,0
fake_front,clean+shift,73,6,CleanCoop,0,10,0,0.0,0,0.19207710027694702,,0,0,0,0,0,0,0,0,0,0
fake_front,clean+shift,73,6,PrimaryRaw,0,10,1,1.0,10,0.18628239631652832,,0,0,0,0,0,0,0,0,0,0
fake_front,clean+shift,73,6,PrimaryTrustCalib,0,10,1,1.0,10,0.18628239631652832,accept,0,0,0,0,0,0,0,0,0,0
fake_front,clean+shift,73,6,MultiPeerObjectGuard,0,10,0,0.0,0,0.19207710027694702,object_quarantine,1,1,1,0,0,0,0,0,0,0
fake_front,clean+shift,73,7,EgoOnly,0,10,0,0.0,0,0.16457699239253998,,0,0,0,0,0,0,0,0,0,0
fake_front,clean+shift,73,7,CleanCoop,0,10,0,0.0,0,0.19382767379283905,,0,0,0,0,0,0,0,0,0,0
fake_front,clean+shift,73,7,PrimaryRaw,0,10,1,1.0,10,0.18783721327781677,,0,0,0,0,0,0,0,0,0,0
fake_front,clean+shift,73,7,PrimaryTrustCalib,0,10,1,1.0,10,0.18783721327781677,accept,0,0,0,0,0,0,0,0,0,0
fake_front,clean+shift,73,7,MultiPeerObjectGuard,0,10,0,0.0,0,0.19382767379283905,object_quarantine,1,1,1,0,0,0,0,0,0,0
fake_front,clean+shift,73,8,EgoOnly,0,10,0,0.0,0,0.1621314436197281,,0,0,0,0,0,0,0,0,0,0
fake_front,clean+shift,73,8,CleanCoop,0,10,0,0.0,0,0.19264629483222961,,0,0,0,0,0,0,0,0,0,0
fake_front,clean+shift,73,8,PrimaryRaw,0,10,1,1.0,10,0.18659809231758118,,0,0,0,0,0,0,0,0,0,0
fake_front,clean+shift,73,8,PrimaryTrustCalib,0,10,1,1.0,10,0.18659809231758118,accept,0,0,0,0,0,0,0,0,0,0
fake_front,clean+shift,73,8,MultiPeerObjectGuard,0,10,0,0.0,0,0.19264629483222961,object_quarantine,1,1,1,0,0,0,0,0,0,0
fake_front,clean+shift,73,9,EgoOnly,0,10,0,0.0,0,0.15137217938899994,,0,0,0,0,0,0,0,0,0,0
fake_front,clean+shift,73,9,CleanCoop,0,10,0,0.0,0,0.18869300186634064,,0,0,0,0,0,0,0,0,0,0
fake_front,clean+shift,73,9,PrimaryRaw,0,10,1,1.0,10,0.18281590938568115,,0,0,0,0,0,0,0,0,0,0
fake_front,clean+shift,73,9,PrimaryTrustCalib,0,10,1,1.0,10,0.18281590938568115,accept,0,0,0,0,0,0,0,0,0,0
fake_front,clean+shift,73,9,MultiPeerObjectGuard,0,10,0,0.0,0,0.18869300186634064,object_quarantine,1,1,1,0,0,0,0,0,0,0
fake_front,clean+shift,73,10,EgoOnly,0,10,0,0.0,0,0.1406528651714325,,0,0,0,0,0,0,0,0,0,0
fake_front,clean+shift,73,10,CleanCoop,0,10,0,0.0,0,0.18518461287021637,,0,0,0,0,0,0,0,0,0,0
fake_front,clean+shift,73,10,PrimaryRaw,0,10,1,1.0,10,0.17960195243358612,,0,0,0,0,0,0,0,0,0,0
fake_front,clean+shift,73,10,PrimaryTrustCalib,0,10,1,1.0,10,0.17960195243358612,accept,0,0,0,0,0,0,0,0,0,0
fake_front,clean+shift,73,10,MultiPeerObjectGuard,0,10,0,0.0,0,0.18518461287021637,object_quarantine,1,1,1,0,0,0,0,0,0,0
fake_front,clean+shift,73,11,EgoOnly,0,10,0,0.0,0,0.10217231512069702,,0,0,0,0,0,0,0,0,0,0
fake_front,clean+shift,73,11,CleanCoop,0,10,0,0.0,0,0.14808225631713867,,0,0,0,0,0,0,0,0,0,0
fake_front,clean+shift,73,11,PrimaryRaw,0,10,1,1.0,10,0.1452464908361435,,0,0,0,0,0,0,0,0,0,0
fake_front,clean+shift,73,11,PrimaryTrustCalib,0,10,1,1.0,10,0.1452464908361435,accept,0,0,0,0,0,0,0,0,0,0
fake_front,clean+shift,73,11,MultiPeerObjectGuard,0,10,0,0.0,0,0.14808225631713867,object_quarantine,1,1,1,0,0,0,0,0,0,0
fake_front,clean+shift,73,12,EgoOnly,0,10,0,0.0,0,0.08897232264280319,,0,0,0,0,0,0,0,0,0,0
fake_front,clean+shift,73,12,CleanCoop,0,10,0,0.0,0,0.11726321280002594,,0,0,0,0,0,0,0,0,0,0
fake_front,clean+shift,73,12,PrimaryRaw,0,10,1,1.0,10,0.11756809800863266,,0,0,0,0,0,0,0,0,0,0
fake_front,clean+shift,73,12,PrimaryTrustCalib,0,10,1,1.0,10,0.11756809800863266,accept,0,0,0,0,0,0,0,0,0,0
fake_front,clean+shift,73,12,MultiPeerObjectGuard,0,10,0,0.0,0,0.11726321280002594,object_quarantine,1,1,1,0,0,0,0,0,0,0
fake_front,clean+shift,73,13,EgoOnly,0,10,0,0.0,0,0.09429789334535599,,0,0,0,0,0,0,0,0,0,0
fake_front,clean+shift,73,13,CleanCoop,0,10,0,0.0,0,0.10681170225143433,,0,0,0,0,0,0,0,0,0,0
fake_front,clean+shift,73,13,PrimaryRaw,0,10,1,1.0,10,0.10754664987325668,,0,0,0,0,0,0,0,0,0,0
fake_front,clean+shift,73,13,PrimaryTrustCalib,0,10,1,1.0,10,0.10754664987325668,accept,0,0,0,0,0,0,0,0,0,0
fake_front,clean+shift,73,13,MultiPeerObjectGuard,0,10,0,0.0,0,0.10681170225143433,object_quarantine,1,1,1,0,0,0,0,0,0,0
fake_front,clean+shift,73,14,EgoOnly,0,10,0,0.0,0,0.1721346229314804,,0,0,0,0,0,0,0,0,0,0
fake_front,clean+shift,73,14,CleanCoop,0,10,0,0.0,0,0.10056286305189133,,0,0,0,0,0,0,0,0,0,0
fake_front,clean+shift,73,14,PrimaryRaw,0,10,1,1.0,10,0.10107066482305527,,0,0,0,0,0,0,0,0,0,0
fake_front,clean+shift,73,14,PrimaryTrustCalib,0,10,1,1.0,10,0.10107066482305527,accept,0,0,0,0,0,0,0,0,0,0
fake_front,clean+shift,73,14,MultiPeerObjectGuard,0,10,0,0.0,0,0.10056286305189133,object_quarantine,1,1,1,0,0,0,0,0,0,0
fake_front,clean+shift,73,15,EgoOnly,0,10,1,0.0,0,0.315283864736557,,0,0,0,0,0,0,0,0,0,0
fake_front,clean+shift,73,15,CleanCoop,0,10,0,0.0,0,0.11781156808137894,,0,0,0,0,0,0,0,0,0,0
fake_front,clean+shift,73,15,PrimaryRaw,0,10,1,1.0,10,0.12718547880649567,,0,0,0,0,0,0,0,0,0,0
fake_front,clean+shift,73,15,PrimaryTrustCalib,0,10,1,1.0,10,0.12718547880649567,accept,0,0,0,0,0,0,0,0,0,0
fake_front,clean+shift,73,15,MultiPeerObjectGuard,0,10,0,0.0,0,0.11781156808137894,object_quarantine,1,1,1,0,0,0,0,0,0,0
fake_front,clean+shift,73,16,EgoOnly,0,10,1,0.0,0,0.44703251123428345,,0,0,0,0,0,0,0,0,0,0
fake_front,clean+shift,73,16,CleanCoop,0,10,0,0.0,0,0.2658202648162842,,0,0,0,0,0,0,0,0,0,0
fake_front,clean+shift,73,16,PrimaryRaw,0,10,1,1.0,10,0.29609543085098267,,0,0,0,0,0,0,0,0,0,0
fake_front,clean+shift,73,16,PrimaryTrustCalib,0,10,1,1.0,10,0.29609543085098267,accept,0,0,0,0,0,0,0,0,0,0
fake_front,clean+shift,73,16,MultiPeerObjectGuard,0,10,0,0.0,0,0.2658202648162842,object_quarantine,1,1,1,0,0,0,0,0,0,0
fake_front,clean+shift,73,17,EgoOnly,0,10,1,0.0,0,0.4986949861049652,,0,0,0,0,0,0,0,0,0,0
fake_front,clean+shift,73,17,CleanCoop,0,10,0,0.0,0,0.2945563793182373,,0,0,0,0,0,0,0,0,0,0
fake_front,clean+shift,73,17,PrimaryRaw,0,10,1,1.0,10,0.32598891854286194,,0,0,0,0,0,0,0,0,0,0
fake_front,clean+shift,73,17,PrimaryTrustCalib,0,10,1,1.0,10,0.32598891854286194,accept,0,0,0,0,0,0,0,0,0,0
fake_front,clean+shift,73,17,MultiPeerObjectGuard,0,10,0,0.0,0,0.2945563793182373,object_quarantine,1,1,1,0,0,0,0,0,0,0
fake_front,clean+shift,73,18,EgoOnly,0,10,1,0.0,0,0.5220518112182617,,0,0,0,0,0,0,0,0,0,0
fake_front,clean+shift,73,18,CleanCoop,0,10,1,0.0,0,0.5125468969345093,,0,0,0,0,0,0,0,0,0,0
fake_front,clean+shift,73,18,PrimaryRaw,0,10,1,1.0,10,0.5370742678642273,,0,0,0,0,0,0,0,0,0,0
fake_front,clean+shift,73,18,PrimaryTrustCalib,0,10,1,1.0,10,0.5370742678642273,accept,0,0,0,0,0,0,0,0,0,0
fake_front,clean+shift,73,18,MultiPeerObjectGuard,0,10,1,0.0,0,0.5125468969345093,object_quarantine,1,1,1,0,0,0,0,0,0,0
fake_front,clean+shift,73,19,EgoOnly,0,10,1,0.0,0,0.5422191619873047,,0,0,0,0,0,0,0,0,0,0
fake_front,clean+shift,73,19,CleanCoop,0,10,1,0.0,0,0.5478320717811584,,0,0,0,0,0,0,0,0,0,0
fake_front,clean+shift,73,19,PrimaryRaw,0,10,1,1.0,10,0.5630155205726624,,0,0,0,0,0,0,0,0,0,0
fake_front,clean+shift,73,19,PrimaryTrustCalib,0,10,1,1.0,10,0.5630155205726624,accept,0,0,0,0,0,0,0,0,0,0
fake_front,clean+shift,73,19,MultiPeerObjectGuard,0,10,1,0.0,0,0.5478320717811584,object_quarantine,1,1,1,0,0,0,0,0,0,0
fake_front,clean+shift,78,0,EgoOnly,0,10,1,0.3,3,0.12954707443714142,,0,0,0,0,0,0,0,0,0,0
fake_front,clean+shift,78,0,CleanCoop,0,10,1,0.3,3,0.11048141121864319,,0,0,0,0,0,0,0,0,0,0
fake_front,clean+shift,78,0,PrimaryRaw,1,10,1,0.7,7,0.11048141121864319,,0,0,0,0,0,0,0,0,0,0
fake_front,clean+shift,78,0,PrimaryTrustCalib,1,10,1,0.7,7,0.11048141121864319,accept,0,0,0,0,0,0,0,0,0,0
fake_front,clean+shift,78,0,MultiPeerObjectGuard,0,10,1,0.3,3,0.11048141121864319,object_quarantine,1,1,1,0,0,0,0,0,0,0
fake_front,clean+shift,78,1,EgoOnly,0,10,1,0.2,2,0.12981969118118286,,0,0,0,0,0,0,0,0,0,0
fake_front,clean+shift,78,1,CleanCoop,0,10,1,0.2,2,0.11107562482357025,,0,0,0,0,0,0,0,0,0,0
fake_front,clean+shift,78,1,PrimaryRaw,1,10,1,0.6,6,0.11107562482357025,,0,0,0,0,0,0,0,0,0,0
fake_front,clean+shift,78,1,PrimaryTrustCalib,1,10,1,0.6,6,0.11107562482357025,accept,0,0,0,0,0,0,0,0,0,0
fake_front,clean+shift,78,1,MultiPeerObjectGuard,0,10,1,0.2,2,0.11107562482357025,object_quarantine,1,1,1,0,0,0,0,0,0,0
fake_front,clean+shift,78,2,EgoOnly,0,10,1,0.1,1,0.12319523841142654,,0,0,0,0,0,0,0,0,0,0
fake_front,clean+shift,78,2,CleanCoop,0,10,1,0.1,1,0.10924666374921799,,0,0,0,0,0,0,0,0,0,0
fake_front,clean+shift,78,2,PrimaryRaw,0,10,1,0.6,6,0.10924666374921799,,0,0,0,0,0,0,0,0,0,0
fake_front,clean+shift,78,2,PrimaryTrustCalib,0,10,1,0.6,6,0.10924666374921799,accept,0,0,0,0,0,0,0,0,0,0
fake_front,clean+shift,78,2,MultiPeerObjectGuard,0,10,1,0.1,1,0.10924666374921799,object_quarantine,1,1,1,0,0,0,0,0,0,0
fake_front,clean+shift,78,3,EgoOnly,0,10,1,0.1,1,0.19251790642738342,,0,0,0,0,0,0,0,0,0,0
fake_front,clean+shift,78,3,CleanCoop,0,10,1,0.1,1,0.14397166669368744,,0,0,0,0,0,0,0,0,0,0
fake_front,clean+shift,78,3,PrimaryRaw,0,10,1,0.6,6,0.14397166669368744,,0,0,0,0,0,0,0,0,0,0
fake_front,clean+shift,78,3,PrimaryTrustCalib,0,10,1,0.6,6,0.14397166669368744,accept,0,0,0,0,0,0,0,0,0,0
fake_front,clean+shift,78,3,MultiPeerObjectGuard,0,10,1,0.1,1,0.14397166669368744,object_quarantine,1,1,1,0,0,0,0,0,0,0
fake_front,clean+shift,78,4,EgoOnly,0,10,1,0.2,2,0.3620877265930176,,0,0,0,0,0,0,0,0,0,0
fake_front,clean+shift,78,4,CleanCoop,0,10,1,0.2,2,0.21949465572834015,,0,0,0,0,0,0,0,0,0,0
fake_front,clean+shift,78,4,PrimaryRaw,0,10,1,0.5,5,0.21949465572834015,,0,0,0,0,0,0,0,0,0,0
fake_front,clean+shift,78,4,PrimaryTrustCalib,0,10,1,0.5,5,0.21949465572834015,accept,0,0,0,0,0,0,0,0,0,0
fake_front,clean+shift,78,4,MultiPeerObjectGuard,0,10,1,0.2,2,0.21949465572834015,object_quarantine,1,1,1,0,0,0,0,0,0,0
fake_front,clean+shift,78,5,EgoOnly,0,10,1,0.2,2,0.5474198460578918,,0,0,0,0,0,0,0,0,0,0
fake_front,clean+shift,78,5,CleanCoop,0,10,1,0.2,2,0.3331950604915619,,0,0,0,0,0,0,0,0,0,0
fake_front,clean+shift,78,5,PrimaryRaw,0,10,1,0.5,5,0.3331950604915619,,0,0,0,0,0,0,0,0,0,0
fake_front,clean+shift,78,5,PrimaryTrustCalib,0,10,1,0.5,5,0.3331950604915619,accept,0,0,0,0,0,0,0,0,0,0
fake_front,clean+shift,78,5,MultiPeerObjectGuard,0,10,1,0.2,2,0.3331950604915619,object_quarantine,1,1,1,0,0,0,0,0,0,0
fake_front,clean+shift,78,6,EgoOnly,0,10,1,0.2,2,0.30808374285697937,,0,0,0,0,0,0,0,0,0,0
fake_front,clean+shift,78,6,CleanCoop,0,10,1,0.2,2,0.4078378677368164,,0,0,0,0,0,0,0,0,0,0
fake_front,clean+shift,78,6,PrimaryRaw,0,10,1,0.5,5,0.4078378677368164,,0,0,0,0,0,0,0,0,0,0
fake_front,clean+shift,78,6,PrimaryTrustCalib,0,10,1,0.5,5,0.4078378677368164,accept,0,0,0,0,0,0,0,0,0,0
fake_front,clean+shift,78,6,MultiPeerObjectGuard,0,10,1,0.2,2,0.4078378677368164,object_quarantine,1,1,1,0,0,0,0,0,0,0
fake_front,clean+shift,78,7,EgoOnly,0,10,1,0.1,1,0.6787148118019104,,0,0,0,0,0,0,0,0,0,0
fake_front,clean+shift,78,7,CleanCoop,0,10,1,0.1,1,0.4522174298763275,,0,0,0,0,0,0,0,0,0,0
fake_front,clean+shift,78,7,PrimaryRaw,0,10,1,0.5,5,0.4522174298763275,,0,0,0,0,0,0,0,0,0,0
fake_front,clean+shift,78,7,PrimaryTrustCalib,0,10,1,0.5,5,0.4522174298763275,accept,0,0,0,0,0,0,0,0,0,0
fake_front,clean+shift,78,7,MultiPeerObjectGuard,0,10,1,0.1,1,0.4522174298763275,object_quarantine,1,1,1,0,0,0,0,0,0,0
fake_front,clean+shift,78,8,EgoOnly,0,10,1,0.1,1,0.688628077507019,,0,0,0,0,0,0,0,0,0,0
fake_front,clean+shift,78,8,CleanCoop,0,10,1,0.1,1,0.46345460414886475,,0,0,0,0,0,0,0,0,0,0
fake_front,clean+shift,78,8,PrimaryRaw,0,10,1,0.5,5,0.46345460414886475,,0,0,0,0,0,0,0,0,0,0
fake_front,clean+shift,78,8,PrimaryTrustCalib,0,10,1,0.5,5,0.46345460414886475,accept,0,0,0,0,0,0,0,0,0,0
fake_front,clean+shift,78,8,MultiPeerObjectGuard,0,10,1,0.1,1,0.46345460414886475,object_quarantine,1,1,1,0,0,0,0,0,0,0
fake_front,clean+shift,78,9,EgoOnly,0,10,1,0.1,1,0.7399701476097107,,0,0,0,0,0,0,0,0,0,0
fake_front,clean+shift,78,9,CleanCoop,0,10,1,0.1,1,0.5069028735160828,,0,0,0,0,0,0,0,0,0,0
fake_front,clean+shift,78,9,PrimaryRaw,0,10,1,0.5,5,0.5069028735160828,,0,0,0,0,0,0,0,0,0,0
fake_front,clean+shift,78,9,PrimaryTrustCalib,0,10,1,0.5,5,0.5069028735160828,accept,0,0,0,0,0,0,0,0,0,0
fake_front,clean+shift,78,9,MultiPeerObjectGuard,0,10,1,0.1,1,0.5069028735160828,object_quarantine,1,1,1,0,0,0,0,0,0,0
fake_front,clean+shift,78,10,EgoOnly,0,10,1,0.1,1,0.7910642027854919,,0,0,0,0,0,0,0,0,0,0
fake_front,clean+shift,78,10,CleanCoop,0,10,1,0.1,1,0.5417523384094238,,0,0,0,0,0,0,0,0,0,0
fake_front,clean+shift,78,10,PrimaryRaw,0,10,1,0.5,5,0.5417523384094238,,0,0,0,0,0,0,0,0,0,0
fake_front,clean+shift,78,10,PrimaryTrustCalib,0,10,1,0.5,5,0.5417523384094238,accept,0,0,0,0,0,0,0,0,0,0
fake_front,clean+shift,78,10,MultiPeerObjectGuard,0,10,1,0.1,1,0.5417523384094238,object_quarantine,1,1,1,0,0,0,0,0,0,0
fake_front,clean+shift,78,11,EgoOnly,0,10,1,0.0,0,0.8206885457038879,,0,0,0,0,0,0,0,0,0,0
fake_front,clean+shift,78,11,CleanCoop,0,10,1,0.0,0,0.5815539956092834,,0,0,0,0,0,0,0,0,0,0
fake_front,clean+shift,78,11,PrimaryRaw,0,10,1,0.3,3,0.5815539956092834,,0,0,0,0,0,0,0,0,0,0
fake_front,clean+shift,78,11,PrimaryTrustCalib,0,10,1,0.3,3,0.5815539956092834,accept,0,0,0,0,0,0,0,0,0,0
fake_front,clean+shift,78,11,MultiPeerObjectGuard,0,10,1,0.0,0,0.5815539956092834,object_quarantine,1,1,1,0,0,0,0,0,0,0
fake_front,clean+shift,78,12,EgoOnly,0,10,1,0.1,1,0.6646993160247803,,0,0,0,0,0,0,0,0,0,0
fake_front,clean+shift,78,12,CleanCoop,0,10,1,0.1,1,0.33677923679351807,,0,0,0,0,0,0,0,0,0,0
fake_front,clean+shift,78,12,PrimaryRaw,0,10,1,0.4,4,0.33677923679351807,,0,0,0,0,0,0,0,0,0,0
fake_front,clean+shift,78,12,PrimaryTrustCalib,0,10,1,0.4,4,0.33677923679351807,accept,0,0,0,0,0,0,0,0,0,0
fake_front,clean+shift,78,12,MultiPeerObjectGuard,0,10,1,0.1,1,0.33677923679351807,object_quarantine,1,1,1,0,0,0,0,0,0,0
fake_front,clean+shift,78,13,EgoOnly,0,10,1,0.2,2,0.7193747162818909,,0,0,0,0,0,0,0,0,0,0
fake_front,clean+shift,78,13,CleanCoop,0,10,1,0.2,2,0.41879400610923767,,0,0,0,0,0,0,0,0,0,0
fake_front,clean+shift,78,13,PrimaryRaw,0,10,1,0.7,7,0.41879400610923767,,0,0,0,0,0,0,0,0,0,0
fake_front,clean+shift,78,13,PrimaryTrustCalib,0,10,1,0.7,7,0.41879400610923767,accept,0,0,0,0,0,0,0,0,0,0
fake_front,clean+shift,78,13,MultiPeerObjectGuard,0,10,1,0.2,2,0.41879400610923767,object_quarantine,1,1,1,0,0,0,0,0,0,0
fake_front,clean+shift,78,14,EgoOnly,0,10,1,0.2,2,0.4655480682849884,,0,0,0,0,0,0,0,0,0,0
fake_front,clean+shift,78,14,CleanCoop,0,10,1,0.2,2,0.4816743731498718,,0,0,0,0,0,0,0,0,0,0
fake_front,clean+shift,78,14,PrimaryRaw,0,10,1,0.7,7,0.4816743731498718,,0,0,0,0,0,0,0,0,0,0
fake_front,clean+shift,78,14,PrimaryTrustCalib,0,10,1,0.7,7,0.4816743731498718,accept,0,0,0,0,0,0,0,0,0,0
fake_front,clean+shift,78,14,MultiPeerObjectGuard,0,10,1,0.2,2,0.4816743731498718,object_quarantine,1,1,1,0,0,0,0,0,0,0
fake_front,clean+shift,78,15,EgoOnly,0,10,1,0.5,5,0.8046050667762756,,0,0,0,0,0,0,0,0,0,0
fake_front,clean+shift,78,15,CleanCoop,0,10,1,0.5,5,0.5441155433654785,,0,0,0,0,0,0,0,0,0,0
fake_front,clean+shift,78,15,PrimaryRaw,4,10,1,1.0,10,0.5441155433654785,,0,0,0,0,0,0,0,0,0,0
fake_front,clean+shift,78,15,PrimaryTrustCalib,4,10,1,1.0,10,0.5441155433654785,accept,0,0,0,0,0,0,0,0,0,0
fake_front,clean+shift,78,15,MultiPeerObjectGuard,0,10,1,0.5,5,0.5441155433654785,object_quarantine,1,1,1,0,0,0,0,0,0,0
fake_front,clean+shift,78,16,EgoOnly,0,10,1,0.4,4,0.8021913766860962,,0,0,0,0,0,0,0,0,0,0
fake_front,clean+shift,78,16,CleanCoop,0,10,1,0.4,4,0.57822185754776,,0,0,0,0,0,0,0,0,0,0
fake_front,clean+shift,78,16,PrimaryRaw,0,10,1,1.0,10,0.57822185754776,,0,0,0,0,0,0,0,0,0,0
fake_front,clean+shift,78,16,PrimaryTrustCalib,0,10,1,1.0,10,0.57822185754776,accept,0,0,0,0,0,0,0,0,0,0
fake_front,clean+shift,78,16,MultiPeerObjectGuard,0,10,1,0.4,4,0.57822185754776,object_quarantine,1,1,1,0,0,0,0,0,0,0
fake_front,clean+shift,78,17,EgoOnly,0,10,1,0.1,1,0.7098711133003235,,0,0,0,0,0,0,0,0,0,0
fake_front,clean+shift,78,17,CleanCoop,0,10,1,0.1,1,0.5586426258087158,,0,0,0,0,0,0,0,0,0,0
fake_front,clean+shift,78,17,PrimaryRaw,0,10,1,1.0,10,0.5586426258087158,,0,0,0,0,0,0,0,0,0,0
fake_front,clean+shift,78,17,PrimaryTrustCalib,0,10,1,1.0,10,0.5586426258087158,accept,0,0,0,0,0,0,0,0,0,0
fake_front,clean+shift,78,17,MultiPeerObjectGuard,0,10,1,0.1,1,0.5586426258087158,object_quarantine,1,1,1,0,0,0,0,0,0,0
fake_front,clean+shift,78,18,EgoOnly,0,10,1,0.1,1,0.5057668089866638,,0,0,0,0,0,0,0,0,0,0
fake_front,clean+shift,78,18,CleanCoop,0,10,1,0.1,1,0.5227265357971191,,0,0,0,0,0,0,0,0,0,0
fake_front,clean+shift,78,18,PrimaryRaw,0,10,1,1.0,10,0.5227265357971191,,0,0,0,0,0,0,0,0,0,0
fake_front,clean+shift,78,18,PrimaryTrustCalib,0,10,1,1.0,10,0.5227265357971191,accept,0,0,0,0,0,0,0,0,0,0
fake_front,clean+shift,78,18,MultiPeerObjectGuard,0,10,1,0.1,1,0.5227265357971191,object_quarantine,1,1,1,0,0,0,0,0,0,0
fake_front,clean+shift,78,19,EgoOnly,0,10,1,0.2,2,0.25431203842163086,,0,0,0,0,0,0,0,0,0,0
fake_front,clean+shift,78,19,CleanCoop,0,10,1,0.2,2,0.5767615437507629,,0,0,0,0,0,0,0,0,0,0
fake_front,clean+shift,78,19,PrimaryRaw,0,10,1,1.0,10,0.5767615437507629,,0,0,0,0,0,0,0,0,0,0
fake_front,clean+shift,78,19,PrimaryTrustCalib,0,10,1,1.0,10,0.5767615437507629,accept,0,0,0,0,0,0,0,0,0,0
fake_front,clean+shift,78,19,MultiPeerObjectGuard,0,10,1,0.2,2,0.5767615437507629,object_quarantine,1,1,1,0,0,0,0,0,0,0
fake_front,clean+shift,80,0,EgoOnly,0,10,0,0.0,0,0.15497294068336487,,0,0,0,0,0,0,0,0,0,0
fake_front,clean+shift,80,0,CleanCoop,0,10,0,0.0,0,0.1743956059217453,,0,0,0,0,0,0,0,0,0,0
fake_front,clean+shift,80,0,PrimaryRaw,0,10,1,1.0,10,0.1743956059217453,,0,0,0,0,0,0,0,0,0,0
fake_front,clean+shift,80,0,PrimaryTrustCalib,0,10,1,1.0,10,0.1743956059217453,accept,0,0,0,0,0,0,0,0,0,0
fake_front,clean+shift,80,0,MultiPeerObjectGuard,0,10,0,0.0,0,0.1743956059217453,object_quarantine,1,1,1,0,0,0,0,0,0,0
fake_front,clean+shift,80,1,EgoOnly,0,10,0,0.0,0,0.15472638607025146,,0,0,0,0,0,0,0,0,0,0
fake_front,clean+shift,80,1,CleanCoop,0,10,0,0.0,0,0.17476676404476166,,0,0,0,0,0,0,0,0,0,0
fake_front,clean+shift,80,1,PrimaryRaw,0,10,1,1.0,10,0.17476676404476166,,0,0,0,0,0,0,0,0,0,0
fake_front,clean+shift,80,1,PrimaryTrustCalib,0,10,1,1.0,10,0.17476676404476166,accept,0,0,0,0,0,0,0,0,0,0
fake_front,clean+shift,80,1,MultiPeerObjectGuard,0,10,0,0.0,0,0.17476676404476166,object_quarantine,1,1,1,0,0,0,0,0,0,0
fake_front,clean+shift,80,2,EgoOnly,0,10,0,0.0,0,0.15599022805690765,,0,0,0,0,0,0,0,0,0,0
fake_front,clean+shift,80,2,CleanCoop,0,10,0,0.0,0,0.1882997751235962,,0,0,0,0,0,0,0,0,0,0
fake_front,clean+shift,80,2,PrimaryRaw,0,10,1,1.0,10,0.1882997751235962,,0,0,0,0,0,0,0,0,0,0
fake_front,clean+shift,80,2,PrimaryTrustCalib,0,10,1,1.0,10,0.1882997751235962,accept,0,0,0,0,0,0,0,0,0,0
fake_front,clean+shift,80,2,MultiPeerObjectGuard,0,10,0,0.0,0,0.1882997751235962,object_quarantine,1,1,1,0,0,0,0,0,0,0
fake_front,clean+shift,80,3,EgoOnly,0,10,0,0.0,0,0.19197608530521393,,0,0,0,0,0,0,0,0,0,0
fake_front,clean+shift,80,3,CleanCoop,0,10,0,0.0,0,0.18690340220928192,,0,0,0,0,0,0,0,0,0,0
fake_front,clean+shift,80,3,PrimaryRaw,0,10,1,1.0,10,0.18690340220928192,,0,0,0,0,0,0,0,0,0,0
fake_front,clean+shift,80,3,PrimaryTrustCalib,0,10,1,1.0,10,0.18690340220928192,accept,0,0,0,0,0,0,0,0,0,0
fake_front,clean+shift,80,3,MultiPeerObjectGuard,0,10,0,0.0,0,0.18690340220928192,object_quarantine,1,1,1,0,0,0,0,0,0,0
fake_front,clean+shift,80,4,EgoOnly,0,10,0,0.0,0,0.15876798331737518,,0,0,0,0,0,0,0,0,0,0
fake_front,clean+shift,80,4,CleanCoop,0,10,0,0.0,0,0.20071597397327423,,0,0,0,0,0,0,0,0,0,0
fake_front,clean+shift,80,4,PrimaryRaw,0,10,1,1.0,10,0.20071597397327423,,0,0,0,0,0,0,0,0,0,0
fake_front,clean+shift,80,4,PrimaryTrustCalib,0,10,1,1.0,10,0.20071597397327423,accept,0,0,0,0,0,0,0,0,0,0
fake_front,clean+shift,80,4,MultiPeerObjectGuard,0,10,0,0.0,0,0.20071597397327423,object_quarantine,1,1,1,0,0,0,0,0,0,0
fake_front,clean+shift,80,5,EgoOnly,0,10,0,0.0,0,0.1849142163991928,,0,0,0,0,0,0,0,0,0,0
fake_front,clean+shift,80,5,CleanCoop,0,10,0,0.0,0,0.20513828098773956,,0,0,0,0,0,0,0,0,0,0
fake_front,clean+shift,80,5,PrimaryRaw,0,10,1,1.0,10,0.20513828098773956,,0,0,0,0,0,0,0,0,0,0
fake_front,clean+shift,80,5,PrimaryTrustCalib,0,10,1,1.0,10,0.20513828098773956,accept,0,0,0,0,0,0,0,0,0,0
fake_front,clean+shift,80,5,MultiPeerObjectGuard,0,10,0,0.0,0,0.20513828098773956,object_quarantine,1,1,1,0,0,0,0,0,0,0
fake_front,clean+shift,80,6,EgoOnly,0,10,0,0.0,0,0.18793021142482758,,0,0,0,0,0,0,0,0,0,0
fake_front,clean+shift,80,6,CleanCoop,0,10,0,0.0,0,0.2074824422597885,,0,0,0,0,0,0,0,0,0,0
fake_front,clean+shift,80,6,PrimaryRaw,0,10,1,1.0,10,0.2074824422597885,,0,0,0,0,0,0,0,0,0,0
fake_front,clean+shift,80,6,PrimaryTrustCalib,0,10,1,1.0,10,0.2074824422597885,accept,0,0,0,0,0,0,0,0,0,0
fake_front,clean+shift,80,6,MultiPeerObjectGuard,0,10,0,0.0,0,0.2074824422597885,object_quarantine,1,1,1,0,0,0,0,0,0,0
fake_front,clean+shift,80,7,EgoOnly,0,10,0,0.0,0,0.16871610283851624,,0,0,0,0,0,0,0,0,0,0
fake_front,clean+shift,80,7,CleanCoop,0,10,0,0.0,0,0.21609708666801453,,0,0,0,0,0,0,0,0,0,0
fake_front,clean+shift,80,7,PrimaryRaw,0,10,1,1.0,10,0.21609708666801453,,0,0,0,0,0,0,0,0,0,0
fake_front,clean+shift,80,7,PrimaryTrustCalib,0,10,1,1.0,10,0.21609708666801453,accept,0,0,0,0,0,0,0,0,0,0
fake_front,clean+shift,80,7,MultiPeerObjectGuard,0,10,0,0.0,0,0.21609708666801453,object_quarantine,1,1,1,0,0,0,0,0,0,0
fake_front,clean+shift,80,8,EgoOnly,0,10,0,0.0,0,0.170697882771492,,0,0,0,0,0,0,0,0,0,0
fake_front,clean+shift,80,8,CleanCoop,0,10,0,0.0,0,0.2254209965467453,,0,0,0,0,0,0,0,0,0,0
fake_front,clean+shift,80,8,PrimaryRaw,0,10,1,1.0,10,0.2254209965467453,,0,0,0,0,0,0,0,0,0,0
fake_front,clean+shift,80,8,PrimaryTrustCalib,0,10,1,1.0,10,0.2254209965467453,accept,0,0,0,0,0,0,0,0,0,0
fake_front,clean+shift,80,8,MultiPeerObjectGuard,0,10,0,0.0,0,0.2254209965467453,object_quarantine,1,1,1,0,0,0,0,0,0,0
fake_front,clean+shift,80,9,EgoOnly,0,10,0,0.0,0,0.17252126336097717,,0,0,0,0,0,0,0,0,0,0
fake_front,clean+shift,80,9,CleanCoop,0,10,0,0.0,0,0.22917573153972626,,0,0,0,0,0,0,0,0,0,0
fake_front,clean+shift,80,9,PrimaryRaw,0,10,1,1.0,10,0.22917573153972626,,0,0,0,0,0,0,0,0,0,0
fake_front,clean+shift,80,9,PrimaryTrustCalib,0,10,1,1.0,10,0.22917573153972626,accept,0,0,0,0,0,0,0,0,0,0
fake_front,clean+shift,80,9,MultiPeerObjectGuard,0,10,0,0.0,0,0.22917573153972626,object_quarantine,1,1,1,0,0,0,0,0,0,0
fake_front,clean+shift,80,10,EgoOnly,0,10,0,0.0,0,0.24531298875808716,,0,0,0,0,0,0,0,0,0,0
fake_front,clean+shift,80,10,CleanCoop,0,10,0,0.0,0,0.18081657588481903,,0,0,0,0,0,0,0,0,0,0
fake_front,clean+shift,80,10,PrimaryRaw,0,10,1,1.0,10,0.18081657588481903,,0,0,0,0,0,0,0,0,0,0
fake_front,clean+shift,80,10,PrimaryTrustCalib,0,10,1,1.0,10,0.18081657588481903,accept,0,0,0,0,0,0,0,0,0,0
fake_front,clean+shift,80,10,MultiPeerObjectGuard,0,10,0,0.0,0,0.18081657588481903,object_quarantine,1,1,1,0,0,0,0,0,0,0
fake_front,clean+shift,80,11,EgoOnly,0,10,0,0.0,0,0.238387331366539,,0,0,0,0,0,0,0,0,0,0
fake_front,clean+shift,80,11,CleanCoop,0,10,0,0.0,0,0.18065834045410156,,0,0,0,0,0,0,0,0,0,0
fake_front,clean+shift,80,11,PrimaryRaw,0,10,1,1.0,10,0.18065834045410156,,0,0,0,0,0,0,0,0,0,0
fake_front,clean+shift,80,11,PrimaryTrustCalib,0,10,1,1.0,10,0.18065834045410156,accept,0,0,0,0,0,0,0,0,0,0
fake_front,clean+shift,80,11,MultiPeerObjectGuard,0,10,0,0.0,0,0.18065834045410156,object_quarantine,1,1,1,0,0,0,0,0,0,0
fake_front,clean+shift,80,12,EgoOnly,0,10,0,0.0,0,0.2320539653301239,,0,0,0,0,0,0,0,0,0,0
fake_front,clean+shift,80,12,CleanCoop,0,10,0,0.0,0,0.16264145076274872,,0,0,0,0,0,0,0,0,0,0
fake_front,clean+shift,80,12,PrimaryRaw,0,10,1,1.0,10,0.16264145076274872,,0,0,0,0,0,0,0,0,0,0
fake_front,clean+shift,80,12,PrimaryTrustCalib,0,10,1,1.0,10,0.16264145076274872,accept,0,0,0,0,0,0,0,0,0,0
fake_front,clean+shift,80,12,MultiPeerObjectGuard,0,10,0,0.0,0,0.16264145076274872,object_quarantine,1,1,1,0,0,0,0,0,0,0
fake_front,clean+shift,80,13,EgoOnly,0,10,0,0.0,0,0.22358140349388123,,0,0,0,0,0,0,0,0,0,0
fake_front,clean+shift,80,13,CleanCoop,0,10,0,0.0,0,0.18605703115463257,,0,0,0,0,0,0,0,0,0,0
fake_front,clean+shift,80,13,PrimaryRaw,0,10,1,1.0,10,0.18605703115463257,,0,0,0,0,0,0,0,0,0,0
fake_front,clean+shift,80,13,PrimaryTrustCalib,0,10,1,1.0,10,0.18605703115463257,accept,0,0,0,0,0,0,0,0,0,0
fake_front,clean+shift,80,13,MultiPeerObjectGuard,0,10,0,0.0,0,0.18605703115463257,object_quarantine,1,1,1,0,0,0,0,0,0,0
fake_front,clean+shift,80,14,EgoOnly,0,10,0,0.0,0,0.20264539122581482,,0,0,0,0,0,0,0,0,0,0
fake_front,clean+shift,80,14,CleanCoop,0,10,0,0.0,0,0.18735340237617493,,0,0,0,0,0,0,0,0,0,0
fake_front,clean+shift,80,14,PrimaryRaw,0,10,1,1.0,10,0.18735340237617493,,0,0,0,0,0,0,0,0,0,0
fake_front,clean+shift,80,14,PrimaryTrustCalib,0,10,1,1.0,10,0.18735340237617493,accept,0,0,0,0,0,0,0,0,0,0
fake_front,clean+shift,80,14,MultiPeerObjectGuard,0,10,0,0.0,0,0.18735340237617493,object_quarantine,1,1,1,0,0,0,0,0,0,0
fake_front,clean+shift,80,15,EgoOnly,0,10,0,0.0,0,0.21827535331249237,,0,0,0,0,0,0,0,0,0,0
fake_front,clean+shift,80,15,CleanCoop,0,10,0,0.0,0,0.18004636466503143,,0,0,0,0,0,0,0,0,0,0
fake_front,clean+shift,80,15,PrimaryRaw,0,10,1,1.0,10,0.18004636466503143,,0,0,0,0,0,0,0,0,0,0
fake_front,clean+shift,80,15,PrimaryTrustCalib,0,10,1,1.0,10,0.18004636466503143,accept,0,0,0,0,0,0,0,0,0,0
fake_front,clean+shift,80,15,MultiPeerObjectGuard,0,10,0,0.0,0,0.18004636466503143,object_quarantine,1,1,1,0,0,0,0,0,0,0
fake_front,clean+shift,80,16,EgoOnly,0,10,0,0.0,0,0.22088734805583954,,0,0,0,0,0,0,0,0,0,0
fake_front,clean+shift,80,16,CleanCoop,0,10,1,0.1,1,0.18068280816078186,,0,0,0,0,0,0,0,0,0,0
fake_front,clean+shift,80,16,PrimaryRaw,0,10,1,1.0,10,0.18068280816078186,,0,0,0,0,0,0,0,0,0,0
fake_front,clean+shift,80,16,PrimaryTrustCalib,0,10,1,1.0,10,0.18068280816078186,accept,0,0,0,0,0,0,0,0,0,0
fake_front,clean+shift,80,16,MultiPeerObjectGuard,0,10,1,0.1,1,0.18068280816078186,object_quarantine,1,1,1,0,0,0,0,0,0,0
fake_front,clean+shift,80,17,EgoOnly,0,10,0,0.0,0,0.21152329444885254,,0,0,0,0,0,0,0,0,0,0
fake_front,clean+shift,80,17,CleanCoop,0,10,0,0.0,0,0.17493025958538055,,0,0,0,0,0,0,0,0,0,0
fake_front,clean+shift,80,17,PrimaryRaw,0,10,1,1.0,10,0.17493025958538055,,0,0,0,0,0,0,0,0,0,0
fake_front,clean+shift,80,17,PrimaryTrustCalib,0,10,1,1.0,10,0.17493025958538055,accept,0,0,0,0,0,0,0,0,0,0
fake_front,clean+shift,80,17,MultiPeerObjectGuard,0,10,0,0.0,0,0.17493025958538055,object_quarantine,1,1,1,0,0,0,0,0,0,0
fake_front,clean+shift,80,18,EgoOnly,0,10,0,0.0,0,0.21265149116516113,,0,0,0,0,0,0,0,0,0,0
fake_front,clean+shift,80,18,CleanCoop,0,10,0,0.0,0,0.1800854355096817,,0,0,0,0,0,0,0,0,0,0
fake_front,clean+shift,80,18,PrimaryRaw,0,10,1,1.0,10,0.1800854355096817,,0,0,0,0,0,0,0,0,0,0
fake_front,clean+shift,80,18,PrimaryTrustCalib,0,10,1,1.0,10,0.1800854355096817,accept,0,0,0,0,0,0,0,0,0,0
fake_front,clean+shift,80,18,MultiPeerObjectGuard,0,10,0,0.0,0,0.1800854355096817,object_quarantine,1,1,1,0,0,0,0,0,0,0
fake_front,clean+shift,80,19,EgoOnly,0,10,0,0.0,0,0.21806436777114868,,0,0,0,0,0,0,0,0,0,0
fake_front,clean+shift,80,19,CleanCoop,0,10,0,0.0,0,0.1904759705066681,,0,0,0,0,0,0,0,0,0,0
fake_front,clean+shift,80,19,PrimaryRaw,0,10,1,0.8,8,0.1904759705066681,,0,0,0,0,0,0,0,0,0,0
fake_front,clean+shift,80,19,PrimaryTrustCalib,0,10,1,0.8,8,0.1904759705066681,accept,0,0,0,0,0,0,0,0,0,0
fake_front,clean+shift,80,19,MultiPeerObjectGuard,0,10,0,0.0,0,0.1904759705066681,object_quarantine,1,1,1,0,0,0,0,0,0,0
fake_front,clean+shift,84,0,EgoOnly,0,10,1,0.4,4,0.4182535707950592,,0,0,0,0,0,0,0,0,0,0
fake_front,clean+shift,84,0,CleanCoop,0,10,1,0.4,4,0.20902104675769806,,0,0,0,0,0,0,0,0,0,0
fake_front,clean+shift,84,0,PrimaryRaw,0,10,1,1.0,10,0.19857731461524963,,0,0,0,0,0,0,0,0,0,0
fake_front,clean+shift,84,0,PrimaryTrustCalib,0,10,1,1.0,10,0.19857731461524963,accept,0,0,0,0,0,0,0,0,0,0
fake_front,clean+shift,84,0,MultiPeerObjectGuard,0,10,1,0.4,4,0.20902104675769806,object_quarantine,1,1,1,0,0,0,0,0,0,0
fake_front,clean+shift,84,1,EgoOnly,0,10,1,0.3,3,0.4177023768424988,,0,0,0,0,0,0,0,0,0,0
fake_front,clean+shift,84,1,CleanCoop,0,10,1,0.3,3,0.20877814292907715,,0,0,0,0,0,0,0,0,0,0
fake_front,clean+shift,84,1,PrimaryRaw,0,10,1,1.0,10,0.19841139018535614,,0,0,0,0,0,0,0,0,0,0
fake_front,clean+shift,84,1,PrimaryTrustCalib,0,10,1,1.0,10,0.19841139018535614,accept,0,0,0,0,0,0,0,0,0,0
fake_front,clean+shift,84,1,MultiPeerObjectGuard,0,10,1,0.3,3,0.20877814292907715,object_quarantine,1,1,1,0,0,0,0,0,0,0
fake_front,clean+shift,84,2,EgoOnly,0,10,1,0.2,2,0.41164085268974304,,0,0,0,0,0,0,0,0,0,0
fake_front,clean+shift,84,2,CleanCoop,0,10,1,0.2,2,0.20905384421348572,,0,0,0,0,0,0,0,0,0,0
fake_front,clean+shift,84,2,PrimaryRaw,1,10,1,1.0,10,0.19866825640201569,,0,0,0,0,0,0,0,0,0,0
fake_front,clean+shift,84,2,PrimaryTrustCalib,1,10,1,1.0,10,0.19866825640201569,accept,0,0,0,0,0,0,0,0,0,0
fake_front,clean+shift,84,2,MultiPeerObjectGuard,0,10,1,0.2,2,0.20905384421348572,object_quarantine,1,1,1,0,0,0,0,0,0,0
fake_front,clean+shift,84,3,EgoOnly,0,10,1,0.1,1,0.4105069935321808,,0,0,0,0,0,0,0,0,0,0
fake_front,clean+shift,84,3,CleanCoop,0,10,1,0.1,1,0.20946340262889862,,0,0,0,0,0,0,0,0,0,0
fake_front,clean+shift,84,3,PrimaryRaw,2,10,1,1.0,10,0.19896087050437927,,0,0,0,0,0,0,0,0,0,0
fake_front,clean+shift,84,3,PrimaryTrustCalib,2,10,1,1.0,10,0.19896087050437927,accept,0,0,0,0,0,0,0,0,0,0
fake_front,clean+shift,84,3,MultiPeerObjectGuard,0,10,1,0.1,1,0.20946340262889862,object_quarantine,1,1,1,0,0,0,0,0,0,0
fake_front,clean+shift,84,4,EgoOnly,0,10,1,0.0,0,0.41123780608177185,,0,0,0,0,0,0,0,0,0,0
fake_front,clean+shift,84,4,CleanCoop,0,10,0,0.0,0,0.20959880948066711,,0,0,0,0,0,0,0,0,0,0
fake_front,clean+shift,84,4,PrimaryRaw,2,10,1,1.0,10,0.19906583428382874,,0,0,0,0,0,0,0,0,0,0
fake_front,clean+shift,84,4,PrimaryTrustCalib,2,10,1,1.0,10,0.19906583428382874,accept,0,0,0,0,0,0,0,0,0,0
fake_front,clean+shift,84,4,MultiPeerObjectGuard,0,10,0,0.0,0,0.20959880948066711,object_quarantine,1,1,1,0,0,0,0,0,0,0
fake_front,clean+shift,84,5,EgoOnly,0,10,1,0.0,0,0.41132232546806335,,0,0,0,0,0,0,0,0,0,0
fake_front,clean+shift,84,5,CleanCoop,0,10,0,0.0,0,0.20964528620243073,,0,0,0,0,0,0,0,0,0,0
fake_front,clean+shift,84,5,PrimaryRaw,3,10,1,1.0,10,0.19910401105880737,,0,0,0,0,0,0,0,0,0,0
fake_front,clean+shift,84,5,PrimaryTrustCalib,3,10,1,1.0,10,0.19910401105880737,accept,0,0,0,0,0,0,0,0,0,0
fake_front,clean+shift,84,5,MultiPeerObjectGuard,0,10,0,0.0,0,0.20964528620243073,object_quarantine,1,1,1,0,0,0,0,0,0,0
fake_front,clean+shift,84,6,EgoOnly,0,10,1,0.0,0,0.411080926656723,,0,0,0,0,0,0,0,0,0,0
fake_front,clean+shift,84,6,CleanCoop,0,10,0,0.0,0,0.21024693548679352,,0,0,0,0,0,0,0,0,0,0
fake_front,clean+shift,84,6,PrimaryRaw,2,10,1,1.0,10,0.1997080296278,,0,0,0,0,0,0,0,0,0,0
fake_front,clean+shift,84,6,PrimaryTrustCalib,2,10,1,1.0,10,0.1997080296278,accept,0,0,0,0,0,0,0,0,0,0
fake_front,clean+shift,84,6,MultiPeerObjectGuard,0,10,0,0.0,0,0.21024693548679352,object_quarantine,1,1,1,0,0,0,0,0,0,0
fake_front,clean+shift,84,7,EgoOnly,0,10,1,0.0,0,0.4131104350090027,,0,0,0,0,0,0,0,0,0,0
fake_front,clean+shift,84,7,CleanCoop,0,10,0,0.0,0,0.21120819449424744,,0,0,0,0,0,0,0,0,0,0
fake_front,clean+shift,84,7,PrimaryRaw,2,10,1,1.0,10,0.20063555240631104,,0,0,0,0,0,0,0,0,0,0
fake_front,clean+shift,84,7,PrimaryTrustCalib,2,10,1,1.0,10,0.20063555240631104,accept,0,0,0,0,0,0,0,0,0,0
fake_front,clean+shift,84,7,MultiPeerObjectGuard,0,10,0,0.0,0,0.21120819449424744,object_quarantine,1,1,1,0,0,0,0,0,0,0
fake_front,clean+shift,84,8,EgoOnly,0,10,1,0.0,0,0.4129778742790222,,0,0,0,0,0,0,0,0,0,0
fake_front,clean+shift,84,8,CleanCoop,0,10,0,0.0,0,0.2122659981250763,,0,0,0,0,0,0,0,0,0,0
fake_front,clean+shift,84,8,PrimaryRaw,1,10,1,1.0,10,0.20146313309669495,,0,0,0,0,0,0,0,0,0,0
fake_front,clean+shift,84,8,PrimaryTrustCalib,1,10,1,1.0,10,0.20146313309669495,accept,0,0,0,0,0,0,0,0,0,0
fake_front,clean+shift,84,8,MultiPeerObjectGuard,0,10,0,0.0,0,0.2122659981250763,object_quarantine,1,1,1,0,0,0,0,0,0,0
fake_front,clean+shift,84,9,EgoOnly,0,10,1,0.0,0,0.3897363245487213,,0,0,0,0,0,0,0,0,0,0
fake_front,clean+shift,84,9,CleanCoop,0,10,0,0.0,0,0.2122194766998291,,0,0,0,0,0,0,0,0,0,0
fake_front,clean+shift,84,9,PrimaryRaw,0,10,1,1.0,10,0.20118743181228638,,0,0,0,0,0,0,0,0,0,0
fake_front,clean+shift,84,9,PrimaryTrustCalib,0,10,1,1.0,10,0.20118743181228638,accept,0,0,0,0,0,0,0,0,0,0
fake_front,clean+shift,84,9,MultiPeerObjectGuard,0,10,0,0.0,0,0.2122194766998291,object_quarantine,1,1,1,0,0,0,0,0,0,0
fake_front,clean+shift,84,10,EgoOnly,0,10,1,0.0,0,0.3893827795982361,,0,0,0,0,0,0,0,0,0,0
fake_front,clean+shift,84,10,CleanCoop,0,10,0,0.0,0,0.21167747676372528,,0,0,0,0,0,0,0,0,0,0
fake_front,clean+shift,84,10,PrimaryRaw,0,10,1,1.0,10,0.20047804713249207,,0,0,0,0,0,0,0,0,0,0
fake_front,clean+shift,84,10,PrimaryTrustCalib,0,10,1,1.0,10,0.20047804713249207,accept,0,0,0,0,0,0,0,0,0,0
fake_front,clean+shift,84,10,MultiPeerObjectGuard,0,10,0,0.0,0,0.21167747676372528,object_quarantine,1,1,1,0,0,0,0,0,0,0
fake_front,clean+shift,84,11,EgoOnly,0,10,0,0.0,0,0.27983108162879944,,0,0,0,0,0,0,0,0,0,0
fake_front,clean+shift,84,11,CleanCoop,0,10,0,0.0,0,0.20945408940315247,,0,0,0,0,0,0,0,0,0,0
fake_front,clean+shift,84,11,PrimaryRaw,0,10,1,1.0,10,0.19850404560565948,,0,0,0,0,0,0,0,0,0,0
fake_front,clean+shift,84,11,PrimaryTrustCalib,0,10,1,1.0,10,0.19850404560565948,accept,0,0,0,0,0,0,0,0,0,0
fake_front,clean+shift,84,11,MultiPeerObjectGuard,0,10,0,0.0,0,0.20945408940315247,object_quarantine,1,1,1,0,0,0,0,0,0,0
fake_front,clean+shift,84,12,EgoOnly,0,10,0,0.0,0,0.2017708718776703,,0,0,0,0,0,0,0,0,0,0
fake_front,clean+shift,84,12,CleanCoop,0,10,0,0.0,0,0.21023781597614288,,0,0,0,0,0,0,0,0,0,0
fake_front,clean+shift,84,12,PrimaryRaw,0,10,1,1.0,10,0.1989773064851761,,0,0,0,0,0,0,0,0,0,0
fake_front,clean+shift,84,12,PrimaryTrustCalib,0,10,1,1.0,10,0.1989773064851761,accept,0,0,0,0,0,0,0,0,0,0
fake_front,clean+shift,84,12,MultiPeerObjectGuard,0,10,0,0.0,0,0.21023781597614288,object_quarantine,1,1,1,0,0,0,0,0,0,0
fake_front,clean+shift,84,13,EgoOnly,0,10,0,0.0,0,0.18252120912075043,,0,0,0,0,0,0,0,0,0,0
fake_front,clean+shift,84,13,CleanCoop,0,10,0,0.0,0,0.21002808213233948,,0,0,0,0,0,0,0,0,0,0
fake_front,clean+shift,84,13,PrimaryRaw,0,10,1,1.0,10,0.1985827088356018,,0,0,0,0,0,0,0,0,0,0
fake_front,clean+shift,84,13,PrimaryTrustCalib,0,10,1,1.0,10,0.1985827088356018,accept,0,0,0,0,0,0,0,0,0,0
fake_front,clean+shift,84,13,MultiPeerObjectGuard,0,10,0,0.0,0,0.21002808213233948,object_quarantine,1,1,1,0,0,0,0,0,0,0
fake_front,clean+shift,84,14,EgoOnly,0,10,0,0.0,0,0.179918572306633,,0,0,0,0,0,0,0,0,0,0
fake_front,clean+shift,84,14,CleanCoop,0,10,0,0.0,0,0.2122393250465393,,0,0,0,0,0,0,0,0,0,0
fake_front,clean+shift,84,14,PrimaryRaw,0,10,1,1.0,10,0.20025426149368286,,0,0,0,0,0,0,0,0,0,0
fake_front,clean+shift,84,14,PrimaryTrustCalib,0,10,1,1.0,10,0.20025426149368286,accept,0,0,0,0,0,0,0,0,0,0
fake_front,clean+shift,84,14,MultiPeerObjectGuard,0,10,0,0.0,0,0.2122393250465393,object_quarantine,1,1,1,0,0,0,0,0,0,0
fake_front,clean+shift,84,15,EgoOnly,0,10,0,0.0,0,0.18357977271080017,,0,0,0,0,0,0,0,0,0,0
fake_front,clean+shift,84,15,CleanCoop,0,10,0,0.0,0,0.21388226747512817,,0,0,0,0,0,0,0,0,0,0
fake_front,clean+shift,84,15,PrimaryRaw,0,10,1,1.0,10,0.20144441723823547,,0,0,0,0,0,0,0,0,0,0
fake_front,clean+shift,84,15,PrimaryTrustCalib,0,10,1,1.0,10,0.20144441723823547,accept,0,0,0,0,0,0,0,0,0,0
fake_front,clean+shift,84,15,MultiPeerObjectGuard,0,10,0,0.0,0,0.21388226747512817,object_quarantine,1,1,1,0,0,0,0,0,0,0
fake_front,clean+shift,84,16,EgoOnly,0,10,0,0.0,0,0.14912669360637665,,0,0,0,0,0,0,0,0,0,0
fake_front,clean+shift,84,16,CleanCoop,0,10,0,0.0,0,0.2183811366558075,,0,0,0,0,0,0,0,0,0,0
fake_front,clean+shift,84,16,PrimaryRaw,0,10,1,1.0,10,0.20522427558898926,,0,0,0,0,0,0,0,0,0,0
fake_front,clean+shift,84,16,PrimaryTrustCalib,0,10,1,1.0,10,0.20522427558898926,accept,0,0,0,0,0,0,0,0,0,0
fake_front,clean+shift,84,16,MultiPeerObjectGuard,0,10,0,0.0,0,0.2183811366558075,object_quarantine,1,1,1,0,0,0,0,0,0,0
fake_front,clean+shift,84,17,EgoOnly,0,10,0,0.0,0,0.18478238582611084,,0,0,0,0,0,0,0,0,0,0
fake_front,clean+shift,84,17,CleanCoop,0,10,0,0.0,0,0.22846126556396484,,0,0,0,0,0,0,0,0,0,0
fake_front,clean+shift,84,17,PrimaryRaw,0,10,1,1.0,10,0.2132641077041626,,0,0,0,0,0,0,0,0,0,0
fake_front,clean+shift,84,17,PrimaryTrustCalib,0,10,1,1.0,10,0.2132641077041626,accept,0,0,0,0,0,0,0,0,0,0
fake_front,clean+shift,84,17,MultiPeerObjectGuard,0,10,0,0.0,0,0.22846126556396484,object_quarantine,1,1,1,0,0,0,0,0,0,0
fake_front,clean+shift,84,18,EgoOnly,0,10,0,0.0,0,0.18072152137756348,,0,0,0,0,0,0,0,0,0,0
fake_front,clean+shift,84,18,CleanCoop,0,10,0,0.0,0,0.24951142072677612,,0,0,0,0,0,0,0,0,0,0
fake_front,clean+shift,84,18,PrimaryRaw,0,10,1,1.0,10,0.23080551624298096,,0,0,0,0,0,0,0,0,0,0
fake_front,clean+shift,84,18,PrimaryTrustCalib,0,10,1,1.0,10,0.23080551624298096,accept,0,0,0,0,0,0,0,0,0,0
fake_front,clean+shift,84,18,MultiPeerObjectGuard,0,10,0,0.0,0,0.24951142072677612,object_quarantine,1,1,1,0,0,0,0,0,0,0
fake_front,clean+shift,84,19,EgoOnly,0,10,0,0.0,0,0.17986692488193512,,0,0,0,0,0,0,0,0,0,0
fake_front,clean+shift,84,19,CleanCoop,0,10,0,0.0,0,0.26487329602241516,,0,0,0,0,0,0,0,0,0,0
fake_front,clean+shift,84,19,PrimaryRaw,0,10,1,1.0,10,0.24432723224163055,,0,0,0,0,0,0,0,0,0,0
fake_front,clean+shift,84,19,PrimaryTrustCalib,0,10,1,1.0,10,0.24432723224163055,accept,0,0,0,0,0,0,0,0,0,0
fake_front,clean+shift,84,19,MultiPeerObjectGuard,0,10,0,0.0,0,0.26487329602241516,object_quarantine,1,1,1,0,0,0,0,0,0,0
fake_front,clean+shift,86,0,EgoOnly,0,10,0,0.0,0,0.2073809653520584,,0,0,0,0,0,0,0,0,0,0
fake_front,clean+shift,86,0,CleanCoop,0,10,1,0.0,0,0.6039599180221558,,0,0,0,0,0,0,0,0,0,0
fake_front,clean+shift,86,0,PrimaryRaw,0,10,1,1.0,10,0.6039599180221558,,0,0,0,0,0,0,0,0,0,0
fake_front,clean+shift,86,0,PrimaryTrustCalib,0,10,1,1.0,10,0.6039599180221558,accept,0,0,0,0,0,0,0,0,0,0
fake_front,clean+shift,86,0,MultiPeerObjectGuard,0,10,1,0.0,0,0.6039599180221558,object_quarantine,1,1,1,0,0,0,0,0,0,0
fake_front,clean+shift,86,1,EgoOnly,0,10,0,0.0,0,0.1577913761138916,,0,0,0,0,0,0,0,0,0,0
fake_front,clean+shift,86,1,CleanCoop,0,10,1,0.0,0,0.605368971824646,,0,0,0,0,0,0,0,0,0,0
fake_front,clean+shift,86,1,PrimaryRaw,0,10,1,1.0,10,0.605368971824646,,0,0,0,0,0,0,0,0,0,0
fake_front,clean+shift,86,1,PrimaryTrustCalib,0,10,1,1.0,10,0.605368971824646,accept,0,0,0,0,0,0,0,0,0,0
fake_front,clean+shift,86,1,MultiPeerObjectGuard,0,10,1,0.0,0,0.605368971824646,object_quarantine,1,1,1,0,0,0,0,0,0,0
fake_front,clean+shift,86,2,EgoOnly,0,10,0,0.0,0,0.15700682997703552,,0,0,0,0,0,0,0,0,0,0
fake_front,clean+shift,86,2,CleanCoop,0,10,1,0.0,0,0.6035762429237366,,0,0,0,0,0,0,0,0,0,0
fake_front,clean+shift,86,2,PrimaryRaw,0,10,1,1.0,10,0.6035762429237366,,0,0,0,0,0,0,0,0,0,0
fake_front,clean+shift,86,2,PrimaryTrustCalib,0,10,1,1.0,10,0.6035762429237366,accept,0,0,0,0,0,0,0,0,0,0
fake_front,clean+shift,86,2,MultiPeerObjectGuard,0,10,1,0.0,0,0.6035762429237366,object_quarantine,1,1,1,0,0,0,0,0,0,0
fake_front,clean+shift,86,3,EgoOnly,0,10,0,0.0,0,0.1557493954896927,,0,0,0,0,0,0,0,0,0,0
fake_front,clean+shift,86,3,CleanCoop,0,10,1,0.0,0,0.6001852750778198,,0,0,0,0,0,0,0,0,0,0
fake_front,clean+shift,86,3,PrimaryRaw,0,10,1,1.0,10,0.6001852750778198,,0,0,0,0,0,0,0,0,0,0
fake_front,clean+shift,86,3,PrimaryTrustCalib,0,10,1,1.0,10,0.6001852750778198,accept,0,0,0,0,0,0,0,0,0,0
fake_front,clean+shift,86,3,MultiPeerObjectGuard,0,10,1,0.0,0,0.6001852750778198,object_quarantine,1,1,1,0,0,0,0,0,0,0
fake_front,clean+shift,86,4,EgoOnly,0,10,0,0.0,0,0.17633752524852753,,0,0,0,0,0,0,0,0,0,0
fake_front,clean+shift,86,4,CleanCoop,0,10,1,0.0,0,0.5864059925079346,,0,0,0,0,0,0,0,0,0,0
fake_front,clean+shift,86,4,PrimaryRaw,0,10,1,1.0,10,0.5864059925079346,,0,0,0,0,0,0,0,0,0,0
fake_front,clean+shift,86,4,PrimaryTrustCalib,0,10,1,1.0,10,0.5864059925079346,accept,0,0,0,0,0,0,0,0,0,0
fake_front,clean+shift,86,4,MultiPeerObjectGuard,0,10,1,0.0,0,0.5864059925079346,object_quarantine,1,1,1,0,0,0,0,0,0,0
fake_front,clean+shift,86,5,EgoOnly,0,10,0,0.0,0,0.17999820411205292,,0,0,0,0,0,0,0,0,0,0
fake_front,clean+shift,86,5,CleanCoop,0,10,1,0.0,0,0.5767613649368286,,0,0,0,0,0,0,0,0,0,0
fake_front,clean+shift,86,5,PrimaryRaw,0,10,1,1.0,10,0.5767613649368286,,0,0,0,0,0,0,0,0,0,0
fake_front,clean+shift,86,5,PrimaryTrustCalib,0,10,1,1.0,10,0.5767613649368286,accept,0,0,0,0,0,0,0,0,0,0
fake_front,clean+shift,86,5,MultiPeerObjectGuard,0,10,1,0.0,0,0.5767613649368286,object_quarantine,1,1,1,0,0,0,0,0,0,0
fake_front,clean+shift,86,6,EgoOnly,0,10,0,0.0,0,0.17460046708583832,,0,0,0,0,0,0,0,0,0,0
fake_front,clean+shift,86,6,CleanCoop,0,10,1,0.0,0,0.5588282346725464,,0,0,0,0,0,0,0,0,0,0
fake_front,clean+shift,86,6,PrimaryRaw,0,10,1,1.0,10,0.5588282346725464,,0,0,0,0,0,0,0,0,0,0
fake_front,clean+shift,86,6,PrimaryTrustCalib,0,10,1,1.0,10,0.5588282346725464,accept,0,0,0,0,0,0,0,0,0,0
fake_front,clean+shift,86,6,MultiPeerObjectGuard,0,10,1,0.0,0,0.5588282346725464,object_quarantine,1,1,1,0,0,0,0,0,0,0
fake_front,clean+shift,86,7,EgoOnly,0,10,0,0.0,0,0.18190228939056396,,0,0,0,0,0,0,0,0,0,0
fake_front,clean+shift,86,7,CleanCoop,0,10,1,0.0,0,0.5371663570404053,,0,0,0,0,0,0,0,0,0,0
fake_front,clean+shift,86,7,PrimaryRaw,0,10,1,1.0,10,0.5371663570404053,,0,0,0,0,0,0,0,0,0,0
fake_front,clean+shift,86,7,PrimaryTrustCalib,0,10,1,1.0,10,0.5371663570404053,accept,0,0,0,0,0,0,0,0,0,0
fake_front,clean+shift,86,7,MultiPeerObjectGuard,0,10,1,0.0,0,0.5371663570404053,object_quarantine,1,1,1,0,0,0,0,0,0,0
fake_front,clean+shift,86,8,EgoOnly,0,10,0,0.0,0,0.1669505387544632,,0,0,0,0,0,0,0,0,0,0
fake_front,clean+shift,86,8,CleanCoop,0,10,1,0.0,0,0.5490862727165222,,0,0,0,0,0,0,0,0,0,0
fake_front,clean+shift,86,8,PrimaryRaw,0,10,1,1.0,10,0.5490862727165222,,0,0,0,0,0,0,0,0,0,0
fake_front,clean+shift,86,8,PrimaryTrustCalib,0,10,1,1.0,10,0.5490862727165222,accept,0,0,0,0,0,0,0,0,0,0
fake_front,clean+shift,86,8,MultiPeerObjectGuard,0,10,1,0.0,0,0.5490862727165222,object_quarantine,1,1,1,0,0,0,0,0,0,0
fake_front,clean+shift,86,9,EgoOnly,0,10,0,0.0,0,0.16206564009189606,,0,0,0,0,0,0,0,0,0,0
fake_front,clean+shift,86,9,CleanCoop,0,10,1,0.0,0,0.5531414151191711,,0,0,0,0,0,0,0,0,0,0
fake_front,clean+shift,86,9,PrimaryRaw,0,10,1,1.0,10,0.5531414151191711,,0,0,0,0,0,0,0,0,0,0
fake_front,clean+shift,86,9,PrimaryTrustCalib,0,10,1,1.0,10,0.5531414151191711,accept,0,0,0,0,0,0,0,0,0,0
fake_front,clean+shift,86,9,MultiPeerObjectGuard,0,10,1,0.0,0,0.5531414151191711,object_quarantine,1,1,1,0,0,0,0,0,0,0
fake_front,clean+shift,86,10,EgoOnly,0,10,0,0.0,0,0.1582689881324768,,0,0,0,0,0,0,0,0,0,0
fake_front,clean+shift,86,10,CleanCoop,0,10,1,0.0,0,0.5368629693984985,,0,0,0,0,0,0,0,0,0,0
fake_front,clean+shift,86,10,PrimaryRaw,0,10,1,1.0,10,0.5368629693984985,,0,0,0,0,0,0,0,0,0,0
fake_front,clean+shift,86,10,PrimaryTrustCalib,0,10,1,1.0,10,0.5368629693984985,accept,0,0,0,0,0,0,0,0,0,0
fake_front,clean+shift,86,10,MultiPeerObjectGuard,0,10,1,0.0,0,0.5368629693984985,object_quarantine,1,1,1,0,0,0,0,0,0,0
fake_front,clean+shift,86,11,EgoOnly,0,10,0,0.0,0,0.15948545932769775,,0,0,0,0,0,0,0,0,0,0
fake_front,clean+shift,86,11,CleanCoop,0,10,1,0.0,0,0.52663654088974,,0,0,0,0,0,0,0,0,0,0
fake_front,clean+shift,86,11,PrimaryRaw,0,10,1,1.0,10,0.52663654088974,,0,0,0,0,0,0,0,0,0,0
fake_front,clean+shift,86,11,PrimaryTrustCalib,0,10,1,1.0,10,0.52663654088974,accept,0,0,0,0,0,0,0,0,0,0
fake_front,clean+shift,86,11,MultiPeerObjectGuard,0,10,1,0.0,0,0.52663654088974,object_quarantine,1,1,1,0,0,0,0,0,0,0
fake_front,clean+shift,86,12,EgoOnly,0,10,0,0.0,0,0.24978876113891602,,0,0,0,0,0,0,0,0,0,0
fake_front,clean+shift,86,12,CleanCoop,0,10,1,0.0,0,0.5109419226646423,,0,0,0,0,0,0,0,0,0,0
fake_front,clean+shift,86,12,PrimaryRaw,0,10,1,1.0,10,0.5109419226646423,,0,0,0,0,0,0,0,0,0,0
fake_front,clean+shift,86,12,PrimaryTrustCalib,0,10,1,1.0,10,0.5109419226646423,accept,0,0,0,0,0,0,0,0,0,0
fake_front,clean+shift,86,12,MultiPeerObjectGuard,0,10,1,0.0,0,0.5109419226646423,object_quarantine,1,1,1,0,0,0,0,0,0,0
fake_front,clean+shift,86,13,EgoOnly,0,10,1,0.0,0,0.4184597432613373,,0,0,0,0,0,0,0,0,0,0
fake_front,clean+shift,86,13,CleanCoop,0,10,1,0.0,0,0.45001688599586487,,0,0,0,0,0,0,0,0,0,0
fake_front,clean+shift,86,13,PrimaryRaw,0,10,1,1.0,10,0.45001688599586487,,0,0,0,0,0,0,0,0,0,0
fake_front,clean+shift,86,13,PrimaryTrustCalib,0,10,1,1.0,10,0.45001688599586487,accept,0,0,0,0,0,0,0,0,0,0
fake_front,clean+shift,86,13,MultiPeerObjectGuard,0,10,1,0.0,0,0.45001688599586487,object_quarantine,1,1,1,0,0,0,0,0,0,0
fake_front,clean+shift,86,14,EgoOnly,0,10,1,0.0,0,0.3290228843688965,,0,0,0,0,0,0,0,0,0,0
fake_front,clean+shift,86,14,CleanCoop,0,10,1,0.0,0,0.45378270745277405,,0,0,0,0,0,0,0,0,0,0
fake_front,clean+shift,86,14,PrimaryRaw,0,10,1,1.0,10,0.45378270745277405,,0,0,0,0,0,0,0,0,0,0
fake_front,clean+shift,86,14,PrimaryTrustCalib,0,10,1,1.0,10,0.45378270745277405,accept,0,0,0,0,0,0,0,0,0,0
fake_front,clean+shift,86,14,MultiPeerObjectGuard,0,10,1,0.0,0,0.45378270745277405,object_quarantine,1,1,1,0,0,0,0,0,0,0
fake_front,clean+shift,86,15,EgoOnly,0,10,0,0.0,0,0.16197246313095093,,0,0,0,0,0,0,0,0,0,0
fake_front,clean+shift,86,15,CleanCoop,0,10,1,0.0,0,0.3521636724472046,,0,0,0,0,0,0,0,0,0,0
fake_front,clean+shift,86,15,PrimaryRaw,0,10,1,1.0,10,0.3521636724472046,,0,0,0,0,0,0,0,0,0,0
fake_front,clean+shift,86,15,PrimaryTrustCalib,0,10,1,1.0,10,0.3521636724472046,accept,0,0,0,0,0,0,0,0,0,0
fake_front,clean+shift,86,15,MultiPeerObjectGuard,0,10,1,0.0,0,0.3521636724472046,object_quarantine,1,1,1,0,0,0,0,0,0,0
fake_front,clean+shift,86,16,EgoOnly,0,10,1,0.0,0,0.39353546500205994,,0,0,0,0,0,0,0,0,0,0
fake_front,clean+shift,86,16,CleanCoop,0,10,1,0.0,0,0.32942700386047363,,0,0,0,0,0,0,0,0,0,0
fake_front,clean+shift,86,16,PrimaryRaw,0,10,1,1.0,10,0.32942700386047363,,0,0,0,0,0,0,0,0,0,0
fake_front,clean+shift,86,16,PrimaryTrustCalib,0,10,1,1.0,10,0.32942700386047363,accept,0,0,0,0,0,0,0,0,0,0
fake_front,clean+shift,86,16,MultiPeerObjectGuard,0,10,1,0.0,0,0.32942700386047363,object_quarantine,1,1,1,0,0,0,0,0,0,0
fake_front,clean+shift,86,17,EgoOnly,0,10,0,0.0,0,0.14881467819213867,,0,0,0,0,0,0,0,0,0,0
fake_front,clean+shift,86,17,CleanCoop,0,10,0,0.0,0,0.2902887761592865,,0,0,0,0,0,0,0,0,0,0
fake_front,clean+shift,86,17,PrimaryRaw,0,10,1,1.0,10,0.2902887761592865,,0,0,0,0,0,0,0,0,0,0
fake_front,clean+shift,86,17,PrimaryTrustCalib,0,10,1,1.0,10,0.2902887761592865,accept,0,0,0,0,0,0,0,0,0,0
fake_front,clean+shift,86,17,MultiPeerObjectGuard,0,10,0,0.0,0,0.2902887761592865,object_quarantine,1,1,1,0,0,0,0,0,0,0
fake_front,clean+shift,86,18,EgoOnly,0,10,0,0.0,0,0.2187369167804718,,0,0,0,0,0,0,0,0,0,0
fake_front,clean+shift,86,18,CleanCoop,0,10,0,0.0,0,0.28301361203193665,,0,0,0,0,0,0,0,0,0,0
fake_front,clean+shift,86,18,PrimaryRaw,0,10,1,1.0,10,0.28301361203193665,,0,0,0,0,0,0,0,0,0,0
fake_front,clean+shift,86,18,PrimaryTrustCalib,0,10,1,1.0,10,0.28301361203193665,accept,0,0,0,0,0,0,0,0,0,0
fake_front,clean+shift,86,18,MultiPeerObjectGuard,0,10,0,0.0,0,0.28301361203193665,object_quarantine,1,1,1,0,0,0,0,0,0,0
fake_front,clean+shift,86,19,EgoOnly,0,10,0,0.0,0,0.12827841937541962,,0,0,0,0,0,0,0,0,0,0
fake_front,clean+shift,86,19,CleanCoop,0,10,0,0.0,0,0.26988333463668823,,0,0,0,0,0,0,0,0,0,0
fake_front,clean+shift,86,19,PrimaryRaw,0,10,1,1.0,10,0.26988333463668823,,0,0,0,0,0,0,0,0,0,0
fake_front,clean+shift,86,19,PrimaryTrustCalib,0,10,1,1.0,10,0.26988333463668823,accept,0,0,0,0,0,0,0,0,0,0
fake_front,clean+shift,86,19,MultiPeerObjectGuard,0,10,0,0.0,0,0.26988333463668823,object_quarantine,1,1,1,0,0,0,0,0,0,0
fake_front,clean+shift,92,0,EgoOnly,0,10,1,0.0,0,0.3633694350719452,,0,0,0,0,0,0,0,0,0,0
fake_front,clean+shift,92,0,CleanCoop,0,10,0,0.0,0,0.1817886233329773,,0,0,0,0,0,0,0,0,0,0
fake_front,clean+shift,92,0,PrimaryRaw,0,10,1,1.0,10,0.17881299555301666,,0,0,0,0,0,0,0,0,0,0
fake_front,clean+shift,92,0,PrimaryTrustCalib,0,10,1,1.0,10,0.17881299555301666,accept,0,0,0,0,0,0,0,0,0,0
fake_front,clean+shift,92,0,MultiPeerObjectGuard,0,10,0,0.0,0,0.1817886233329773,object_quarantine,1,1,1,0,0,0,0,0,0,0
fake_front,clean+shift,92,1,EgoOnly,0,10,1,0.0,0,0.33302822709083557,,0,0,0,0,0,0,0,0,0,0
fake_front,clean+shift,92,1,CleanCoop,0,10,0,0.0,0,0.18299297988414764,,0,0,0,0,0,0,0,0,0,0
fake_front,clean+shift,92,1,PrimaryRaw,0,10,1,1.0,10,0.17975927889347076,,0,0,0,0,0,0,0,0,0,0
fake_front,clean+shift,92,1,PrimaryTrustCalib,0,10,1,1.0,10,0.17975927889347076,accept,0,0,0,0,0,0,0,0,0,0
fake_front,clean+shift,92,1,MultiPeerObjectGuard,0,10,0,0.0,0,0.18299297988414764,object_quarantine,1,1,1,0,0,0,0,0,0,0
fake_front,clean+shift,92,2,EgoOnly,0,10,1,0.0,0,0.31321704387664795,,0,0,0,0,0,0,0,0,0,0
fake_front,clean+shift,92,2,CleanCoop,0,10,0,0.0,0,0.18491201102733612,,0,0,0,0,0,0,0,0,0,0
fake_front,clean+shift,92,2,PrimaryRaw,0,10,1,1.0,10,0.18136033415794373,,0,0,0,0,0,0,0,0,0,0
fake_front,clean+shift,92,2,PrimaryTrustCalib,0,10,1,1.0,10,0.18136033415794373,accept,0,0,0,0,0,0,0,0,0,0
fake_front,clean+shift,92,2,MultiPeerObjectGuard,0,10,0,0.0,0,0.18491201102733612,object_quarantine,1,1,1,0,0,0,0,0,0,0
fake_front,clean+shift,92,3,EgoOnly,0,10,0,0.0,0,0.29902780055999756,,0,0,0,0,0,0,0,0,0,0
fake_front,clean+shift,92,3,CleanCoop,0,10,0,0.0,0,0.18720032274723053,,0,0,0,0,0,0,0,0,0,0
fake_front,clean+shift,92,3,PrimaryRaw,0,10,1,1.0,10,0.1832577884197235,,0,0,0,0,0,0,0,0,0,0
fake_front,clean+shift,92,3,PrimaryTrustCalib,0,10,1,1.0,10,0.1832577884197235,accept,0,0,0,0,0,0,0,0,0,0
fake_front,clean+shift,92,3,MultiPeerObjectGuard,0,10,0,0.0,0,0.18720032274723053,object_quarantine,1,1,1,0,0,0,0,0,0,0
fake_front,clean+shift,92,4,EgoOnly,0,10,0,0.0,0,0.2853088974952698,,0,0,0,0,0,0,0,0,0,0
fake_front,clean+shift,92,4,CleanCoop,0,10,0,0.0,0,0.1889786273241043,,0,0,0,0,0,0,0,0,0,0
fake_front,clean+shift,92,4,PrimaryRaw,0,10,1,1.0,10,0.18467724323272705,,0,0,0,0,0,0,0,0,0,0
fake_front,clean+shift,92,4,PrimaryTrustCalib,0,10,1,1.0,10,0.18467724323272705,accept,0,0,0,0,0,0,0,0,0,0
fake_front,clean+shift,92,4,MultiPeerObjectGuard,0,10,0,0.0,0,0.1889786273241043,object_quarantine,1,1,1,0,0,0,0,0,0,0
fake_front,clean+shift,92,5,EgoOnly,0,10,0,0.0,0,0.2790740430355072,,0,0,0,0,0,0,0,0,0,0
fake_front,clean+shift,92,5,CleanCoop,0,10,0,0.0,0,0.18470990657806396,,0,0,0,0,0,0,0,0,0,0
fake_front,clean+shift,92,5,PrimaryRaw,0,10,1,1.0,10,0.1807689219713211,,0,0,0,0,0,0,0,0,0,0
fake_front,clean+shift,92,5,PrimaryTrustCalib,0,10,1,1.0,10,0.1807689219713211,accept,0,0,0,0,0,0,0,0,0,0
fake_front,clean+shift,92,5,MultiPeerObjectGuard,0,10,0,0.0,0,0.18470990657806396,object_quarantine,1,1,1,0,0,0,0,0,0,0
fake_front,clean+shift,92,6,EgoOnly,0,10,0,0.0,0,0.27021825313568115,,0,0,0,0,0,0,0,0,0,0
fake_front,clean+shift,92,6,CleanCoop,0,10,0,0.0,0,0.18898332118988037,,0,0,0,0,0,0,0,0,0,0
fake_front,clean+shift,92,6,PrimaryRaw,0,10,1,1.0,10,0.1841888427734375,,0,0,0,0,0,0,0,0,0,0
fake_front,clean+shift,92,6,PrimaryTrustCalib,0,10,1,1.0,10,0.1841888427734375,accept,0,0,0,0,0,0,0,0,0,0
fake_front,clean+shift,92,6,MultiPeerObjectGuard,0,10,0,0.0,0,0.18898332118988037,object_quarantine,1,1,1,0,0,0,0,0,0,0
fake_front,clean+shift,92,7,EgoOnly,0,10,0,0.0,0,0.15367485582828522,,0,0,0,0,0,0,0,0,0,0
fake_front,clean+shift,92,7,CleanCoop,0,10,0,0.0,0,0.19530244171619415,,0,0,0,0,0,0,0,0,0,0
fake_front,clean+shift,92,7,PrimaryRaw,0,10,1,1.0,10,0.1895800083875656,,0,0,0,0,0,0,0,0,0,0
fake_front,clean+shift,92,7,PrimaryTrustCalib,0,10,1,1.0,10,0.1895800083875656,accept,0,0,0,0,0,0,0,0,0,0
fake_front,clean+shift,92,7,MultiPeerObjectGuard,0,10,0,0.0,0,0.19530244171619415,object_quarantine,1,1,1,0,0,0,0,0,0,0
fake_front,clean+shift,92,8,EgoOnly,0,10,0,0.0,0,0.15734031796455383,,0,0,0,0,0,0,0,0,0,0
fake_front,clean+shift,92,8,CleanCoop,0,10,0,0.0,0,0.19649843871593475,,0,0,0,0,0,0,0,0,0,0
fake_front,clean+shift,92,8,PrimaryRaw,0,10,1,1.0,10,0.19046801328659058,,0,0,0,0,0,0,0,0,0,0
fake_front,clean+shift,92,8,PrimaryTrustCalib,0,10,1,1.0,10,0.19046801328659058,accept,0,0,0,0,0,0,0,0,0,0
fake_front,clean+shift,92,8,MultiPeerObjectGuard,0,10,0,0.0,0,0.19649843871593475,object_quarantine,1,1,1,0,0,0,0,0,0,0
fake_front,clean+shift,92,9,EgoOnly,0,10,0,0.0,0,0.1606803983449936,,0,0,0,0,0,0,0,0,0,0
fake_front,clean+shift,92,9,CleanCoop,0,10,0,0.0,0,0.22096456587314606,,0,0,0,0,0,0,0,0,0,0
fake_front,clean+shift,92,9,PrimaryRaw,0,10,1,1.0,10,0.21161390841007233,,0,0,0,0,0,0,0,0,0,0
fake_front,clean+shift,92,9,PrimaryTrustCalib,0,10,1,1.0,10,0.21161390841007233,accept,0,0,0,0,0,0,0,0,0,0
fake_front,clean+shift,92,9,MultiPeerObjectGuard,0,10,0,0.0,0,0.22096456587314606,object_quarantine,1,1,1,0,0,0,0,0,0,0
fake_front,clean+shift,92,10,EgoOnly,0,10,0,0.0,0,0.1438668966293335,,0,0,0,0,0,0,0,0,0,0
fake_front,clean+shift,92,10,CleanCoop,0,10,0,0.0,0,0.18318825960159302,,0,0,0,0,0,0,0,0,0,0
fake_front,clean+shift,92,10,PrimaryRaw,0,10,1,1.0,10,0.17513996362686157,,0,0,0,0,0,0,0,0,0,0
fake_front,clean+shift,92,10,PrimaryTrustCalib,0,10,1,1.0,10,0.17513996362686157,accept,0,0,0,0,0,0,0,0,0,0
fake_front,clean+shift,92,10,MultiPeerObjectGuard,0,10,0,0.0,0,0.18318825960159302,object_quarantine,1,1,1,0,0,0,0,0,0,0
fake_front,clean+shift,92,11,EgoOnly,0,10,0,0.0,0,0.1701749712228775,,0,0,0,0,0,0,0,0,0,0
fake_front,clean+shift,92,11,CleanCoop,0,10,0,0.0,0,0.18944185972213745,,0,0,0,0,0,0,0,0,0,0
fake_front,clean+shift,92,11,PrimaryRaw,0,10,1,1.0,10,0.1796935498714447,,0,0,0,0,0,0,0,0,0,0
fake_front,clean+shift,92,11,PrimaryTrustCalib,0,10,1,1.0,10,0.1796935498714447,accept,0,0,0,0,0,0,0,0,0,0
fake_front,clean+shift,92,11,MultiPeerObjectGuard,0,10,0,0.0,0,0.18944185972213745,object_quarantine,1,1,1,0,0,0,0,0,0,0
fake_front,clean+shift,92,12,EgoOnly,0,10,0,0.0,0,0.17622432112693787,,0,0,0,0,0,0,0,0,0,0
fake_front,clean+shift,92,12,CleanCoop,0,10,0,0.0,0,0.19356577098369598,,0,0,0,0,0,0,0,0,0,0
fake_front,clean+shift,92,12,PrimaryRaw,0,10,1,1.0,10,0.18247154355049133,,0,0,0,0,0,0,0,0,0,0
fake_front,clean+shift,92,12,PrimaryTrustCalib,0,10,1,1.0,10,0.18247154355049133,accept,0,0,0,0,0,0,0,0,0,0
fake_front,clean+shift,92,12,MultiPeerObjectGuard,0,10,0,0.0,0,0.19356577098369598,object_quarantine,1,1,1,0,0,0,0,0,0,0
fake_front,clean+shift,92,13,EgoOnly,0,10,0,0.0,0,0.18716631829738617,,0,0,0,0,0,0,0,0,0,0
fake_front,clean+shift,92,13,CleanCoop,0,10,0,0.0,0,0.19663114845752716,,0,0,0,0,0,0,0,0,0,0
fake_front,clean+shift,92,13,PrimaryRaw,0,10,1,1.0,10,0.18474029004573822,,0,0,0,0,0,0,0,0,0,0
fake_front,clean+shift,92,13,PrimaryTrustCalib,0,10,1,1.0,10,0.18474029004573822,accept,0,0,0,0,0,0,0,0,0,0
fake_front,clean+shift,92,13,MultiPeerObjectGuard,0,10,0,0.0,0,0.19663114845752716,object_quarantine,1,1,1,0,0,0,0,0,0,0
fake_front,clean+shift,92,14,EgoOnly,0,10,0,0.0,0,0.19341765344142914,,0,0,0,0,0,0,0,0,0,0
fake_front,clean+shift,92,14,CleanCoop,0,10,0,0.0,0,0.19907043874263763,,0,0,0,0,0,0,0,0,0,0
fake_front,clean+shift,92,14,PrimaryRaw,0,10,1,1.0,10,0.18646322190761566,,0,0,0,0,0,0,0,0,0,0
fake_front,clean+shift,92,14,PrimaryTrustCalib,0,10,1,1.0,10,0.18646322190761566,accept,0,0,0,0,0,0,0,0,0,0
fake_front,clean+shift,92,14,MultiPeerObjectGuard,0,10,0,0.0,0,0.19907043874263763,object_quarantine,1,1,1,0,0,0,0,0,0,0
fake_front,clean+shift,92,15,EgoOnly,0,10,0,0.0,0,0.1951228529214859,,0,0,0,0,0,0,0,0,0,0
fake_front,clean+shift,92,15,CleanCoop,0,10,0,0.0,0,0.20191070437431335,,0,0,0,0,0,0,0,0,0,0
fake_front,clean+shift,92,15,PrimaryRaw,0,10,1,1.0,10,0.18850426375865936,,0,0,0,0,0,0,0,0,0,0
fake_front,clean+shift,92,15,PrimaryTrustCalib,0,10,1,1.0,10,0.18850426375865936,accept,0,0,0,0,0,0,0,0,0,0
fake_front,clean+shift,92,15,MultiPeerObjectGuard,0,10,0,0.0,0,0.20191070437431335,object_quarantine,1,1,1,0,0,0,0,0,0,0
fake_front,clean+shift,92,16,EgoOnly,0,10,0,0.0,0,0.1962694227695465,,0,0,0,0,0,0,0,0,0,0
fake_front,clean+shift,92,16,CleanCoop,0,10,0,0.0,0,0.20387233793735504,,0,0,0,0,0,0,0,0,0,0
fake_front,clean+shift,92,16,PrimaryRaw,0,10,1,1.0,10,0.1903124749660492,,0,0,0,0,0,0,0,0,0,0
fake_front,clean+shift,92,16,PrimaryTrustCalib,0,10,1,1.0,10,0.1903124749660492,accept,0,0,0,0,0,0,0,0,0,0
fake_front,clean+shift,92,16,MultiPeerObjectGuard,0,10,0,0.0,0,0.20387233793735504,object_quarantine,1,1,1,0,0,0,0,0,0,0
fake_front,clean+shift,92,17,EgoOnly,0,10,0,0.0,0,0.20211383700370789,,0,0,0,0,0,0,0,0,0,0
fake_front,clean+shift,92,17,CleanCoop,0,10,0,0.0,0,0.21002523601055145,,0,0,0,0,0,0,0,0,0,0
fake_front,clean+shift,92,17,PrimaryRaw,0,10,1,1.0,10,0.1956867128610611,,0,0,0,0,0,0,0,0,0,0
fake_front,clean+shift,92,17,PrimaryTrustCalib,0,10,1,1.0,10,0.1956867128610611,accept,0,0,0,0,0,0,0,0,0,0
fake_front,clean+shift,92,17,MultiPeerObjectGuard,0,10,0,0.0,0,0.21002523601055145,object_quarantine,1,1,1,0,0,0,0,0,0,0
fake_front,clean+shift,92,18,EgoOnly,0,10,0,0.0,0,0.21610702574253082,,0,0,0,0,0,0,0,0,0,0
fake_front,clean+shift,92,18,CleanCoop,0,10,0,0.0,0,0.2271798998117447,,0,0,0,0,0,0,0,0,0,0
fake_front,clean+shift,92,18,PrimaryRaw,0,10,1,1.0,10,0.2092713713645935,,0,0,0,0,0,0,0,0,0,0
fake_front,clean+shift,92,18,PrimaryTrustCalib,0,10,1,1.0,10,0.2092713713645935,accept,0,0,0,0,0,0,0,0,0,0
fake_front,clean+shift,92,18,MultiPeerObjectGuard,0,10,0,0.0,0,0.2271798998117447,object_quarantine,1,1,1,0,0,0,0,0,0,0
fake_front,clean+shift,92,19,EgoOnly,0,10,0,0.0,0,0.22649435698986053,,0,0,0,0,0,0,0,0,0,0
fake_front,clean+shift,92,19,CleanCoop,0,10,0,0.0,0,0.2406124323606491,,0,0,0,0,0,0,0,0,0,0
fake_front,clean+shift,92,19,PrimaryRaw,0,10,1,1.0,10,0.21664884686470032,,0,0,0,0,0,0,0,0,0,0
fake_front,clean+shift,92,19,PrimaryTrustCalib,0,10,1,1.0,10,0.21664884686470032,accept,0,0,0,0,0,0,0,0,0,0
fake_front,clean+shift,92,19,MultiPeerObjectGuard,0,10,0,0.0,0,0.2406124323606491,object_quarantine,1,1,1,0,0,0,0,0,0,0
noise+fake_front,clean+shift,7,0,EgoOnly,3,10,1,0.1,1,0.15264847874641418,,0,0,0,0,0,0,0,0,0,0
noise+fake_front,clean+shift,7,0,CleanCoop,0,10,1,0.8,8,0.18618473410606384,,0,0,0,0,0,0,0,0,0,0
noise+fake_front,clean+shift,7,0,PrimaryRaw,1,10,1,1.0,10,0.18685413897037506,,0,0,0,0,0,0,0,0,0,0
noise+fake_front,clean+shift,7,0,PrimaryTrustCalib,0,10,1,1.0,10,0.18647724390029907,downweight,0,0,0,0,0,0,0,0,0,0
noise+fake_front,clean+shift,7,0,MultiPeerObjectGuard,0,10,1,1.0,10,0.18618473410606384,downweight,0,1,0,0,4,0,4,0,0,12
noise+fake_front,clean+shift,7,1,EgoOnly,2,10,1,0.2,2,0.15437646210193634,,0,0,0,0,0,0,0,0,0,0
noise+fake_front,clean+shift,7,1,CleanCoop,0,10,1,0.8,8,0.18251489102840424,,0,0,0,0,0,0,0,0,0,0
noise+fake_front,clean+shift,7,1,PrimaryRaw,0,10,1,1.0,10,0.18135283887386322,,0,0,0,0,0,0,0,0,0,0
noise+fake_front,clean+shift,7,1,PrimaryTrustCalib,2,10,1,1.0,10,0.18113310635089874,downweight,0,0,0,0,0,0,0,0,0,0
noise+fake_front,clean+shift,7,1,MultiPeerObjectGuard,1,10,1,1.0,10,0.18251489102840424,downweight,0,1,0,0,3,2,3,2,0,11
noise+fake_front,clean+shift,7,2,EgoOnly,2,10,1,0.3,3,0.18399128317832947,,0,0,0,0,0,0,0,0,0,0
noise+fake_front,clean+shift,7,2,CleanCoop,0,10,1,0.8,8,0.17869067192077637,,0,0,0,0,0,0,0,0,0,0
noise+fake_front,clean+shift,7,2,PrimaryRaw,0,10,1,1.0,10,0.177728071808815,,0,0,0,0,0,0,0,0,0,0
noise+fake_front,clean+shift,7,2,PrimaryTrustCalib,2,10,1,1.0,10,0.17767657339572906,downweight,0,0,0,0,0,0,0,0,0,0
noise+fake_front,clean+shift,7,2,MultiPeerObjectGuard,2,10,1,1.0,10,0.17868724465370178,downweight,0,1,0,0,5,0,5,0,0,12
noise+fake_front,clean+shift,7,3,EgoOnly,2,10,1,0.3,3,0.152507022023201,,0,0,0,0,0,0,0,0,0,0
noise+fake_front,clean+shift,7,3,CleanCoop,0,10,1,0.8,8,0.1718025952577591,,0,0,0,0,0,0,0,0,0,0
noise+fake_front,clean+shift,7,3,PrimaryRaw,1,10,1,1.0,10,0.17399951815605164,,0,0,0,0,0,0,0,0,0,0
noise+fake_front,clean+shift,7,3,PrimaryTrustCalib,0,10,1,1.0,10,0.174051433801651,downweight,0,0,0,0,0,0,0,0,0,0
noise+fake_front,clean+shift,7,3,MultiPeerObjectGuard,0,10,1,1.0,10,0.17093199491500854,downweight,0,1,0,0,2,1,2,1,0,13
noise+fake_front,clean+shift,7,4,EgoOnly,1,10,1,0.3,3,0.16032369434833527,,0,0,0,0,0,0,0,0,0,0
noise+fake_front,clean+shift,7,4,CleanCoop,0,10,1,0.7,7,0.1697544902563095,,0,0,0,0,0,0,0,0,0,0
noise+fake_front,clean+shift,7,4,PrimaryRaw,1,10,1,1.0,10,0.1718592643737793,,0,0,0,0,0,0,0,0,0,0
noise+fake_front,clean+shift,7,4,PrimaryTrustCalib,2,10,1,1.0,10,0.17241518199443817,downweight,0,0,0,0,0,0,0,0,0,0
noise+fake_front,clean+shift,7,4,MultiPeerObjectGuard,2,10,1,1.0,10,0.1697544902563095,downweight,0,1,0,0,4,0,4,0,0,13
noise+fake_front,clean+shift,7,5,EgoOnly,0,10,1,0.7,7,0.19189539551734924,,0,0,0,0,0,0,0,0,0,0
noise+fake_front,clean+shift,7,5,CleanCoop,0,10,1,0.7,7,0.16067397594451904,,0,0,0,0,0,0,0,0,0,0
noise+fake_front,clean+shift,7,5,PrimaryRaw,1,10,1,1.0,10,0.15940304100513458,,0,0,0,0,0,0,0,0,0,0
noise+fake_front,clean+shift,7,5,PrimaryTrustCalib,2,10,1,1.0,10,0.16115404665470123,downweight,0,0,0,0,0,0,0,0,0,0
noise+fake_front,clean+shift,7,5,MultiPeerObjectGuard,2,10,1,1.0,10,0.16067397594451904,downweight,0,1,0,0,4,2,4,2,0,13
noise+fake_front,clean+shift,7,6,EgoOnly,0,10,1,0.7,7,0.1722574681043625,,0,0,0,0,0,0,0,0,0,0
noise+fake_front,clean+shift,7,6,CleanCoop,0,10,1,0.7,7,0.1715162694454193,,0,0,0,0,0,0,0,0,0,0
noise+fake_front,clean+shift,7,6,PrimaryRaw,2,10,1,1.0,10,0.1728215366601944,,0,0,0,0,0,0,0,0,0,0
noise+fake_front,clean+shift,7,6,PrimaryTrustCalib,2,10,1,1.0,10,0.1734122335910797,downweight,0,0,0,0,0,0,0,0,0,0
noise+fake_front,clean+shift,7,6,MultiPeerObjectGuard,2,10,1,1.0,10,0.1715162694454193,downweight,0,1,0,0,4,1,4,1,0,10
noise+fake_front,clean+shift,7,7,EgoOnly,0,10,1,0.6,6,0.2313428372144699,,0,0,0,0,0,0,0,0,0,0
noise+fake_front,clean+shift,7,7,CleanCoop,0,10,1,0.6,6,0.21758891642093658,,0,0,0,0,0,0,0,0,0,0
noise+fake_front,clean+shift,7,7,PrimaryRaw,2,10,1,1.0,10,0.21872176229953766,,0,0,0,0,0,0,0,0,0,0
noise+fake_front,clean+shift,7,7,PrimaryTrustCalib,0,10,1,1.0,10,0.2179657518863678,downweight,0,0,0,0,0,0,0,0,0,0
noise+fake_front,clean+shift,7,7,MultiPeerObjectGuard,0,10,1,1.0,10,0.21758891642093658,downweight,0,1,0,0,4,1,4,1,0,11
noise+fake_front,clean+shift,7,8,EgoOnly,0,10,1,0.6,6,0.2956150770187378,,0,0,0,0,0,0,0,0,0,0
noise+fake_front,clean+shift,7,8,CleanCoop,0,10,1,0.6,6,0.27956125140190125,,0,0,0,0,0,0,0,0,0,0
noise+fake_front,clean+shift,7,8,PrimaryRaw,1,10,1,1.0,10,0.2777324616909027,,0,0,0,0,0,0,0,0,0,0
noise+fake_front,clean+shift,7,8,PrimaryTrustCalib,2,10,1,1.0,10,0.2784194350242615,downweight,0,0,0,0,0,0,0,0,0,0
noise+fake_front,clean+shift,7,8,MultiPeerObjectGuard,2,10,1,1.0,10,0.27956125140190125,downweight,0,1,0,0,5,0,5,0,0,13
noise+fake_front,clean+shift,7,9,EgoOnly,0,10,1,0.6,6,0.3101848065853119,,0,0,0,0,0,0,0,0,0,0
noise+fake_front,clean+shift,7,9,CleanCoop,0,10,1,0.6,6,0.3026198744773865,,0,0,0,0,0,0,0,0,0,0
noise+fake_front,clean+shift,7,9,PrimaryRaw,2,10,1,1.0,10,0.30352121591567993,,0,0,0,0,0,0,0,0,0,0
noise+fake_front,clean+shift,7,9,PrimaryTrustCalib,0,10,1,0.6,6,0.3101848065853119,quarantine,0,0,0,0,0,0,0,0,0,0
noise+fake_front,clean+shift,7,9,MultiPeerObjectGuard,0,10,1,0.6,6,0.3026198744773865,quarantine,0,0,0,0,12,12,12,12,0,0
noise+fake_front,clean+shift,7,10,EgoOnly,0,10,1,0.6,6,0.307140052318573,,0,0,0,0,0,0,0,0,0,0
noise+fake_front,clean+shift,7,10,CleanCoop,0,10,1,0.6,6,0.3036900758743286,,0,0,0,0,0,0,0,0,0,0
noise+fake_front,clean+shift,7,10,PrimaryRaw,1,10,1,1.0,10,0.30393221974372864,,0,0,0,0,0,0,0,0,0,0
noise+fake_front,clean+shift,7,10,PrimaryTrustCalib,0,10,1,1.0,10,0.30395248532295227,downweight,0,0,0,0,0,0,0,0,0,0
noise+fake_front,clean+shift,7,10,MultiPeerObjectGuard,0,10,1,1.0,10,0.3036900758743286,downweight,0,1,0,0,5,2,5,2,0,10
noise+fake_front,clean+shift,7,11,EgoOnly,0,10,1,0.6,6,0.24371126294136047,,0,0,0,0,0,0,0,0,0,0
noise+fake_front,clean+shift,7,11,CleanCoop,0,10,1,0.6,6,0.24213498830795288,,0,0,0,0,0,0,0,0,0,0
noise+fake_front,clean+shift,7,11,PrimaryRaw,0,10,1,1.0,10,0.2383301705121994,,0,0,0,0,0,0,0,0,0,0
noise+fake_front,clean+shift,7,11,PrimaryTrustCalib,0,10,1,1.0,10,0.2369607537984848,downweight,0,0,0,0,0,0,0,0,0,0
noise+fake_front,clean+shift,7,11,MultiPeerObjectGuard,0,10,1,1.0,10,0.23329585790634155,downweight,0,1,0,0,5,4,5,4,0,8
noise+fake_front,clean+shift,7,12,EgoOnly,0,10,1,0.6,6,0.19582699239253998,,0,0,0,0,0,0,0,0,0,0
noise+fake_front,clean+shift,7,12,CleanCoop,0,10,1,0.6,6,0.2022445648908615,,0,0,0,0,0,0,0,0,0,0
noise+fake_front,clean+shift,7,12,PrimaryRaw,0,10,1,1.0,10,0.20244979858398438,,0,0,0,0,0,0,0,0,0,0
noise+fake_front,clean+shift,7,12,PrimaryTrustCalib,0,10,1,1.0,10,0.20237845182418823,downweight,0,0,0,0,0,0,0,0,0,0
noise+fake_front,clean+shift,7,12,MultiPeerObjectGuard,0,10,1,1.0,10,0.2022445648908615,downweight,0,1,0,0,2,2,2,2,0,10
noise+fake_front,clean+shift,7,13,EgoOnly,0,10,1,0.6,6,0.16944557428359985,,0,0,0,0,0,0,0,0,0,0
noise+fake_front,clean+shift,7,13,CleanCoop,0,10,1,0.6,6,0.16660206019878387,,0,0,0,0,0,0,0,0,0,0
noise+fake_front,clean+shift,7,13,PrimaryRaw,0,10,1,1.0,10,0.16415993869304657,,0,0,0,0,0,0,0,0,0,0
noise+fake_front,clean+shift,7,13,PrimaryTrustCalib,0,10,1,1.0,10,0.16442839801311493,downweight,0,0,0,0,0,0,0,0,0,0
noise+fake_front,clean+shift,7,13,MultiPeerObjectGuard,0,10,1,1.0,10,0.162156343460083,downweight,0,1,0,0,3,1,3,1,0,12
noise+fake_front,clean+shift,7,14,EgoOnly,0,10,1,0.6,6,0.1624145209789276,,0,0,0,0,0,0,0,0,0,0
noise+fake_front,clean+shift,7,14,CleanCoop,0,10,1,0.6,6,0.15920035541057587,,0,0,0,0,0,0,0,0,0,0
noise+fake_front,clean+shift,7,14,PrimaryRaw,0,10,1,1.0,10,0.15994508564472198,,0,0,0,0,0,0,0,0,0,0
noise+fake_front,clean+shift,7,14,PrimaryTrustCalib,0,10,1,1.0,10,0.16003206372261047,downweight,0,0,0,0,0,0,0,0,0,0
noise+fake_front,clean+shift,7,14,MultiPeerObjectGuard,0,10,1,1.0,10,0.15963132679462433,downweight,0,1,0,0,2,1,2,1,0,11
noise+fake_front,clean+shift,7,15,EgoOnly,1,10,1,0.5,5,0.18329863250255585,,0,0,0,0,0,0,0,0,0,0
noise+fake_front,clean+shift,7,15,CleanCoop,0,10,1,0.7,7,0.20441308617591858,,0,0,0,0,0,0,0,0,0,0
noise+fake_front,clean+shift,7,15,PrimaryRaw,0,10,1,1.0,10,0.20525087416172028,,0,0,0,0,0,0,0,0,0,0
noise+fake_front,clean+shift,7,15,PrimaryTrustCalib,0,10,1,1.0,10,0.20544520020484924,downweight,0,0,0,0,0,0,0,0,0,0
noise+fake_front,clean+shift,7,15,MultiPeerObjectGuard,0,10,1,1.0,10,0.2043008655309677,downweight,0,1,0,0,3,1,3,1,0,11
noise+fake_front,clean+shift,7,16,EgoOnly,1,10,1,0.5,5,0.19117328524589539,,0,0,0,0,0,0,0,0,0,0
noise+fake_front,clean+shift,7,16,CleanCoop,0,10,1,0.7,7,0.20684880018234253,,0,0,0,0,0,0,0,0,0,0
noise+fake_front,clean+shift,7,16,PrimaryRaw,0,10,1,1.0,10,0.20815247297286987,,0,0,0,0,0,0,0,0,0,0
noise+fake_front,clean+shift,7,16,PrimaryTrustCalib,0,10,1,1.0,10,0.20883426070213318,downweight,0,0,0,0,0,0,0,0,0,0
noise+fake_front,clean+shift,7,16,MultiPeerObjectGuard,0,10,1,1.0,10,0.20684880018234253,downweight,0,1,0,0,4,0,4,0,0,12
noise+fake_front,clean+shift,7,17,EgoOnly,1,10,1,0.5,5,0.19794540107250214,,0,0,0,0,0,0,0,0,0,0
noise+fake_front,clean+shift,7,17,CleanCoop,0,10,1,0.7,7,0.20986764132976532,,0,0,0,0,0,0,0,0,0,0
noise+fake_front,clean+shift,7,17,PrimaryRaw,0,10,1,1.0,10,0.20950372517108917,,0,0,0,0,0,0,0,0,0,0
noise+fake_front,clean+shift,7,17,PrimaryTrustCalib,1,10,1,0.5,5,0.19794540107250214,quarantine,0,0,0,0,0,0,0,0,0,0
noise+fake_front,clean+shift,7,17,MultiPeerObjectGuard,0,10,1,0.7,7,0.20986764132976532,quarantine,0,0,0,0,12,12,12,12,0,0
noise+fake_front,clean+shift,7,18,EgoOnly,1,10,1,0.5,5,0.224675253033638,,0,0,0,0,0,0,0,0,0,0
noise+fake_front,clean+shift,7,18,CleanCoop,0,10,1,0.7,7,0.20929524302482605,,0,0,0,0,0,0,0,0,0,0
noise+fake_front,clean+shift,7,18,PrimaryRaw,0,10,1,1.0,10,0.2051807940006256,,0,0,0,0,0,0,0,0,0,0
noise+fake_front,clean+shift,7,18,PrimaryTrustCalib,0,10,1,1.0,10,0.20535466074943542,downweight,0,0,0,0,0,0,0,0,0,0
noise+fake_front,clean+shift,7,18,MultiPeerObjectGuard,0,10,1,1.0,10,0.20929524302482605,downweight,0,1,0,0,3,1,3,1,0,13
noise+fake_front,clean+shift,7,19,EgoOnly,0,10,1,0.4,4,0.23677147924900055,,0,0,0,0,0,0,0,0,0,0
noise+fake_front,clean+shift,7,19,CleanCoop,0,10,1,0.5,5,0.22360484302043915,,0,0,0,0,0,0,0,0,0,0
noise+fake_front,clean+shift,7,19,PrimaryRaw,0,10,1,1.0,10,0.22552788257598877,,0,0,0,0,0,0,0,0,0,0
noise+fake_front,clean+shift,7,19,PrimaryTrustCalib,0,10,1,0.4,4,0.23677147924900055,quarantine,0,0,0,0,0,0,0,0,0,0
noise+fake_front,clean+shift,7,19,MultiPeerObjectGuard,0,10,1,0.5,5,0.22360484302043915,quarantine,0,0,0,0,13,13,13,13,0,0
noise+fake_front,clean+shift,12,0,EgoOnly,0,10,0,0.0,0,0.15281367301940918,,0,0,0,0,0,0,0,0,0,0
noise+fake_front,clean+shift,12,0,CleanCoop,0,10,0,0.0,0,0.12016486376523972,,0,0,0,0,0,0,0,0,0,0
noise+fake_front,clean+shift,12,0,PrimaryRaw,0,10,1,1.0,10,0.120184525847435,,0,0,0,0,0,0,0,0,0,0
noise+fake_front,clean+shift,12,0,PrimaryTrustCalib,0,10,1,1.0,10,0.11965770274400711,downweight,0,0,0,0,0,0,0,0,0,0
noise+fake_front,clean+shift,12,0,MultiPeerObjectGuard,0,10,1,1.0,10,0.11951787769794464,downweight,0,1,0,0,8,5,8,5,0,20
noise+fake_front,clean+shift,12,1,EgoOnly,0,10,0,0.0,0,0.1570848822593689,,0,0,0,0,0,0,0,0,0,0
noise+fake_front,clean+shift,12,1,CleanCoop,0,10,0,0.0,0,0.11925899237394333,,0,0,0,0,0,0,0,0,0,0
noise+fake_front,clean+shift,12,1,PrimaryRaw,0,10,1,1.0,10,0.11880481243133545,,0,0,0,0,0,0,0,0,0,0
noise+fake_front,clean+shift,12,1,PrimaryTrustCalib,0,10,1,1.0,10,0.1186242401599884,downweight,0,0,0,0,0,0,0,0,0,0
noise+fake_front,clean+shift,12,1,MultiPeerObjectGuard,0,10,1,1.0,10,0.11890660226345062,downweight,0,1,0,0,6,2,6,2,0,20
noise+fake_front,clean+shift,12,2,EgoOnly,0,10,0,0.0,0,0.14528588950634003,,0,0,0,0,0,0,0,0,0,0
noise+fake_front,clean+shift,12,2,CleanCoop,0,10,0,0.0,0,0.11932884901762009,,0,0,0,0,0,0,0,0,0,0
noise+fake_front,clean+shift,12,2,PrimaryRaw,0,10,1,1.0,10,0.12173416465520859,,0,0,0,0,0,0,0,0,0,0
noise+fake_front,clean+shift,12,2,PrimaryTrustCalib,0,10,0,0.0,0,0.14528588950634003,quarantine,0,0,0,0,0,0,0,0,0,0
noise+fake_front,clean+shift,12,2,MultiPeerObjectGuard,0,10,0,0.0,0,0.11932884901762009,quarantine,0,0,0,0,22,22,22,22,0,0
noise+fake_front,clean+shift,12,3,EgoOnly,0,10,0,0.0,0,0.1462281197309494,,0,0,0,0,0,0,0,0,0,0
noise+fake_front,clean+shift,12,3,CleanCoop,0,10,0,0.0,0,0.11887969821691513,,0,0,0,0,0,0,0,0,0,0
noise+fake_front,clean+shift,12,3,PrimaryRaw,0,10,1,1.0,10,0.11962848901748657,,0,0,0,0,0,0,0,0,0,0
noise+fake_front,clean+shift,12,3,PrimaryTrustCalib,0,10,1,1.0,10,0.1196039542555809,downweight,0,0,0,0,0,0,0,0,0,0
noise+fake_front,clean+shift,12,3,MultiPeerObjectGuard,0,10,1,1.0,10,0.11918239295482635,downweight,0,1,0,0,5,2,5,2,0,21
noise+fake_front,clean+shift,12,4,EgoOnly,0,10,0,0.0,0,0.14383330941200256,,0,0,0,0,0,0,0,0,0,0
noise+fake_front,clean+shift,12,4,CleanCoop,0,10,0,0.0,0,0.1203032061457634,,0,0,0,0,0,0,0,0,0,0
noise+fake_front,clean+shift,12,4,PrimaryRaw,0,10,1,1.0,10,0.11625297367572784,,0,0,0,0,0,0,0,0,0,0
noise+fake_front,clean+shift,12,4,PrimaryTrustCalib,1,10,1,1.0,10,0.11667150259017944,downweight,0,0,0,0,0,0,0,0,0,0
noise+fake_front,clean+shift,12,4,MultiPeerObjectGuard,1,10,1,1.0,10,0.12030000984668732,downweight,0,1,0,0,2,0,2,0,0,21
noise+fake_front,clean+shift,12,5,EgoOnly,0,10,0,0.0,0,0.13482937216758728,,0,0,0,0,0,0,0,0,0,0
noise+fake_front,clean+shift,12,5,CleanCoop,0,10,0,0.0,0,0.11830943077802658,,0,0,0,0,0,0,0,0,0,0
noise+fake_front,clean+shift,12,5,PrimaryRaw,0,10,1,1.0,10,0.11799409240484238,,0,0,0,0,0,0,0,0,0,0
noise+fake_front,clean+shift,12,5,PrimaryTrustCalib,0,10,0,0.0,0,0.13482937216758728,quarantine,0,0,0,0,0,0,0,0,0,0
noise+fake_front,clean+shift,12,5,MultiPeerObjectGuard,0,10,0,0.0,0,0.11830943077802658,quarantine,0,0,0,0,20,20,20,20,0,0
noise+fake_front,clean+shift,12,6,EgoOnly,0,10,0,0.0,0,0.13432541489601135,,0,0,0,0,0,0,0,0,0,0
noise+fake_front,clean+shift,12,6,CleanCoop,0,10,0,0.0,0,0.11030985414981842,,0,0,0,0,0,0,0,0,0,0
noise+fake_front,clean+shift,12,6,PrimaryRaw,0,10,1,1.0,10,0.109779953956604,,0,0,0,0,0,0,0,0,0,0
noise+fake_front,clean+shift,12,6,PrimaryTrustCalib,1,10,1,1.0,10,0.1090378686785698,downweight,0,0,0,0,0,0,0,0,0,0
noise+fake_front,clean+shift,12,6,MultiPeerObjectGuard,1,10,1,1.0,10,0.10917148739099503,downweight,0,1,0,0,3,1,3,1,0,19
noise+fake_front,clean+shift,12,7,EgoOnly,0,10,0,0.0,0,0.1827940195798874,,0,0,0,0,0,0,0,0,0,0
noise+fake_front,clean+shift,12,7,CleanCoop,0,10,0,0.0,0,0.10671420395374298,,0,0,0,0,0,0,0,0,0,0
noise+fake_front,clean+shift,12,7,PrimaryRaw,0,10,1,1.0,10,0.1080179214477539,,0,0,0,0,0,0,0,0,0,0
noise+fake_front,clean+shift,12,7,PrimaryTrustCalib,1,10,1,1.0,10,0.1078561544418335,downweight,0,0,0,0,0,0,0,0,0,0
noise+fake_front,clean+shift,12,7,MultiPeerObjectGuard,1,10,1,1.0,10,0.10770178586244583,downweight,0,1,0,0,9,6,9,6,0,16
noise+fake_front,clean+shift,12,8,EgoOnly,0,10,0,0.0,0,0.22359293699264526,,0,0,0,0,0,0,0,0,0,0
noise+fake_front,clean+shift,12,8,CleanCoop,0,10,0,0.0,0,0.10668100416660309,,0,0,0,0,0,0,0,0,0,0
noise+fake_front,clean+shift,12,8,PrimaryRaw,0,10,1,1.0,10,0.1066230982542038,,0,0,0,0,0,0,0,0,0,0
noise+fake_front,clean+shift,12,8,PrimaryTrustCalib,0,10,1,1.0,10,0.10644498467445374,downweight,0,0,0,0,0,0,0,0,0,0
noise+fake_front,clean+shift,12,8,MultiPeerObjectGuard,0,10,1,1.0,10,0.10593965649604797,downweight,0,1,0,0,6,2,6,2,0,18
noise+fake_front,clean+shift,12,9,EgoOnly,0,10,1,0.0,0,0.30967971682548523,,0,0,0,0,0,0,0,0,0,0
noise+fake_front,clean+shift,12,9,CleanCoop,0,10,0,0.0,0,0.11145170778036118,,0,0,0,0,0,0,0,0,0,0
noise+fake_front,clean+shift,12,9,PrimaryRaw,0,10,1,1.0,10,0.11053641885519028,,0,0,0,0,0,0,0,0,0,0
noise+fake_front,clean+shift,12,9,PrimaryTrustCalib,2,10,1,1.0,10,0.11012781411409378,downweight,0,0,0,0,0,0,0,0,0,0
noise+fake_front,clean+shift,12,9,MultiPeerObjectGuard,2,10,1,1.0,10,0.11151261627674103,downweight,0,1,0,0,10,4,10,4,0,16
noise+fake_front,clean+shift,12,10,EgoOnly,0,10,1,0.0,0,0.4019470810890198,,0,0,0,0,0,0,0,0,0,0
noise+fake_front,clean+shift,12,10,CleanCoop,0,10,0,0.0,0,0.1185947135090828,,0,0,0,0,0,0,0,0,0,0
noise+fake_front,clean+shift,12,10,PrimaryRaw,0,10,1,1.0,10,0.11729289591312408,,0,0,0,0,0,0,0,0,0,0
noise+fake_front,clean+shift,12,10,PrimaryTrustCalib,0,10,1,1.0,10,0.11822476238012314,downweight,0,0,0,0,0,0,0,0,0,0
noise+fake_front,clean+shift,12,10,MultiPeerObjectGuard,0,10,1,1.0,10,0.1193125918507576,downweight,0,1,0,0,7,1,7,1,0,21
noise+fake_front,clean+shift,12,11,EgoOnly,0,10,1,0.0,0,0.6561183333396912,,0,0,0,0,0,0,0,0,0,0
noise+fake_front,clean+shift,12,11,CleanCoop,0,10,0,0.0,0,0.12641072273254395,,0,0,0,0,0,0,0,0,0,0
noise+fake_front,clean+shift,12,11,PrimaryRaw,0,10,1,1.0,10,0.12669676542282104,,0,0,0,0,0,0,0,0,0,0
noise+fake_front,clean+shift,12,11,PrimaryTrustCalib,0,10,1,1.0,10,0.12702687084674835,downweight,0,0,0,0,0,0,0,0,0,0
noise+fake_front,clean+shift,12,11,MultiPeerObjectGuard,0,10,1,1.0,10,0.12642011046409607,downweight,0,1,0,0,4,1,4,1,0,21
noise+fake_front,clean+shift,12,12,EgoOnly,0,10,1,0.0,0,0.8061890006065369,,0,0,0,0,0,0,0,0,0,0
noise+fake_front,clean+shift,12,12,CleanCoop,0,10,0,0.0,0,0.14124038815498352,,0,0,0,0,0,0,0,0,0,0
noise+fake_front,clean+shift,12,12,PrimaryRaw,0,10,1,1.0,10,0.14016959071159363,,0,0,0,0,0,0,0,0,0,0
noise+fake_front,clean+shift,12,12,PrimaryTrustCalib,0,10,1,1.0,10,0.1405087262392044,downweight,0,0,0,0,0,0,0,0,0,0
noise+fake_front,clean+shift,12,12,MultiPeerObjectGuard,0,10,1,1.0,10,0.14130771160125732,downweight,0,1,0,0,5,2,5,2,0,20
noise+fake_front,clean+shift,12,13,EgoOnly,0,10,1,0.0,0,0.8587881326675415,,0,0,0,0,0,0,0,0,0,0
noise+fake_front,clean+shift,12,13,CleanCoop,0,10,0,0.0,0,0.1669478416442871,,0,0,0,0,0,0,0,0,0,0
noise+fake_front,clean+shift,12,13,PrimaryRaw,0,10,1,1.0,10,0.16345402598381042,,0,0,0,0,0,0,0,0,0,0
noise+fake_front,clean+shift,12,13,PrimaryTrustCalib,0,10,1,0.0,0,0.8587881326675415,quarantine,0,0,0,0,0,0,0,0,0,0
noise+fake_front,clean+shift,12,13,MultiPeerObjectGuard,0,10,0,0.0,0,0.1669478416442871,quarantine,0,0,0,0,22,22,22,22,0,0
noise+fake_front,clean+shift,12,14,EgoOnly,0,10,1,0.0,0,0.8869273066520691,,0,0,0,0,0,0,0,0,0,0
noise+fake_front,clean+shift,12,14,CleanCoop,0,10,0,0.0,0,0.20666541159152985,,0,0,0,0,0,0,0,0,0,0
noise+fake_front,clean+shift,12,14,PrimaryRaw,0,10,1,1.0,10,0.21099497377872467,,0,0,0,0,0,0,0,0,0,0
noise+fake_front,clean+shift,12,14,PrimaryTrustCalib,0,10,1,0.0,0,0.8869273066520691,quarantine,0,0,0,0,0,0,0,0,0,0
noise+fake_front,clean+shift,12,14,MultiPeerObjectGuard,0,10,0,0.0,0,0.20666541159152985,quarantine,0,0,0,0,21,21,21,21,0,0
noise+fake_front,clean+shift,12,15,EgoOnly,0,10,1,0.0,0,0.9073237180709839,,0,0,0,0,0,0,0,0,0,0
noise+fake_front,clean+shift,12,15,CleanCoop,0,10,0,0.0,0,0.24778659641742706,,0,0,0,0,0,0,0,0,0,0
noise+fake_front,clean+shift,12,15,PrimaryRaw,0,10,1,1.0,10,0.24488689005374908,,0,0,0,0,0,0,0,0,0,0
noise+fake_front,clean+shift,12,15,PrimaryTrustCalib,0,10,1,1.0,10,0.2465125471353531,correct,0,0,0,0,0,0,0,0,0,0
noise+fake_front,clean+shift,12,15,MultiPeerObjectGuard,0,10,1,1.0,10,0.2457943707704544,correct,0,1,0,0,5,1,5,1,0,20
noise+fake_front,clean+shift,12,16,EgoOnly,0,10,1,0.0,0,0.9189062714576721,,0,0,0,0,0,0,0,0,0,0
noise+fake_front,clean+shift,12,16,CleanCoop,0,10,0,0.0,0,0.2577671408653259,,0,0,0,0,0,0,0,0,0,0
noise+fake_front,clean+shift,12,16,PrimaryRaw,0,10,1,1.0,10,0.2561660408973694,,0,0,0,0,0,0,0,0,0,0
noise+fake_front,clean+shift,12,16,PrimaryTrustCalib,0,10,1,1.0,10,0.2558077871799469,downweight,0,0,0,0,0,0,0,0,0,0
noise+fake_front,clean+shift,12,16,MultiPeerObjectGuard,0,10,1,1.0,10,0.2575996220111847,downweight,0,1,0,0,8,2,8,2,0,21
noise+fake_front,clean+shift,12,17,EgoOnly,0,10,1,0.0,0,0.8435673117637634,,0,0,0,0,0,0,0,0,0,0
noise+fake_front,clean+shift,12,17,CleanCoop,0,10,1,0.0,0,0.33347970247268677,,0,0,0,0,0,0,0,0,0,0
noise+fake_front,clean+shift,12,17,PrimaryRaw,0,10,1,1.0,10,0.29715707898139954,,0,0,0,0,0,0,0,0,0,0
noise+fake_front,clean+shift,12,17,PrimaryTrustCalib,0,10,1,1.0,10,0.30418193340301514,downweight,0,0,0,0,0,0,0,0,0,0
noise+fake_front,clean+shift,12,17,MultiPeerObjectGuard,0,10,1,1.0,10,0.314943790435791,downweight,0,1,0,0,5,2,5,2,0,17
noise+fake_front,clean+shift,12,18,EgoOnly,0,10,1,0.1,1,0.9085433483123779,,0,0,0,0,0,0,0,0,0,0
noise+fake_front,clean+shift,12,18,CleanCoop,0,10,1,0.1,1,0.1576777547597885,,0,0,0,0,0,0,0,0,0,0
noise+fake_front,clean+shift,12,18,PrimaryRaw,0,10,1,1.0,10,0.16767223179340363,,0,0,0,0,0,0,0,0,0,0
noise+fake_front,clean+shift,12,18,PrimaryTrustCalib,0,10,1,1.0,10,0.1656475067138672,downweight,0,0,0,0,0,0,0,0,0,0
noise+fake_front,clean+shift,12,18,MultiPeerObjectGuard,0,10,1,1.0,10,0.1610080450773239,downweight,0,1,0,0,4,2,4,2,0,20
noise+fake_front,clean+shift,12,19,EgoOnly,0,10,1,0.1,1,0.8534132838249207,,0,0,0,0,0,0,0,0,0,0
noise+fake_front,clean+shift,12,19,CleanCoop,0,10,1,0.1,1,0.1518813818693161,,0,0,0,0,0,0,0,0,0,0
noise+fake_front,clean+shift,12,19,PrimaryRaw,0,10,1,1.0,10,0.1576964408159256,,0,0,0,0,0,0,0,0,0,0
noise+fake_front,clean+shift,12,19,PrimaryTrustCalib,0,10,1,0.1,1,0.8534132838249207,quarantine,0,0,0,0,0,0,0,0,0,0
noise+fake_front,clean+shift,12,19,MultiPeerObjectGuard,0,10,1,0.1,1,0.1518813818693161,quarantine,0,0,0,0,21,21,21,21,0,0
noise+fake_front,clean+shift,14,0,EgoOnly,0,10,1,1.0,10,0.21326719224452972,,0,0,0,0,0,0,0,0,0,0
noise+fake_front,clean+shift,14,0,CleanCoop,0,10,1,1.0,10,0.25504621863365173,,0,0,0,0,0,0,0,0,0,0
noise+fake_front,clean+shift,14,0,PrimaryRaw,0,10,1,1.0,10,0.24995018541812897,,0,0,0,0,0,0,0,0,0,0
noise+fake_front,clean+shift,14,0,PrimaryTrustCalib,0,10,1,1.0,10,0.24950465559959412,downweight,0,0,0,0,0,0,0,0,0,0
noise+fake_front,clean+shift,14,0,MultiPeerObjectGuard,0,10,1,1.0,10,0.25504621863365173,downweight,0,1,0,0,1,0,1,0,0,13
noise+fake_front,clean+shift,14,1,EgoOnly,0,10,0,0.0,0,0.21110652387142181,,0,0,0,0,0,0,0,0,0,0
noise+fake_front,clean+shift,14,1,CleanCoop,0,10,0,0.0,0,0.2528553903102875,,0,0,0,0,0,0,0,0,0,0
noise+fake_front,clean+shift,14,1,PrimaryRaw,0,10,1,0.6,6,0.24965916574001312,,0,0,0,0,0,0,0,0,0,0
noise+fake_front,clean+shift,14,1,PrimaryTrustCalib,0,10,1,0.5,5,0.24993853271007538,downweight,0,0,0,0,0,0,0,0,0,0
noise+fake_front,clean+shift,14,1,MultiPeerObjectGuard,0,10,1,0.5,5,0.2528553903102875,downweight,0,1,0,0,1,1,1,1,0,12
noise+fake_front,clean+shift,14,2,EgoOnly,0,10,0,0.0,0,0.2088356614112854,,0,0,0,0,0,0,0,0,0,0
noise+fake_front,clean+shift,14,2,CleanCoop,0,10,0,0.0,0,0.2503722906112671,,0,0,0,0,0,0,0,0,0,0
noise+fake_front,clean+shift,14,2,PrimaryRaw,0,10,1,0.5,5,0.25254958868026733,,0,0,0,0,0,0,0,0,0,0
noise+fake_front,clean+shift,14,2,PrimaryTrustCalib,0,10,0,0.0,0,0.2088356614112854,quarantine,0,0,0,0,0,0,0,0,0,0
noise+fake_front,clean+shift,14,2,MultiPeerObjectGuard,0,10,0,0.0,0,0.2503722906112671,quarantine,0,0,0,0,12,12,12,12,0,0
noise+fake_front,clean+shift,14,3,EgoOnly,0,10,1,0.2,2,0.2154216319322586,,0,0,0,0,0,0,0,0,0,0
noise+fake_front,clean+shift,14,3,CleanCoop,0,10,1,0.2,2,0.25110262632369995,,0,0,0,0,0,0,0,0,0,0
noise+fake_front,clean+shift,14,3,PrimaryRaw,0,10,1,0.7,7,0.2508728802204132,,0,0,0,0,0,0,0,0,0,0
noise+fake_front,clean+shift,14,3,PrimaryTrustCalib,0,10,1,0.7,7,0.2520539462566376,downweight,0,0,0,0,0,0,0,0,0,0
noise+fake_front,clean+shift,14,3,MultiPeerObjectGuard,0,10,1,0.7,7,0.25023964047431946,downweight,0,1,0,0,3,1,3,1,0,12
noise+fake_front,clean+shift,14,4,EgoOnly,0,10,1,0.2,2,0.21156075596809387,,0,0,0,0,0,0,0,0,0,0
noise+fake_front,clean+shift,14,4,CleanCoop,0,10,1,0.2,2,0.339692085981369,,0,0,0,0,0,0,0,0,0,0
noise+fake_front,clean+shift,14,4,PrimaryRaw,0,10,1,0.7,7,0.3347819149494171,,0,0,0,0,0,0,0,0,0,0
noise+fake_front,clean+shift,14,4,PrimaryTrustCalib,0,10,1,0.7,7,0.3358234465122223,downweight,0,0,0,0,0,0,0,0,0,0
noise+fake_front,clean+shift,14,4,MultiPeerObjectGuard,0,10,1,0.7,7,0.339692085981369,downweight,0,1,0,0,4,0,4,0,0,14
noise+fake_front,clean+shift,14,5,EgoOnly,0,10,1,0.1,1,0.17747807502746582,,0,0,0,0,0,0,0,0,0,0
noise+fake_front,clean+shift,14,5,CleanCoop,0,10,1,0.1,1,0.2941591739654541,,0,0,0,0,0,0,0,0,0,0
noise+fake_front,clean+shift,14,5,PrimaryRaw,0,10,1,0.6,6,0.3361786901950836,,0,0,0,0,0,0,0,0,0,0
noise+fake_front,clean+shift,14,5,PrimaryTrustCalib,0,10,1,0.1,1,0.17747807502746582,quarantine,0,0,0,0,0,0,0,0,0,0
noise+fake_front,clean+shift,14,5,MultiPeerObjectGuard,0,10,1,0.1,1,0.2941591739654541,quarantine,0,0,0,0,12,12,12,12,0,0
noise+fake_front,clean+shift,14,6,EgoOnly,0,10,1,0.1,1,0.2195167988538742,,0,0,0,0,0,0,0,0,0,0
noise+fake_front,clean+shift,14,6,CleanCoop,0,10,1,0.1,1,0.26289230585098267,,0,0,0,0,0,0,0,0,0,0
noise+fake_front,clean+shift,14,6,PrimaryRaw,0,10,1,0.6,6,0.26251354813575745,,0,0,0,0,0,0,0,0,0,0
noise+fake_front,clean+shift,14,6,PrimaryTrustCalib,0,10,1,0.5,5,0.26270774006843567,downweight,0,0,0,0,0,0,0,0,0,0
noise+fake_front,clean+shift,14,6,MultiPeerObjectGuard,0,10,1,0.5,5,0.26289230585098267,downweight,0,1,0,0,4,1,4,1,0,13
noise+fake_front,clean+shift,14,7,EgoOnly,0,10,1,0.2,2,0.23648075759410858,,0,0,0,0,0,0,0,0,0,0
noise+fake_front,clean+shift,14,7,CleanCoop,0,10,1,0.2,2,0.2617097496986389,,0,0,0,0,0,0,0,0,0,0
noise+fake_front,clean+shift,14,7,PrimaryRaw,0,10,1,0.5,5,0.268262654542923,,0,0,0,0,0,0,0,0,0,0
noise+fake_front,clean+shift,14,7,PrimaryTrustCalib,0,10,1,0.2,2,0.23648075759410858,quarantine,0,0,0,0,0,0,0,0,0,0
noise+fake_front,clean+shift,14,7,MultiPeerObjectGuard,0,10,1,0.2,2,0.2617097496986389,quarantine,0,0,0,0,14,14,14,14,0,0
noise+fake_front,clean+shift,14,8,EgoOnly,0,10,1,0.1,1,0.23272015154361725,,0,0,0,0,0,0,0,0,0,0
noise+fake_front,clean+shift,14,8,CleanCoop,0,10,1,0.1,1,0.3363262116909027,,0,0,0,0,0,0,0,0,0,0
noise+fake_front,clean+shift,14,8,PrimaryRaw,0,10,1,0.3,3,0.34082621335983276,,0,0,0,0,0,0,0,0,0,0
noise+fake_front,clean+shift,14,8,PrimaryTrustCalib,0,10,1,0.3,3,0.34218770265579224,downweight,0,0,0,0,0,0,0,0,0,0
noise+fake_front,clean+shift,14,8,MultiPeerObjectGuard,0,10,1,0.3,3,0.3363262116909027,downweight,0,1,0,0,3,0,3,0,0,12
noise+fake_front,clean+shift,14,9,EgoOnly,0,10,1,0.1,1,0.18938347697257996,,0,0,0,0,0,0,0,0,0,0
noise+fake_front,clean+shift,14,9,CleanCoop,0,10,1,0.1,1,0.25984326004981995,,0,0,0,0,0,0,0,0,0,0
noise+fake_front,clean+shift,14,9,PrimaryRaw,0,10,1,0.3,3,0.2606850564479828,,0,0,0,0,0,0,0,0,0,0
noise+fake_front,clean+shift,14,9,PrimaryTrustCalib,1,10,1,0.3,3,0.26568859815597534,downweight,0,0,0,0,0,0,0,0,0,0
noise+fake_front,clean+shift,14,9,MultiPeerObjectGuard,1,10,1,0.3,3,0.25984326004981995,downweight,0,1,0,0,4,0,4,0,0,17
noise+fake_front,clean+shift,14,10,EgoOnly,0,10,1,0.1,1,0.19276063144207,,0,0,0,0,0,0,0,0,0,0
noise+fake_front,clean+shift,14,10,CleanCoop,0,10,1,0.1,1,0.25679811835289,,0,0,0,0,0,0,0,0,0,0
noise+fake_front,clean+shift,14,10,PrimaryRaw,0,10,1,0.3,3,0.27623075246810913,,0,0,0,0,0,0,0,0,0,0
noise+fake_front,clean+shift,14,10,PrimaryTrustCalib,0,10,1,0.3,3,0.27022063732147217,downweight,0,0,0,0,0,0,0,0,0,0
noise+fake_front,clean+shift,14,10,MultiPeerObjectGuard,0,10,1,0.3,3,0.2559874951839447,downweight,0,1,0,0,7,1,7,1,0,15
noise+fake_front,clean+shift,14,11,EgoOnly,0,10,1,0.1,1,0.20646242797374725,,0,0,0,0,0,0,0,0,0,0
noise+fake_front,clean+shift,14,11,CleanCoop,0,10,1,0.1,1,0.2642810046672821,,0,0,0,0,0,0,0,0,0,0
noise+fake_front,clean+shift,14,11,PrimaryRaw,0,10,1,0.3,3,0.26065364480018616,,0,0,0,0,0,0,0,0,0,0
noise+fake_front,clean+shift,14,11,PrimaryTrustCalib,0,10,1,0.3,3,0.25602996349334717,downweight,0,0,0,0,0,0,0,0,0,0
noise+fake_front,clean+shift,14,11,MultiPeerObjectGuard,0,10,1,0.3,3,0.26288852095603943,downweight,0,1,0,0,6,4,6,4,0,12
noise+fake_front,clean+shift,14,12,EgoOnly,0,10,1,0.1,1,0.1976715475320816,,0,0,0,0,0,0,0,0,0,0
noise+fake_front,clean+shift,14,12,CleanCoop,0,10,1,0.1,1,0.271071195602417,,0,0,0,0,0,0,0,0,0,0
noise+fake_front,clean+shift,14,12,PrimaryRaw,0,10,1,0.3,3,0.28802594542503357,,0,0,0,0,0,0,0,0,0,0
noise+fake_front,clean+shift,14,12,PrimaryTrustCalib,0,10,1,0.1,1,0.1976715475320816,quarantine,0,0,0,0,0,0,0,0,0,0
noise+fake_front,clean+shift,14,12,MultiPeerObjectGuard,0,10,1,0.1,1,0.271071195602417,quarantine,0,0,0,0,19,19,19,19,0,0
noise+fake_front,clean+shift,14,13,EgoOnly,0,10,1,0.1,1,0.33696672320365906,,0,0,0,0,0,0,0,0,0,0
noise+fake_front,clean+shift,14,13,CleanCoop,0,10,1,0.1,1,0.26940077543258667,,0,0,0,0,0,0,0,0,0,0
noise+fake_front,clean+shift,14,13,PrimaryRaw,0,10,1,0.4,4,0.26409411430358887,,0,0,0,0,0,0,0,0,0,0
noise+fake_front,clean+shift,14,13,PrimaryTrustCalib,0,10,1,0.3,3,0.26961901783943176,downweight,0,0,0,0,0,0,0,0,0,0
noise+fake_front,clean+shift,14,13,MultiPeerObjectGuard,0,10,1,0.3,3,0.26940077543258667,downweight,0,1,0,0,8,3,8,3,0,15
noise+fake_front,clean+shift,14,14,EgoOnly,0,10,1,0.1,1,0.2483895868062973,,0,0,0,0,0,0,0,0,0,0
noise+fake_front,clean+shift,14,14,CleanCoop,0,10,1,0.1,1,0.2880418002605438,,0,0,0,0,0,0,0,0,0,0
noise+fake_front,clean+shift,14,14,PrimaryRaw,0,10,1,0.4,4,0.28909310698509216,,0,0,0,0,0,0,0,0,0,0
noise+fake_front,clean+shift,14,14,PrimaryTrustCalib,0,10,1,0.3,3,0.2888809144496918,downweight,0,0,0,0,0,0,0,0,0,0
noise+fake_front,clean+shift,14,14,MultiPeerObjectGuard,0,10,1,0.3,3,0.2889106571674347,downweight,0,1,0,0,3,2,3,2,0,15
noise+fake_front,clean+shift,14,15,EgoOnly,0,10,1,0.0,0,0.35019075870513916,,0,0,0,0,0,0,0,0,0,0
noise+fake_front,clean+shift,14,15,CleanCoop,0,10,1,0.1,1,0.3134940266609192,,0,0,0,0,0,0,0,0,0,0
noise+fake_front,clean+shift,14,15,PrimaryRaw,0,10,1,0.4,4,0.29047074913978577,,0,0,0,0,0,0,0,0,0,0
noise+fake_front,clean+shift,14,15,PrimaryTrustCalib,0,10,1,0.3,3,0.29677098989486694,downweight,0,0,0,0,0,0,0,0,0,0
noise+fake_front,clean+shift,14,15,MultiPeerObjectGuard,0,10,1,0.3,3,0.3120103180408478,downweight,0,1,0,0,4,3,4,3,0,16
noise+fake_front,clean+shift,14,16,EgoOnly,0,10,0,0.0,0,0.2652733027935028,,0,0,0,0,0,0,0,0,0,0
noise+fake_front,clean+shift,14,16,CleanCoop,0,10,1,0.1,1,0.30814674496650696,,0,0,0,0,0,0,0,0,0,0
noise+fake_front,clean+shift,14,16,PrimaryRaw,0,10,1,0.4,4,0.2972792983055115,,0,0,0,0,0,0,0,0,0,0
noise+fake_front,clean+shift,14,16,PrimaryTrustCalib,0,10,0,0.0,0,0.2652733027935028,quarantine,0,0,0,0,0,0,0,0,0,0
noise+fake_front,clean+shift,14,16,MultiPeerObjectGuard,0,10,1,0.1,1,0.30814674496650696,quarantine,0,0,0,0,17,17,17,17,0,0
noise+fake_front,clean+shift,14,17,EgoOnly,0,10,0,0.0,0,0.2624236047267914,,0,0,0,0,0,0,0,0,0,0
noise+fake_front,clean+shift,14,17,CleanCoop,0,10,1,0.0,0,0.3125392198562622,,0,0,0,0,0,0,0,0,0,0
noise+fake_front,clean+shift,14,17,PrimaryRaw,0,10,1,0.3,3,0.2792629897594452,,0,0,0,0,0,0,0,0,0,0
noise+fake_front,clean+shift,14,17,PrimaryTrustCalib,0,10,1,0.3,3,0.2801778316497803,downweight,0,0,0,0,0,0,0,0,0,0
noise+fake_front,clean+shift,14,17,MultiPeerObjectGuard,0,10,1,0.3,3,0.2803652286529541,downweight,0,1,0,0,3,1,3,1,0,14
noise+fake_front,clean+shift,14,18,EgoOnly,0,10,0,0.0,0,0.2886853814125061,,0,0,0,0,0,0,0,0,0,0
noise+fake_front,clean+shift,14,18,CleanCoop,0,10,1,0.0,0,0.3179160952568054,,0,0,0,0,0,0,0,0,0,0
noise+fake_front,clean+shift,14,18,PrimaryRaw,0,10,1,0.3,3,0.2972935140132904,,0,0,0,0,0,0,0,0,0,0
noise+fake_front,clean+shift,14,18,PrimaryTrustCalib,0,10,1,0.3,3,0.2984486520290375,downweight,0,0,0,0,0,0,0,0,0,0
noise+fake_front,clean+shift,14,18,MultiPeerObjectGuard,0,10,1,0.3,3,0.3179160952568054,downweight,0,1,0,0,3,0,3,0,0,13
noise+fake_front,clean+shift,14,19,EgoOnly,0,10,1,0.0,0,0.36014869809150696,,0,0,0,0,0,0,0,0,0,0
noise+fake_front,clean+shift,14,19,CleanCoop,0,10,1,0.0,0,0.33675312995910645,,0,0,0,0,0,0,0,0,0,0
noise+fake_front,clean+shift,14,19,PrimaryRaw,0,10,1,0.3,3,0.3111530840396881,,0,0,0,0,0,0,0,0,0,0
noise+fake_front,clean+shift,14,19,PrimaryTrustCalib,0,10,1,0.3,3,0.3136865794658661,downweight,0,0,0,0,0,0,0,0,0,0
noise+fake_front,clean+shift,14,19,MultiPeerObjectGuard,0,10,1,0.3,3,0.33675312995910645,downweight,0,1,0,0,4,0,4,0,0,14
noise+fake_front,clean+shift,21,0,EgoOnly,0,10,1,0.3,3,0.14543090760707855,,0,0,0,0,0,0,0,0,0,0
noise+fake_front,clean+shift,21,0,CleanCoop,0,10,1,0.3,3,0.15055783092975616,,0,0,0,0,0,0,0,0,0,0
noise+fake_front,clean+shift,21,0,PrimaryRaw,0,10,1,1.0,10,0.15639694035053253,,0,0,0,0,0,0,0,0,0,0
noise+fake_front,clean+shift,21,0,PrimaryTrustCalib,0,10,1,1.0,10,0.15763239562511444,downweight,0,0,0,0,0,0,0,0,0,0
noise+fake_front,clean+shift,21,0,MultiPeerObjectGuard,0,10,1,1.0,10,0.15478774905204773,downweight,0,1,0,0,6,5,6,5,0,13
noise+fake_front,clean+shift,21,1,EgoOnly,0,10,1,0.3,3,0.15409569442272186,,0,0,0,0,0,0,0,0,0,0
noise+fake_front,clean+shift,21,1,CleanCoop,0,10,1,0.3,3,0.14432086050510406,,0,0,0,0,0,0,0,0,0,0
noise+fake_front,clean+shift,21,1,PrimaryRaw,0,10,1,1.0,10,0.14478978514671326,,0,0,0,0,0,0,0,0,0,0
noise+fake_front,clean+shift,21,1,PrimaryTrustCalib,0,10,1,0.3,3,0.15409569442272186,quarantine,0,0,0,0,0,0,0,0,0,0
noise+fake_front,clean+shift,21,1,MultiPeerObjectGuard,0,10,1,0.3,3,0.14432086050510406,quarantine,0,0,0,0,15,15,15,15,0,0
noise+fake_front,clean+shift,21,2,EgoOnly,0,10,1,0.3,3,0.1338755339384079,,0,0,0,0,0,0,0,0,0,0
noise+fake_front,clean+shift,21,2,CleanCoop,0,10,1,0.3,3,0.14185574650764465,,0,0,0,0,0,0,0,0,0,0
noise+fake_front,clean+shift,21,2,PrimaryRaw,0,10,1,1.0,10,0.14580745995044708,,0,0,0,0,0,0,0,0,0,0
noise+fake_front,clean+shift,21,2,PrimaryTrustCalib,0,10,1,0.3,3,0.1338755339384079,quarantine,0,0,0,0,0,0,0,0,0,0
noise+fake_front,clean+shift,21,2,MultiPeerObjectGuard,0,10,1,0.3,3,0.14185574650764465,quarantine,0,0,0,0,15,15,15,15,0,0
noise+fake_front,clean+shift,21,3,EgoOnly,0,10,1,0.3,3,0.1448509693145752,,0,0,0,0,0,0,0,0,0,0
noise+fake_front,clean+shift,21,3,CleanCoop,0,10,1,0.3,3,0.14946985244750977,,0,0,0,0,0,0,0,0,0,0
noise+fake_front,clean+shift,21,3,PrimaryRaw,1,10,1,1.0,10,0.16197915375232697,,0,0,0,0,0,0,0,0,0,0
noise+fake_front,clean+shift,21,3,PrimaryTrustCalib,1,10,1,1.0,10,0.16386470198631287,downweight,0,0,0,0,0,0,0,0,0,0
noise+fake_front,clean+shift,21,3,MultiPeerObjectGuard,1,10,1,1.0,10,0.16230778396129608,downweight,0,1,0,0,3,1,3,1,0,13
noise+fake_front,clean+shift,21,4,EgoOnly,0,10,1,0.2,2,0.1520305573940277,,0,0,0,0,0,0,0,0,0,0
noise+fake_front,clean+shift,21,4,CleanCoop,0,10,1,0.2,2,0.14212387800216675,,0,0,0,0,0,0,0,0,0,0
noise+fake_front,clean+shift,21,4,PrimaryRaw,1,10,1,1.0,10,0.14571377635002136,,0,0,0,0,0,0,0,0,0,0
noise+fake_front,clean+shift,21,4,PrimaryTrustCalib,1,10,1,1.0,10,0.1441739946603775,downweight,0,0,0,0,0,0,0,0,0,0
noise+fake_front,clean+shift,21,4,MultiPeerObjectGuard,1,10,1,1.0,10,0.14212387800216675,downweight,0,1,0,0,6,1,6,1,0,17
noise+fake_front,clean+shift,21,5,EgoOnly,0,10,1,0.1,1,0.12091058492660522,,0,0,0,0,0,0,0,0,0,0
noise+fake_front,clean+shift,21,5,CleanCoop,0,10,1,0.1,1,0.13849933445453644,,0,0,0,0,0,0,0,0,0,0
noise+fake_front,clean+shift,21,5,PrimaryRaw,1,10,1,1.0,10,0.13491497933864594,,0,0,0,0,0,0,0,0,0,0
noise+fake_front,clean+shift,21,5,PrimaryTrustCalib,1,10,1,1.0,10,0.13584953546524048,downweight,0,0,0,0,0,0,0,0,0,0
noise+fake_front,clean+shift,21,5,MultiPeerObjectGuard,1,10,1,1.0,10,0.13991965353488922,downweight,0,1,0,0,7,4,7,4,0,12
noise+fake_front,clean+shift,21,6,EgoOnly,0,10,0,0.0,0,0.12365857511758804,,0,0,0,0,0,0,0,0,0,0
noise+fake_front,clean+shift,21,6,CleanCoop,0,10,0,0.0,0,0.1471041589975357,,0,0,0,0,0,0,0,0,0,0
noise+fake_front,clean+shift,21,6,PrimaryRaw,1,10,1,1.0,10,0.14826279878616333,,0,0,0,0,0,0,0,0,0,0
noise+fake_front,clean+shift,21,6,PrimaryTrustCalib,1,10,1,1.0,10,0.14642560482025146,downweight,0,0,0,0,0,0,0,0,0,0
noise+fake_front,clean+shift,21,6,MultiPeerObjectGuard,1,10,1,1.0,10,0.14648056030273438,downweight,0,1,0,0,3,2,3,2,0,17
noise+fake_front,clean+shift,21,7,EgoOnly,0,10,0,0.0,0,0.12913388013839722,,0,0,0,0,0,0,0,0,0,0
noise+fake_front,clean+shift,21,7,CleanCoop,0,10,0,0.0,0,0.13952261209487915,,0,0,0,0,0,0,0,0,0,0
noise+fake_front,clean+shift,21,7,PrimaryRaw,0,10,1,1.0,10,0.13982601463794708,,0,0,0,0,0,0,0,0,0,0
noise+fake_front,clean+shift,21,7,PrimaryTrustCalib,0,10,1,1.0,10,0.13935096561908722,downweight,0,0,0,0,0,0,0,0,0,0
noise+fake_front,clean+shift,21,7,MultiPeerObjectGuard,0,10,1,1.0,10,0.1397964209318161,downweight,0,1,0,0,3,1,3,1,0,16
noise+fake_front,clean+shift,21,8,EgoOnly,0,10,0,0.0,0,0.21506987512111664,,0,0,0,0,0,0,0,0,0,0
noise+fake_front,clean+shift,21,8,CleanCoop,0,10,0,0.0,0,0.14641770720481873,,0,0,0,0,0,0,0,0,0,0
noise+fake_front,clean+shift,21,8,PrimaryRaw,0,10,1,1.0,10,0.150365948677063,,0,0,0,0,0,0,0,0,0,0
noise+fake_front,clean+shift,21,8,PrimaryTrustCalib,0,10,1,1.0,10,0.1529749631881714,downweight,0,0,0,0,0,0,0,0,0,0
noise+fake_front,clean+shift,21,8,MultiPeerObjectGuard,0,10,1,1.0,10,0.14771659672260284,downweight,0,1,0,0,8,2,8,2,0,17
noise+fake_front,clean+shift,21,9,EgoOnly,0,10,1,0.3,3,0.20770184695720673,,0,0,0,0,0,0,0,0,0,0
noise+fake_front,clean+shift,21,9,CleanCoop,0,10,1,0.3,3,0.1705644130706787,,0,0,0,0,0,0,0,0,0,0
noise+fake_front,clean+shift,21,9,PrimaryRaw,0,10,1,1.0,10,0.166757732629776,,0,0,0,0,0,0,0,0,0,0
noise+fake_front,clean+shift,21,9,PrimaryTrustCalib,0,10,1,1.0,10,0.1637963056564331,downweight,0,0,0,0,0,0,0,0,0,0
noise+fake_front,clean+shift,21,9,MultiPeerObjectGuard,0,10,1,1.0,10,0.16943824291229248,downweight,0,1,0,0,10,4,10,4,0,20
noise+fake_front,clean+shift,21,10,EgoOnly,0,10,0,0.0,0,0.15347979962825775,,0,0,0,0,0,0,0,0,0,0
noise+fake_front,clean+shift,21,10,CleanCoop,0,10,1,0.3,3,0.18396952748298645,,0,0,0,0,0,0,0,0,0,0
noise+fake_front,clean+shift,21,10,PrimaryRaw,0,10,1,1.0,10,0.18474268913269043,,0,0,0,0,0,0,0,0,0,0
noise+fake_front,clean+shift,21,10,PrimaryTrustCalib,0,10,1,1.0,10,0.1828126162290573,downweight,0,0,0,0,0,0,0,0,0,0
noise+fake_front,clean+shift,21,10,MultiPeerObjectGuard,0,10,1,0.3,3,0.18377596139907837,downweight,0,1,0,0,5,2,5,2,0,22
noise+fake_front,clean+shift,21,11,EgoOnly,2,10,0,0.0,0,0.20522791147232056,,0,0,0,0,0,0,0,0,0,0
noise+fake_front,clean+shift,21,11,CleanCoop,1,10,1,0.3,3,0.18618325889110565,,0,0,0,0,0,0,0,0,0,0
noise+fake_front,clean+shift,21,11,PrimaryRaw,0,10,1,1.0,10,0.18352675437927246,,0,0,0,0,0,0,0,0,0,0
noise+fake_front,clean+shift,21,11,PrimaryTrustCalib,0,10,1,1.0,10,0.18340374529361725,downweight,0,0,0,0,0,0,0,0,0,0
noise+fake_front,clean+shift,21,11,MultiPeerObjectGuard,1,10,1,0.3,3,0.18586736917495728,downweight,0,1,0,0,4,0,4,0,0,22
noise+fake_front,clean+shift,21,12,EgoOnly,2,10,0,0.0,0,0.23910868167877197,,0,0,0,0,0,0,0,0,0,0
noise+fake_front,clean+shift,21,12,CleanCoop,0,10,1,0.3,3,0.18615803122520447,,0,0,0,0,0,0,0,0,0,0
noise+fake_front,clean+shift,21,12,PrimaryRaw,1,10,1,1.0,10,0.19076955318450928,,0,0,0,0,0,0,0,0,0,0
noise+fake_front,clean+shift,21,12,PrimaryTrustCalib,1,10,1,1.0,10,0.19049297273159027,downweight,0,0,0,0,0,0,0,0,0,0
noise+fake_front,clean+shift,21,12,MultiPeerObjectGuard,0,10,1,1.0,10,0.18575085699558258,downweight,0,1,0,0,7,2,7,2,0,19
noise+fake_front,clean+shift,21,13,EgoOnly,0,10,1,0.2,2,0.1538943648338318,,0,0,0,0,0,0,0,0,0,0
noise+fake_front,clean+shift,21,13,CleanCoop,0,10,1,0.2,2,0.1810694932937622,,0,0,0,0,0,0,0,0,0,0
noise+fake_front,clean+shift,21,13,PrimaryRaw,0,10,1,1.0,10,0.19644953310489655,,0,0,0,0,0,0,0,0,0,0
noise+fake_front,clean+shift,21,13,PrimaryTrustCalib,0,10,1,0.2,2,0.1538943648338318,quarantine,0,0,0,0,0,0,0,0,0,0
noise+fake_front,clean+shift,21,13,MultiPeerObjectGuard,0,10,1,0.2,2,0.1810694932937622,quarantine,0,0,0,0,21,21,21,21,0,0
noise+fake_front,clean+shift,21,14,EgoOnly,0,10,1,0.2,2,0.15674743056297302,,0,0,0,0,0,0,0,0,0,0
noise+fake_front,clean+shift,21,14,CleanCoop,0,10,1,0.2,2,0.17957007884979248,,0,0,0,0,0,0,0,0,0,0
noise+fake_front,clean+shift,21,14,PrimaryRaw,1,10,1,1.0,10,0.17408576607704163,,0,0,0,0,0,0,0,0,0,0
noise+fake_front,clean+shift,21,14,PrimaryTrustCalib,0,10,1,0.2,2,0.15674743056297302,quarantine,0,0,0,0,0,0,0,0,0,0
noise+fake_front,clean+shift,21,14,MultiPeerObjectGuard,0,10,1,0.2,2,0.17957007884979248,quarantine,0,0,0,0,21,21,21,21,0,0
noise+fake_front,clean+shift,21,15,EgoOnly,0,10,0,0.0,0,0.21677294373512268,,0,0,0,0,0,0,0,0,0,0
noise+fake_front,clean+shift,21,15,CleanCoop,0,10,0,0.0,0,0.17432813346385956,,0,0,0,0,0,0,0,0,0,0
noise+fake_front,clean+shift,21,15,PrimaryRaw,1,10,1,1.0,10,0.1816437542438507,,0,0,0,0,0,0,0,0,0,0
noise+fake_front,clean+shift,21,15,PrimaryTrustCalib,0,10,0,0.0,0,0.21677294373512268,quarantine,0,0,0,0,0,0,0,0,0,0
noise+fake_front,clean+shift,21,15,MultiPeerObjectGuard,0,10,0,0.0,0,0.17432813346385956,quarantine,0,0,0,0,21,21,21,21,0,0
noise+fake_front,clean+shift,21,16,EgoOnly,0,10,0,0.0,0,0.2188006043434143,,0,0,0,0,0,0,0,0,0,0
noise+fake_front,clean+shift,21,16,CleanCoop,0,10,0,0.0,0,0.1703236699104309,,0,0,0,0,0,0,0,0,0,0
noise+fake_front,clean+shift,21,16,PrimaryRaw,0,10,1,1.0,10,0.17047612369060516,,0,0,0,0,0,0,0,0,0,0
noise+fake_front,clean+shift,21,16,PrimaryTrustCalib,0,10,1,1.0,10,0.1704844832420349,downweight,0,0,0,0,0,0,0,0,0,0
noise+fake_front,clean+shift,21,16,MultiPeerObjectGuard,0,10,1,1.0,10,0.16988329589366913,downweight,0,1,0,0,7,3,7,3,0,18
noise+fake_front,clean+shift,21,17,EgoOnly,0,10,0,0.0,0,0.263966828584671,,0,0,0,0,0,0,0,0,0,0
noise+fake_front,clean+shift,21,17,CleanCoop,0,10,0,0.0,0,0.1647293120622635,,0,0,0,0,0,0,0,0,0,0
noise+fake_front,clean+shift,21,17,PrimaryRaw,0,10,1,1.0,10,0.17017225921154022,,0,0,0,0,0,0,0,0,0,0
noise+fake_front,clean+shift,21,17,PrimaryTrustCalib,0,10,1,1.0,10,0.1710250824689865,downweight,0,0,0,0,0,0,0,0,0,0
noise+fake_front,clean+shift,21,17,MultiPeerObjectGuard,0,10,1,1.0,10,0.16510964930057526,downweight,0,1,0,0,7,2,7,2,0,14
noise+fake_front,clean+shift,21,18,EgoOnly,0,10,1,0.1,1,0.267577588558197,,0,0,0,0,0,0,0,0,0,0
noise+fake_front,clean+shift,21,18,CleanCoop,0,10,1,0.1,1,0.16350030899047852,,0,0,0,0,0,0,0,0,0,0
noise+fake_front,clean+shift,21,18,PrimaryRaw,0,10,1,1.0,10,0.14511723816394806,,0,0,0,0,0,0,0,0,0,0
noise+fake_front,clean+shift,21,18,PrimaryTrustCalib,0,10,1,1.0,10,0.14655418694019318,downweight,0,0,0,0,0,0,0,0,0,0
noise+fake_front,clean+shift,21,18,MultiPeerObjectGuard,0,10,1,1.0,10,0.16469965875148773,downweight,0,1,0,0,5,3,5,3,0,13
noise+fake_front,clean+shift,21,19,EgoOnly,0,10,1,0.4,4,0.2701622545719147,,0,0,0,0,0,0,0,0,0,0
noise+fake_front,clean+shift,21,19,CleanCoop,0,10,1,0.4,4,0.16366440057754517,,0,0,0,0,0,0,0,0,0,0
noise+fake_front,clean+shift,21,19,PrimaryRaw,0,10,1,1.0,10,0.14366906881332397,,0,0,0,0,0,0,0,0,0,0
noise+fake_front,clean+shift,21,19,PrimaryTrustCalib,0,10,1,1.0,10,0.14293405413627625,downweight,0,0,0,0,0,0,0,0,0,0
noise+fake_front,clean+shift,21,19,MultiPeerObjectGuard,0,10,1,1.0,10,0.14491979777812958,downweight,0,1,0,0,7,2,7,2,0,16
noise+fake_front,clean+shift,24,0,EgoOnly,0,10,1,0.2,2,0.15427269041538239,,0,0,0,0,0,0,0,0,0,0
noise+fake_front,clean+shift,24,0,CleanCoop,2,10,1,0.9,9,0.14627334475517273,,0,0,0,0,0,0,0,0,0,0
noise+fake_front,clean+shift,24,0,PrimaryRaw,1,10,1,1.0,10,0.14495331048965454,,0,0,0,0,0,0,0,0,0,0
noise+fake_front,clean+shift,24,0,PrimaryTrustCalib,0,10,1,1.0,10,0.14364305138587952,downweight,0,0,0,0,0,0,0,0,0,0
noise+fake_front,clean+shift,24,0,MultiPeerObjectGuard,0,10,1,1.0,10,0.14627334475517273,downweight,0,1,0,0,3,1,3,1,0,21
noise+fake_front,clean+shift,24,1,EgoOnly,0,10,1,0.2,2,0.15981008112430573,,0,0,0,0,0,0,0,0,0,0
noise+fake_front,clean+shift,24,1,CleanCoop,1,10,1,0.8,8,0.13960088789463043,,0,0,0,0,0,0,0,0,0,0
noise+fake_front,clean+shift,24,1,PrimaryRaw,2,10,1,1.0,10,0.1432662159204483,,0,0,0,0,0,0,0,0,0,0
noise+fake_front,clean+shift,24,1,PrimaryTrustCalib,4,10,1,1.0,10,0.14199751615524292,downweight,0,0,0,0,0,0,0,0,0,0
noise+fake_front,clean+shift,24,1,MultiPeerObjectGuard,4,10,1,1.0,10,0.142587348818779,downweight,0,1,0,0,6,4,6,4,0,19
noise+fake_front,clean+shift,24,2,EgoOnly,0,10,1,0.1,1,0.15121470391750336,,0,0,0,0,0,0,0,0,0,0
noise+fake_front,clean+shift,24,2,CleanCoop,1,10,1,0.7,7,0.13827472925186157,,0,0,0,0,0,0,0,0,0,0
noise+fake_front,clean+shift,24,2,PrimaryRaw,2,10,1,1.0,10,0.13901330530643463,,0,0,0,0,0,0,0,0,0,0
noise+fake_front,clean+shift,24,2,PrimaryTrustCalib,5,10,1,1.0,10,0.13803113996982574,downweight,0,0,0,0,0,0,0,0,0,0
noise+fake_front,clean+shift,24,2,MultiPeerObjectGuard,5,10,1,1.0,10,0.13827472925186157,downweight,0,1,0,0,4,2,4,2,0,22
noise+fake_front,clean+shift,24,3,EgoOnly,0,10,1,0.4,4,0.15425336360931396,,0,0,0,0,0,0,0,0,0,0
noise+fake_front,clean+shift,24,3,CleanCoop,0,10,1,0.4,4,0.15425336360931396,,0,0,0,0,0,0,0,0,0,0
noise+fake_front,clean+shift,24,3,PrimaryRaw,0,10,1,1.0,10,0.15425336360931396,,0,0,0,0,0,0,0,0,0,0
noise+fake_front,clean+shift,24,3,PrimaryTrustCalib,2,10,1,1.0,10,0.15425336360931396,downweight,0,0,0,0,0,0,0,0,0,0
noise+fake_front,clean+shift,24,3,MultiPeerObjectGuard,2,10,1,1.0,10,0.15425336360931396,downweight,0,1,0,0,5,1,5,1,0,19
noise+fake_front,clean+shift,24,4,EgoOnly,0,10,1,0.3,3,0.15410035848617554,,0,0,0,0,0,0,0,0,0,0
noise+fake_front,clean+shift,24,4,CleanCoop,0,10,1,0.3,3,0.1486484408378601,,0,0,0,0,0,0,0,0,0,0
noise+fake_front,clean+shift,24,4,PrimaryRaw,0,10,1,1.0,10,0.14774401485919952,,0,0,0,0,0,0,0,0,0,0
noise+fake_front,clean+shift,24,4,PrimaryTrustCalib,2,10,1,1.0,10,0.1482800990343094,downweight,0,0,0,0,0,0,0,0,0,0
noise+fake_front,clean+shift,24,4,MultiPeerObjectGuard,2,10,1,1.0,10,0.1486484408378601,downweight,0,1,0,0,5,1,5,1,0,20
noise+fake_front,clean+shift,24,5,EgoOnly,0,10,1,0.2,2,0.15661866962909698,,0,0,0,0,0,0,0,0,0,0
noise+fake_front,clean+shift,24,5,CleanCoop,0,10,1,0.2,2,0.15661866962909698,,0,0,0,0,0,0,0,0,0,0
noise+fake_front,clean+shift,24,5,PrimaryRaw,0,10,1,1.0,10,0.15661866962909698,,0,0,0,0,0,0,0,0,0,0
noise+fake_front,clean+shift,24,5,PrimaryTrustCalib,3,10,1,1.0,10,0.15661866962909698,downweight,0,0,0,0,0,0,0,0,0,0
noise+fake_front,clean+shift,24,5,MultiPeerObjectGuard,3,10,1,1.0,10,0.15661866962909698,downweight,0,1,0,0,4,1,4,1,0,17
noise+fake_front,clean+shift,24,6,EgoOnly,0,10,1,0.2,2,0.15503369271755219,,0,0,0,0,0,0,0,0,0,0
noise+fake_front,clean+shift,24,6,CleanCoop,0,10,1,0.2,2,0.15503369271755219,,0,0,0,0,0,0,0,0,0,0
noise+fake_front,clean+shift,24,6,PrimaryRaw,0,10,1,1.0,10,0.15503369271755219,,0,0,0,0,0,0,0,0,0,0
noise+fake_front,clean+shift,24,6,PrimaryTrustCalib,2,10,1,1.0,10,0.15503369271755219,downweight,0,0,0,0,0,0,0,0,0,0
noise+fake_front,clean+shift,24,6,MultiPeerObjectGuard,2,10,1,1.0,10,0.15503369271755219,downweight,0,1,0,0,4,2,4,2,0,17
noise+fake_front,clean+shift,24,7,EgoOnly,0,10,1,0.2,2,0.14789249002933502,,0,0,0,0,0,0,0,0,0,0
noise+fake_front,clean+shift,24,7,CleanCoop,0,10,1,0.2,2,0.14789249002933502,,0,0,0,0,0,0,0,0,0,0
noise+fake_front,clean+shift,24,7,PrimaryRaw,0,10,1,1.0,10,0.14789249002933502,,0,0,0,0,0,0,0,0,0,0
noise+fake_front,clean+shift,24,7,PrimaryTrustCalib,2,10,1,1.0,10,0.14789249002933502,downweight,0,0,0,0,0,0,0,0,0,0
noise+fake_front,clean+shift,24,7,MultiPeerObjectGuard,2,10,1,1.0,10,0.14789249002933502,downweight,0,1,0,0,5,3,5,3,0,16
noise+fake_front,clean+shift,24,8,EgoOnly,0,10,1,0.1,1,0.14085453748703003,,0,0,0,0,0,0,0,0,0,0
noise+fake_front,clean+shift,24,8,CleanCoop,0,10,1,0.1,1,0.11462537944316864,,0,0,0,0,0,0,0,0,0,0
noise+fake_front,clean+shift,24,8,PrimaryRaw,0,10,1,1.0,10,0.11591372638940811,,0,0,0,0,0,0,0,0,0,0
noise+fake_front,clean+shift,24,8,PrimaryTrustCalib,1,10,1,1.0,10,0.11568784713745117,downweight,0,0,0,0,0,0,0,0,0,0
noise+fake_front,clean+shift,24,8,MultiPeerObjectGuard,1,10,1,1.0,10,0.11462537944316864,downweight,0,1,0,0,5,1,5,1,0,20
noise+fake_front,clean+shift,24,9,EgoOnly,0,10,1,0.1,1,0.12911587953567505,,0,0,0,0,0,0,0,0,0,0
noise+fake_front,clean+shift,24,9,CleanCoop,0,10,1,0.1,1,0.12124241888523102,,0,0,0,0,0,0,0,0,0,0
noise+fake_front,clean+shift,24,9,PrimaryRaw,0,10,1,1.0,10,0.11679448932409286,,0,0,0,0,0,0,0,0,0,0
noise+fake_front,clean+shift,24,9,PrimaryTrustCalib,1,10,1,1.0,10,0.11770109832286835,downweight,0,0,0,0,0,0,0,0,0,0
noise+fake_front,clean+shift,24,9,MultiPeerObjectGuard,1,10,1,1.0,10,0.12124241888523102,downweight,0,1,0,0,4,0,4,0,0,21
noise+fake_front,clean+shift,24,10,EgoOnly,0,10,1,0.1,1,0.12549801170825958,,0,0,0,0,0,0,0,0,0,0
noise+fake_front,clean+shift,24,10,CleanCoop,0,10,1,0.1,1,0.0926613137125969,,0,0,0,0,0,0,0,0,0,0
noise+fake_front,clean+shift,24,10,PrimaryRaw,0,10,1,1.0,10,0.09020285308361053,,0,0,0,0,0,0,0,0,0,0
noise+fake_front,clean+shift,24,10,PrimaryTrustCalib,0,10,1,0.1,1,0.12549801170825958,quarantine,0,0,0,0,0,0,0,0,0,0
noise+fake_front,clean+shift,24,10,MultiPeerObjectGuard,0,10,1,0.1,1,0.0926613137125969,quarantine,0,0,0,0,20,20,20,20,0,0
noise+fake_front,clean+shift,24,11,EgoOnly,0,10,1,0.1,1,0.1320536732673645,,0,0,0,0,0,0,0,0,0,0
noise+fake_front,clean+shift,24,11,CleanCoop,0,10,1,0.1,1,0.09826569259166718,,0,0,0,0,0,0,0,0,0,0
noise+fake_front,clean+shift,24,11,PrimaryRaw,0,10,1,1.0,10,0.09840880334377289,,0,0,0,0,0,0,0,0,0,0
noise+fake_front,clean+shift,24,11,PrimaryTrustCalib,0,10,1,1.0,10,0.09839467704296112,downweight,0,0,0,0,0,0,0,0,0,0
noise+fake_front,clean+shift,24,11,MultiPeerObjectGuard,0,10,1,1.0,10,0.09826569259166718,downweight,0,1,0,0,5,2,5,2,0,19
noise+fake_front,clean+shift,24,12,EgoOnly,0,10,1,0.1,1,0.13850684463977814,,0,0,0,0,0,0,0,0,0,0
noise+fake_front,clean+shift,24,12,CleanCoop,0,10,1,0.1,1,0.12030082195997238,,0,0,0,0,0,0,0,0,0,0
noise+fake_front,clean+shift,24,12,PrimaryRaw,0,10,1,1.0,10,0.11708351969718933,,0,0,0,0,0,0,0,0,0,0
noise+fake_front,clean+shift,24,12,PrimaryTrustCalib,0,10,1,1.0,10,0.11773162335157394,downweight,0,0,0,0,0,0,0,0,0,0
noise+fake_front,clean+shift,24,12,MultiPeerObjectGuard,0,10,1,1.0,10,0.12030082195997238,downweight,0,1,0,0,5,0,5,0,0,23
noise+fake_front,clean+shift,24,13,EgoOnly,0,10,1,0.2,2,0.13351860642433167,,0,0,0,0,0,0,0,0,0,0
noise+fake_front,clean+shift,24,13,CleanCoop,0,10,1,0.2,2,0.11434740573167801,,0,0,0,0,0,0,0,0,0,0
noise+fake_front,clean+shift,24,13,PrimaryRaw,0,10,1,1.0,10,0.11160732060670853,,0,0,0,0,0,0,0,0,0,0
noise+fake_front,clean+shift,24,13,PrimaryTrustCalib,0,10,1,1.0,10,0.111557736992836,downweight,0,0,0,0,0,0,0,0,0,0
noise+fake_front,clean+shift,24,13,MultiPeerObjectGuard,0,10,1,1.0,10,0.11436299234628677,downweight,0,1,0,0,4,1,4,1,0,18
noise+fake_front,clean+shift,24,14,EgoOnly,0,10,1,0.3,3,0.1421816349029541,,0,0,0,0,0,0,0,0,0,0
noise+fake_front,clean+shift,24,14,CleanCoop,0,10,1,0.3,3,0.1179983988404274,,0,0,0,0,0,0,0,0,0,0
noise+fake_front,clean+shift,24,14,PrimaryRaw,0,10,1,1.0,10,0.11495466530323029,,0,0,0,0,0,0,0,0,0,0
noise+fake_front,clean+shift,24,14,PrimaryTrustCalib,0,10,1,1.0,10,0.11482025682926178,downweight,0,0,0,0,0,0,0,0,0,0
noise+fake_front,clean+shift,24,14,MultiPeerObjectGuard,0,10,1,1.0,10,0.1179983988404274,downweight,0,1,0,0,3,1,3,1,0,19
noise+fake_front,clean+shift,24,15,EgoOnly,0,10,1,0.2,2,0.1529833972454071,,0,0,0,0,0,0,0,0,0,0
noise+fake_front,clean+shift,24,15,CleanCoop,0,10,1,0.2,2,0.11727875471115112,,0,0,0,0,0,0,0,0,0,0
noise+fake_front,clean+shift,24,15,PrimaryRaw,0,10,1,1.0,10,0.11660158634185791,,0,0,0,0,0,0,0,0,0,0
noise+fake_front,clean+shift,24,15,PrimaryTrustCalib,1,10,1,1.0,10,0.1166057288646698,downweight,0,0,0,0,0,0,0,0,0,0
noise+fake_front,clean+shift,24,15,MultiPeerObjectGuard,1,10,1,1.0,10,0.11647798866033554,downweight,0,1,0,0,4,1,4,1,0,21
noise+fake_front,clean+shift,24,16,EgoOnly,0,10,1,0.2,2,0.16195283830165863,,0,0,0,0,0,0,0,0,0,0
noise+fake_front,clean+shift,24,16,CleanCoop,0,10,1,0.2,2,0.11798159033060074,,0,0,0,0,0,0,0,0,0,0
noise+fake_front,clean+shift,24,16,PrimaryRaw,0,10,1,1.0,10,0.1199684664607048,,0,0,0,0,0,0,0,0,0,0
noise+fake_front,clean+shift,24,16,PrimaryTrustCalib,1,10,1,1.0,10,0.12009231746196747,downweight,0,0,0,0,0,0,0,0,0,0
noise+fake_front,clean+shift,24,16,MultiPeerObjectGuard,1,10,1,1.0,10,0.11798159033060074,downweight,0,1,0,0,2,0,2,0,0,20
noise+fake_front,clean+shift,24,17,EgoOnly,0,10,1,0.2,2,0.1809834986925125,,0,0,0,0,0,0,0,0,0,0
noise+fake_front,clean+shift,24,17,CleanCoop,0,10,1,0.2,2,0.11536841094493866,,0,0,0,0,0,0,0,0,0,0
noise+fake_front,clean+shift,24,17,PrimaryRaw,0,10,1,1.0,10,0.11617445945739746,,0,0,0,0,0,0,0,0,0,0
noise+fake_front,clean+shift,24,17,PrimaryTrustCalib,0,10,1,0.2,2,0.1809834986925125,quarantine,0,0,0,0,0,0,0,0,0,0
noise+fake_front,clean+shift,24,17,MultiPeerObjectGuard,0,10,1,0.2,2,0.11536841094493866,quarantine,0,0,0,0,22,21,22,21,0,0
noise+fake_front,clean+shift,24,18,EgoOnly,0,10,1,0.2,2,0.22093214094638824,,0,0,0,0,0,0,0,0,0,0
noise+fake_front,clean+shift,24,18,CleanCoop,0,10,1,0.2,2,0.11835133284330368,,0,0,0,0,0,0,0,0,0,0
noise+fake_front,clean+shift,24,18,PrimaryRaw,0,10,1,1.0,10,0.11948394030332565,,0,0,0,0,0,0,0,0,0,0
noise+fake_front,clean+shift,24,18,PrimaryTrustCalib,1,10,1,1.0,10,0.11924395710229874,downweight,0,0,0,0,0,0,0,0,0,0
noise+fake_front,clean+shift,24,18,MultiPeerObjectGuard,1,10,1,1.0,10,0.11835133284330368,downweight,0,1,0,0,6,2,6,2,0,20
noise+fake_front,clean+shift,24,19,EgoOnly,0,10,1,0.2,2,0.16063916683197021,,0,0,0,0,0,0,0,0,0,0
noise+fake_front,clean+shift,24,19,CleanCoop,0,10,1,0.2,2,0.11986172199249268,,0,0,0,0,0,0,0,0,0,0
noise+fake_front,clean+shift,24,19,PrimaryRaw,1,10,1,1.0,10,0.122596874833107,,0,0,0,0,0,0,0,0,0,0
noise+fake_front,clean+shift,24,19,PrimaryTrustCalib,0,10,1,1.0,10,0.12163712829351425,downweight,0,0,0,0,0,0,0,0,0,0
noise+fake_front,clean+shift,24,19,MultiPeerObjectGuard,0,10,1,1.0,10,0.11986172199249268,downweight,0,1,0,0,6,3,6,3,0,16
noise+fake_front,clean+shift,34,0,EgoOnly,0,10,1,0.5,5,0.20370496809482574,,0,0,0,0,0,0,0,0,0,0
noise+fake_front,clean+shift,34,0,CleanCoop,0,10,1,0.5,5,0.19505487382411957,,0,0,0,0,0,0,0,0,0,0
noise+fake_front,clean+shift,34,0,PrimaryRaw,2,10,1,1.0,10,0.19503886997699738,,0,0,0,0,0,0,0,0,0,0
noise+fake_front,clean+shift,34,0,PrimaryTrustCalib,0,10,1,0.5,5,0.20370496809482574,quarantine,0,0,0,0,0,0,0,0,0,0
noise+fake_front,clean+shift,34,0,MultiPeerObjectGuard,0,10,1,0.5,5,0.19505487382411957,quarantine,0,0,0,0,11,11,11,11,0,0
noise+fake_front,clean+shift,34,1,EgoOnly,0,10,1,0.7,7,0.1518774926662445,,0,0,0,0,0,0,0,0,0,0
noise+fake_front,clean+shift,34,1,CleanCoop,0,10,1,0.7,7,0.18430224061012268,,0,0,0,0,0,0,0,0,0,0
noise+fake_front,clean+shift,34,1,PrimaryRaw,0,10,1,1.0,10,0.184164896607399,,0,0,0,0,0,0,0,0,0,0
noise+fake_front,clean+shift,34,1,PrimaryTrustCalib,0,10,1,1.0,10,0.18427053093910217,downweight,0,0,0,0,0,0,0,0,0,0
noise+fake_front,clean+shift,34,1,MultiPeerObjectGuard,0,10,1,1.0,10,0.18430224061012268,downweight,0,1,0,0,3,0,3,0,0,10
noise+fake_front,clean+shift,34,2,EgoOnly,2,10,1,0.5,5,0.1545800268650055,,0,0,0,0,0,0,0,0,0,0
noise+fake_front,clean+shift,34,2,CleanCoop,1,10,1,1.0,10,0.18285469710826874,,0,0,0,0,0,0,0,0,0,0
noise+fake_front,clean+shift,34,2,PrimaryRaw,1,10,1,1.0,10,0.18568739295005798,,0,0,0,0,0,0,0,0,0,0
noise+fake_front,clean+shift,34,2,PrimaryTrustCalib,0,10,1,1.0,10,0.18602067232131958,downweight,0,0,0,0,0,0,0,0,0,0
noise+fake_front,clean+shift,34,2,MultiPeerObjectGuard,0,10,1,1.0,10,0.18285469710826874,downweight,0,1,0,0,2,0,2,0,0,13
noise+fake_front,clean+shift,34,3,EgoOnly,0,10,1,0.9,9,0.15129223465919495,,0,0,0,0,0,0,0,0,0,0
noise+fake_front,clean+shift,34,3,CleanCoop,0,10,1,0.9,9,0.1829632967710495,,0,0,0,0,0,0,0,0,0,0
noise+fake_front,clean+shift,34,3,PrimaryRaw,1,10,1,1.0,10,0.18235436081886292,,0,0,0,0,0,0,0,0,0,0
noise+fake_front,clean+shift,34,3,PrimaryTrustCalib,2,10,1,1.0,10,0.1829167604446411,downweight,0,0,0,0,0,0,0,0,0,0
noise+fake_front,clean+shift,34,3,MultiPeerObjectGuard,2,10,1,1.0,10,0.1829632967710495,downweight,0,1,0,0,2,1,2,1,0,10
noise+fake_front,clean+shift,34,4,EgoOnly,0,10,1,0.9,9,0.15103542804718018,,0,0,0,0,0,0,0,0,0,0
noise+fake_front,clean+shift,34,4,CleanCoop,0,10,1,0.9,9,0.18340522050857544,,0,0,0,0,0,0,0,0,0,0
noise+fake_front,clean+shift,34,4,PrimaryRaw,1,10,1,1.0,10,0.18331313133239746,,0,0,0,0,0,0,0,0,0,0
noise+fake_front,clean+shift,34,4,PrimaryTrustCalib,0,10,1,0.9,9,0.15103542804718018,quarantine,0,0,0,0,0,0,0,0,0,0
noise+fake_front,clean+shift,34,4,MultiPeerObjectGuard,0,10,1,0.9,9,0.18340522050857544,quarantine,0,0,0,0,11,11,11,11,0,0
noise+fake_front,clean+shift,34,5,EgoOnly,1,10,1,1.0,10,0.15138301253318787,,0,0,0,0,0,0,0,0,0,0
noise+fake_front,clean+shift,34,5,CleanCoop,1,10,1,1.0,10,0.1837354600429535,,0,0,0,0,0,0,0,0,0,0
noise+fake_front,clean+shift,34,5,PrimaryRaw,0,10,1,1.0,10,0.18397808074951172,,0,0,0,0,0,0,0,0,0,0
noise+fake_front,clean+shift,34,5,PrimaryTrustCalib,0,10,1,1.0,10,0.18409176170825958,downweight,0,0,0,0,0,0,0,0,0,0
noise+fake_front,clean+shift,34,5,MultiPeerObjectGuard,0,10,1,1.0,10,0.1837354600429535,downweight,0,1,0,0,4,1,4,1,0,9
noise+fake_front,clean+shift,34,6,EgoOnly,1,10,1,0.9,9,0.17250768840312958,,0,0,0,0,0,0,0,0,0,0
noise+fake_front,clean+shift,34,6,CleanCoop,1,10,1,0.9,9,0.19167080521583557,,0,0,0,0,0,0,0,0,0,0
noise+fake_front,clean+shift,34,6,PrimaryRaw,0,10,1,1.0,10,0.19090230762958527,,0,0,0,0,0,0,0,0,0,0
noise+fake_front,clean+shift,34,6,PrimaryTrustCalib,1,10,1,0.9,9,0.17250768840312958,quarantine,0,0,0,0,0,0,0,0,0,0
noise+fake_front,clean+shift,34,6,MultiPeerObjectGuard,1,10,1,0.9,9,0.19167080521583557,quarantine,0,0,0,0,11,11,11,11,0,0
noise+fake_front,clean+shift,34,7,EgoOnly,1,10,1,0.9,9,0.18356932699680328,,0,0,0,0,0,0,0,0,0,0
noise+fake_front,clean+shift,34,7,CleanCoop,1,10,1,0.9,9,0.19738157093524933,,0,0,0,0,0,0,0,0,0,0
noise+fake_front,clean+shift,34,7,PrimaryRaw,0,10,1,1.0,10,0.19819477200508118,,0,0,0,0,0,0,0,0,0,0
noise+fake_front,clean+shift,34,7,PrimaryTrustCalib,1,10,1,1.0,10,0.1981893926858902,downweight,0,0,0,0,0,0,0,0,0,0
noise+fake_front,clean+shift,34,7,MultiPeerObjectGuard,1,10,1,1.0,10,0.19738157093524933,downweight,0,1,0,0,5,2,5,2,0,9
noise+fake_front,clean+shift,34,8,EgoOnly,1,10,1,0.9,9,0.18531106412410736,,0,0,0,0,0,0,0,0,0,0
noise+fake_front,clean+shift,34,8,CleanCoop,1,10,1,0.9,9,0.2026532143354416,,0,0,0,0,0,0,0,0,0,0
noise+fake_front,clean+shift,34,8,PrimaryRaw,1,10,1,1.0,10,0.20269224047660828,,0,0,0,0,0,0,0,0,0,0
noise+fake_front,clean+shift,34,8,PrimaryTrustCalib,1,10,1,0.9,9,0.18531106412410736,quarantine,0,0,0,0,0,0,0,0,0,0
noise+fake_front,clean+shift,34,8,MultiPeerObjectGuard,1,10,1,0.9,9,0.2026532143354416,quarantine,0,0,0,0,10,10,10,10,0,0
noise+fake_front,clean+shift,34,9,EgoOnly,0,10,1,0.2,2,0.21439777314662933,,0,0,0,0,0,0,0,0,0,0
noise+fake_front,clean+shift,34,9,CleanCoop,0,10,1,0.2,2,0.21873773634433746,,0,0,0,0,0,0,0,0,0,0
noise+fake_front,clean+shift,34,9,PrimaryRaw,1,10,1,1.0,10,0.21608518064022064,,0,0,0,0,0,0,0,0,0,0
noise+fake_front,clean+shift,34,9,PrimaryTrustCalib,1,10,1,1.0,10,0.21677696704864502,downweight,0,0,0,0,0,0,0,0,0,0
noise+fake_front,clean+shift,34,9,MultiPeerObjectGuard,1,10,1,1.0,10,0.21873773634433746,downweight,0,1,0,0,5,1,5,1,0,10
noise+fake_front,clean+shift,34,10,EgoOnly,0,10,1,0.2,2,0.2550045847892761,,0,0,0,0,0,0,0,0,0,0
noise+fake_front,clean+shift,34,10,CleanCoop,0,10,1,0.2,2,0.24851664900779724,,0,0,0,0,0,0,0,0,0,0
noise+fake_front,clean+shift,34,10,PrimaryRaw,1,10,1,1.0,10,0.24665571749210358,,0,0,0,0,0,0,0,0,0,0
noise+fake_front,clean+shift,34,10,PrimaryTrustCalib,2,10,1,1.0,10,0.24634775519371033,downweight,0,0,0,0,0,0,0,0,0,0
noise+fake_front,clean+shift,34,10,MultiPeerObjectGuard,2,10,1,1.0,10,0.24851664900779724,downweight,0,1,0,0,2,1,2,1,0,9
noise+fake_front,clean+shift,34,11,EgoOnly,0,10,1,0.2,2,0.26471155881881714,,0,0,0,0,0,0,0,0,0,0
noise+fake_front,clean+shift,34,11,CleanCoop,0,10,1,0.2,2,0.25425752997398376,,0,0,0,0,0,0,0,0,0,0
noise+fake_front,clean+shift,34,11,PrimaryRaw,1,10,1,1.0,10,0.2534487843513489,,0,0,0,0,0,0,0,0,0,0
noise+fake_front,clean+shift,34,11,PrimaryTrustCalib,0,10,1,0.2,2,0.26471155881881714,quarantine,0,0,0,0,0,0,0,0,0,0
noise+fake_front,clean+shift,34,11,MultiPeerObjectGuard,0,10,1,0.2,2,0.25425752997398376,quarantine,0,0,0,0,11,11,11,11,0,0
noise+fake_front,clean+shift,34,12,EgoOnly,0,10,1,0.2,2,0.27318158745765686,,0,0,0,0,0,0,0,0,0,0
noise+fake_front,clean+shift,34,12,CleanCoop,0,10,1,0.2,2,0.26674360036849976,,0,0,0,0,0,0,0,0,0,0
noise+fake_front,clean+shift,34,12,PrimaryRaw,0,10,1,1.0,10,0.26870840787887573,,0,0,0,0,0,0,0,0,0,0
noise+fake_front,clean+shift,34,12,PrimaryTrustCalib,0,10,1,0.2,2,0.27318158745765686,quarantine,0,0,0,0,0,0,0,0,0,0
noise+fake_front,clean+shift,34,12,MultiPeerObjectGuard,0,10,1,0.2,2,0.26674360036849976,quarantine,0,0,0,0,10,10,10,10,0,0
noise+fake_front,clean+shift,34,13,EgoOnly,0,10,1,0.2,2,0.2503901422023773,,0,0,0,0,0,0,0,0,0,0
noise+fake_front,clean+shift,34,13,CleanCoop,0,10,1,0.2,2,0.2503901422023773,,0,0,0,0,0,0,0,0,0,0
noise+fake_front,clean+shift,34,13,PrimaryRaw,1,10,1,1.0,10,0.2503901422023773,,0,0,0,0,0,0,0,0,0,0
noise+fake_front,clean+shift,34,13,PrimaryTrustCalib,0,10,1,1.0,10,0.2503901422023773,downweight,0,0,0,0,0,0,0,0,0,0
noise+fake_front,clean+shift,34,13,MultiPeerObjectGuard,0,10,1,1.0,10,0.2503901422023773,downweight,0,1,0,0,0,0,0,0,0,7
noise+fake_front,clean+shift,34,14,EgoOnly,0,10,1,0.3,3,0.284663587808609,,0,0,0,0,0,0,0,0,0,0
noise+fake_front,clean+shift,34,14,CleanCoop,0,10,1,0.3,3,0.284663587808609,,0,0,0,0,0,0,0,0,0,0
noise+fake_front,clean+shift,34,14,PrimaryRaw,0,10,1,1.0,10,0.284663587808609,,0,0,0,0,0,0,0,0,0,0
noise+fake_front,clean+shift,34,14,PrimaryTrustCalib,0,10,1,1.0,10,0.284663587808609,downweight,0,0,0,0,0,0,0,0,0,0
noise+fake_front,clean+shift,34,14,MultiPeerObjectGuard,0,10,1,1.0,10,0.284663587808609,downweight,0,1,0,0,0,0,0,0,0,9
noise+fake_front,clean+shift,34,15,EgoOnly,0,10,1,0.3,3,0.27447623014450073,,0,0,0,0,0,0,0,0,0,0
noise+fake_front,clean+shift,34,15,CleanCoop,0,10,1,0.3,3,0.24662719666957855,,0,0,0,0,0,0,0,0,0,0
noise+fake_front,clean+shift,34,15,PrimaryRaw,0,10,1,1.0,10,0.24609693884849548,,0,0,0,0,0,0,0,0,0,0
noise+fake_front,clean+shift,34,15,PrimaryTrustCalib,0,10,1,1.0,10,0.24682389199733734,downweight,0,0,0,0,0,0,0,0,0,0
noise+fake_front,clean+shift,34,15,MultiPeerObjectGuard,0,10,1,1.0,10,0.24662719666957855,downweight,0,1,0,0,0,0,0,0,0,11
noise+fake_front,clean+shift,34,16,EgoOnly,0,10,1,0.3,3,0.2713547646999359,,0,0,0,0,0,0,0,0,0,0
noise+fake_front,clean+shift,34,16,CleanCoop,0,10,1,0.3,3,0.2623141407966614,,0,0,0,0,0,0,0,0,0,0
noise+fake_front,clean+shift,34,16,PrimaryRaw,0,10,1,1.0,10,0.2622345983982086,,0,0,0,0,0,0,0,0,0,0
noise+fake_front,clean+shift,34,16,PrimaryTrustCalib,0,10,1,0.3,3,0.2713547646999359,quarantine,0,0,0,0,0,0,0,0,0,0
noise+fake_front,clean+shift,34,16,MultiPeerObjectGuard,0,10,1,0.3,3,0.2623141407966614,quarantine,0,0,0,0,10,10,10,10,0,0
noise+fake_front,clean+shift,34,17,EgoOnly,0,10,1,0.4,4,0.285530686378479,,0,0,0,0,0,0,0,0,0,0
noise+fake_front,clean+shift,34,17,CleanCoop,0,10,1,0.4,4,0.285530686378479,,0,0,0,0,0,0,0,0,0,0
noise+fake_front,clean+shift,34,17,PrimaryRaw,0,10,1,1.0,10,0.285530686378479,,0,0,0,0,0,0,0,0,0,0
noise+fake_front,clean+shift,34,17,PrimaryTrustCalib,0,10,1,1.0,10,0.285530686378479,downweight,0,0,0,0,0,0,0,0,0,0
noise+fake_front,clean+shift,34,17,MultiPeerObjectGuard,0,10,1,1.0,10,0.285530686378479,downweight,0,1,0,0,2,0,2,0,0,9
noise+fake_front,clean+shift,34,18,EgoOnly,0,10,1,0.6,6,0.297892302274704,,0,0,0,0,0,0,0,0,0,0
noise+fake_front,clean+shift,34,18,CleanCoop,0,10,1,0.6,6,0.2958765923976898,,0,0,0,0,0,0,0,0,0,0
noise+fake_front,clean+shift,34,18,PrimaryRaw,0,10,1,1.0,10,0.2958339750766754,,0,0,0,0,0,0,0,0,0,0
noise+fake_front,clean+shift,34,18,PrimaryTrustCalib,0,10,1,1.0,10,0.29549020528793335,downweight,0,0,0,0,0,0,0,0,0,0
noise+fake_front,clean+shift,34,18,MultiPeerObjectGuard,0,10,1,1.0,10,0.2958765923976898,downweight,0,1,0,0,4,1,4,1,0,9
noise+fake_front,clean+shift,34,19,EgoOnly,0,10,1,0.8,8,0.35856929421424866,,0,0,0,0,0,0,0,0,0,0
noise+fake_front,clean+shift,34,19,CleanCoop,0,10,1,0.8,8,0.35856929421424866,,0,0,0,0,0,0,0,0,0,0
noise+fake_front,clean+shift,34,19,PrimaryRaw,0,10,1,1.0,10,0.35856929421424866,,0,0,0,0,0,0,0,0,0,0
noise+fake_front,clean+shift,34,19,PrimaryTrustCalib,0,10,1,1.0,10,0.35856929421424866,downweight,0,0,0,0,0,0,0,0,0,0
noise+fake_front,clean+shift,34,19,MultiPeerObjectGuard,0,10,1,1.0,10,0.35856929421424866,downweight,0,1,0,0,1,0,1,0,0,8
noise+fake_front,clean+shift,39,0,EgoOnly,0,10,0,0.0,0,0.165250763297081,,0,0,0,0,0,0,0,0,0,0
noise+fake_front,clean+shift,39,0,CleanCoop,0,10,0,0.0,0,0.11968111246824265,,0,0,0,0,0,0,0,0,0,0
noise+fake_front,clean+shift,39,0,PrimaryRaw,0,10,1,1.0,10,0.11947698146104813,,0,0,0,0,0,0,0,0,0,0
noise+fake_front,clean+shift,39,0,PrimaryTrustCalib,0,10,1,1.0,10,0.1196093037724495,downweight,0,0,0,0,0,0,0,0,0,0
noise+fake_front,clean+shift,39,0,MultiPeerObjectGuard,0,10,1,1.0,10,0.12009980529546738,downweight,0,1,0,0,7,4,7,4,0,19
noise+fake_front,clean+shift,39,1,EgoOnly,0,10,0,0.0,0,0.12124867737293243,,0,0,0,0,0,0,0,0,0,0
noise+fake_front,clean+shift,39,1,CleanCoop,0,10,0,0.0,0,0.1196758821606636,,0,0,0,0,0,0,0,0,0,0
noise+fake_front,clean+shift,39,1,PrimaryRaw,0,10,1,1.0,10,0.11882486939430237,,0,0,0,0,0,0,0,0,0,0
noise+fake_front,clean+shift,39,1,PrimaryTrustCalib,0,10,0,0.0,0,0.12124867737293243,quarantine,0,0,0,0,0,0,0,0,0,0
noise+fake_front,clean+shift,39,1,MultiPeerObjectGuard,0,10,0,0.0,0,0.1196758821606636,quarantine,0,0,0,0,20,20,20,20,0,0
noise+fake_front,clean+shift,39,2,EgoOnly,0,10,0,0.0,0,0.1398165076971054,,0,0,0,0,0,0,0,0,0,0
noise+fake_front,clean+shift,39,2,CleanCoop,0,10,0,0.0,0,0.11993835866451263,,0,0,0,0,0,0,0,0,0,0
noise+fake_front,clean+shift,39,2,PrimaryRaw,0,10,1,1.0,10,0.11956891417503357,,0,0,0,0,0,0,0,0,0,0
noise+fake_front,clean+shift,39,2,PrimaryTrustCalib,0,10,1,1.0,10,0.11959721893072128,downweight,0,0,0,0,0,0,0,0,0,0
noise+fake_front,clean+shift,39,2,MultiPeerObjectGuard,0,10,1,1.0,10,0.11993835866451263,downweight,0,1,0,0,5,1,5,1,0,21
noise+fake_front,clean+shift,39,3,EgoOnly,0,10,0,0.0,0,0.1401793509721756,,0,0,0,0,0,0,0,0,0,0
noise+fake_front,clean+shift,39,3,CleanCoop,0,10,0,0.0,0,0.12003188580274582,,0,0,0,0,0,0,0,0,0,0
noise+fake_front,clean+shift,39,3,PrimaryRaw,0,10,1,1.0,10,0.11920938640832901,,0,0,0,0,0,0,0,0,0,0
noise+fake_front,clean+shift,39,3,PrimaryTrustCalib,0,10,1,1.0,10,0.11886899918317795,downweight,0,0,0,0,0,0,0,0,0,0
noise+fake_front,clean+shift,39,3,MultiPeerObjectGuard,0,10,1,1.0,10,0.11963080614805222,downweight,0,1,0,0,8,4,8,4,0,20
noise+fake_front,clean+shift,39,4,EgoOnly,0,10,0,0.0,0,0.14111833274364471,,0,0,0,0,0,0,0,0,0,0
noise+fake_front,clean+shift,39,4,CleanCoop,0,10,0,0.0,0,0.12049298733472824,,0,0,0,0,0,0,0,0,0,0
noise+fake_front,clean+shift,39,4,PrimaryRaw,0,10,1,1.0,10,0.11956163495779037,,0,0,0,0,0,0,0,0,0,0
noise+fake_front,clean+shift,39,4,PrimaryTrustCalib,0,10,0,0.0,0,0.14111833274364471,quarantine,0,0,0,0,0,0,0,0,0,0
noise+fake_front,clean+shift,39,4,MultiPeerObjectGuard,0,10,0,0.0,0,0.12049298733472824,quarantine,0,0,0,0,23,23,23,23,0,0
noise+fake_front,clean+shift,39,5,EgoOnly,3,10,0,0.0,0,0.14237450063228607,,0,0,0,0,0,0,0,0,0,0
noise+fake_front,clean+shift,39,5,CleanCoop,0,10,1,1.0,10,0.11795838922262192,,0,0,0,0,0,0,0,0,0,0
noise+fake_front,clean+shift,39,5,PrimaryRaw,1,10,1,1.0,10,0.1179288700222969,,0,0,0,0,0,0,0,0,0,0
noise+fake_front,clean+shift,39,5,PrimaryTrustCalib,3,10,0,0.0,0,0.14237450063228607,quarantine,0,0,0,0,0,0,0,0,0,0
noise+fake_front,clean+shift,39,5,MultiPeerObjectGuard,0,10,1,1.0,10,0.11795838922262192,quarantine,0,0,0,0,24,24,24,24,0,0
noise+fake_front,clean+shift,39,6,EgoOnly,3,10,0,0.0,0,0.1438872367143631,,0,0,0,0,0,0,0,0,0,0
noise+fake_front,clean+shift,39,6,CleanCoop,0,10,1,1.0,10,0.11823689937591553,,0,0,0,0,0,0,0,0,0,0
noise+fake_front,clean+shift,39,6,PrimaryRaw,2,10,1,1.0,10,0.11753827333450317,,0,0,0,0,0,0,0,0,0,0
noise+fake_front,clean+shift,39,6,PrimaryTrustCalib,3,10,1,1.0,10,0.11734794080257416,downweight,0,0,0,0,0,0,0,0,0,0
noise+fake_front,clean+shift,39,6,MultiPeerObjectGuard,1,10,1,1.0,10,0.11813048273324966,downweight,0,1,0,0,7,0,7,0,0,24
noise+fake_front,clean+shift,39,7,EgoOnly,3,10,0,0.0,0,0.13964109122753143,,0,0,0,0,0,0,0,0,0,0
noise+fake_front,clean+shift,39,7,CleanCoop,0,10,1,1.0,10,0.11940904706716537,,0,0,0,0,0,0,0,0,0,0
noise+fake_front,clean+shift,39,7,PrimaryRaw,1,10,1,1.0,10,0.11757173389196396,,0,0,0,0,0,0,0,0,0,0
noise+fake_front,clean+shift,39,7,PrimaryTrustCalib,0,10,1,1.0,10,0.11751265823841095,downweight,0,0,0,0,0,0,0,0,0,0
noise+fake_front,clean+shift,39,7,MultiPeerObjectGuard,0,10,1,1.0,10,0.11717920750379562,downweight,0,1,0,0,4,2,4,2,0,19
noise+fake_front,clean+shift,39,8,EgoOnly,3,10,0,0.0,0,0.1395658254623413,,0,0,0,0,0,0,0,0,0,0
noise+fake_front,clean+shift,39,8,CleanCoop,0,10,1,1.0,10,0.12176249921321869,,0,0,0,0,0,0,0,0,0,0
noise+fake_front,clean+shift,39,8,PrimaryRaw,1,10,1,1.0,10,0.12311088293790817,,0,0,0,0,0,0,0,0,0,0
noise+fake_front,clean+shift,39,8,PrimaryTrustCalib,2,10,1,1.0,10,0.12451861798763275,downweight,0,0,0,0,0,0,0,0,0,0
noise+fake_front,clean+shift,39,8,MultiPeerObjectGuard,1,10,1,1.0,10,0.12271972745656967,downweight,0,1,0,0,5,2,5,2,0,21
noise+fake_front,clean+shift,39,9,EgoOnly,3,10,0,0.0,0,0.13968580961227417,,0,0,0,0,0,0,0,0,0,0
noise+fake_front,clean+shift,39,9,CleanCoop,0,10,1,1.0,10,0.12028192728757858,,0,0,0,0,0,0,0,0,0,0
noise+fake_front,clean+shift,39,9,PrimaryRaw,0,10,1,1.0,10,0.12014155089855194,,0,0,0,0,0,0,0,0,0,0
noise+fake_front,clean+shift,39,9,PrimaryTrustCalib,1,10,1,1.0,10,0.12003730237483978,downweight,0,0,0,0,0,0,0,0,0,0
noise+fake_front,clean+shift,39,9,MultiPeerObjectGuard,1,10,1,1.0,10,0.12032540887594223,downweight,0,1,0,0,3,2,3,2,0,20
noise+fake_front,clean+shift,39,10,EgoOnly,3,10,0,0.0,0,0.1410968154668808,,0,0,0,0,0,0,0,0,0,0
noise+fake_front,clean+shift,39,10,CleanCoop,0,10,1,1.0,10,0.12170831114053726,,0,0,0,0,0,0,0,0,0,0
noise+fake_front,clean+shift,39,10,PrimaryRaw,1,10,1,1.0,10,0.12059275805950165,,0,0,0,0,0,0,0,0,0,0
noise+fake_front,clean+shift,39,10,PrimaryTrustCalib,0,10,1,1.0,10,0.12057773023843765,downweight,0,0,0,0,0,0,0,0,0,0
noise+fake_front,clean+shift,39,10,MultiPeerObjectGuard,0,10,1,1.0,10,0.12128565460443497,downweight,0,1,0,0,3,2,3,2,0,21
noise+fake_front,clean+shift,39,11,EgoOnly,3,10,0,0.0,0,0.14884419739246368,,0,0,0,0,0,0,0,0,0,0
noise+fake_front,clean+shift,39,11,CleanCoop,0,10,1,1.0,10,0.12265768647193909,,0,0,0,0,0,0,0,0,0,0
noise+fake_front,clean+shift,39,11,PrimaryRaw,1,10,1,1.0,10,0.12261465191841125,,0,0,0,0,0,0,0,0,0,0
noise+fake_front,clean+shift,39,11,PrimaryTrustCalib,2,10,1,1.0,10,0.1226014792919159,downweight,0,0,0,0,0,0,0,0,0,0
noise+fake_front,clean+shift,39,11,MultiPeerObjectGuard,0,10,1,1.0,10,0.1228431686758995,downweight,0,1,0,0,7,3,7,3,0,24
noise+fake_front,clean+shift,39,12,EgoOnly,3,10,0,0.0,0,0.14912186563014984,,0,0,0,0,0,0,0,0,0,0
noise+fake_front,clean+shift,39,12,CleanCoop,0,10,1,1.0,10,0.12323574721813202,,0,0,0,0,0,0,0,0,0,0
noise+fake_front,clean+shift,39,12,PrimaryRaw,1,10,1,1.0,10,0.12226951122283936,,0,0,0,0,0,0,0,0,0,0
noise+fake_front,clean+shift,39,12,PrimaryTrustCalib,1,10,1,1.0,10,0.12233421951532364,downweight,0,0,0,0,0,0,0,0,0,0
noise+fake_front,clean+shift,39,12,MultiPeerObjectGuard,0,10,1,1.0,10,0.12317662686109543,downweight,0,1,0,0,6,2,6,2,0,22
noise+fake_front,clean+shift,39,13,EgoOnly,3,10,0,0.0,0,0.15101729333400726,,0,0,0,0,0,0,0,0,0,0
noise+fake_front,clean+shift,39,13,CleanCoop,0,10,1,1.0,10,0.12343184649944305,,0,0,0,0,0,0,0,0,0,0
noise+fake_front,clean+shift,39,13,PrimaryRaw,0,10,1,1.0,10,0.1229611411690712,,0,0,0,0,0,0,0,0,0,0
noise+fake_front,clean+shift,39,13,PrimaryTrustCalib,3,10,1,1.0,10,0.12312938272953033,downweight,0,0,0,0,0,0,0,0,0,0
noise+fake_front,clean+shift,39,13,MultiPeerObjectGuard,2,10,1,1.0,10,0.12254289537668228,downweight,0,1,0,0,12,4,12,4,0,19
noise+fake_front,clean+shift,39,14,EgoOnly,3,10,0,0.0,0,0.1552271842956543,,0,0,0,0,0,0,0,0,0,0
noise+fake_front,clean+shift,39,14,CleanCoop,0,10,1,1.0,10,0.12369530647993088,,0,0,0,0,0,0,0,0,0,0
noise+fake_front,clean+shift,39,14,PrimaryRaw,3,10,1,1.0,10,0.12452574074268341,,0,0,0,0,0,0,0,0,0,0
noise+fake_front,clean+shift,39,14,PrimaryTrustCalib,1,10,1,1.0,10,0.12451567500829697,downweight,0,0,0,0,0,0,0,0,0,0
noise+fake_front,clean+shift,39,14,MultiPeerObjectGuard,0,10,1,1.0,10,0.12391529977321625,downweight,0,1,0,0,7,2,7,2,0,22
noise+fake_front,clean+shift,39,15,EgoOnly,3,10,0,0.0,0,0.17376984655857086,,0,0,0,0,0,0,0,0,0,0
noise+fake_front,clean+shift,39,15,CleanCoop,0,10,1,1.0,10,0.1433468461036682,,0,0,0,0,0,0,0,0,0,0
noise+fake_front,clean+shift,39,15,PrimaryRaw,1,10,1,1.0,10,0.1443813294172287,,0,0,0,0,0,0,0,0,0,0
noise+fake_front,clean+shift,39,15,PrimaryTrustCalib,0,10,1,1.0,10,0.1442306637763977,downweight,0,0,0,0,0,0,0,0,0,0
noise+fake_front,clean+shift,39,15,MultiPeerObjectGuard,0,10,1,1.0,10,0.1425297111272812,downweight,0,1,0,0,8,3,8,3,0,21
noise+fake_front,clean+shift,39,16,EgoOnly,3,10,0,0.0,0,0.14450015127658844,,0,0,0,0,0,0,0,0,0,0
noise+fake_front,clean+shift,39,16,CleanCoop,0,10,1,1.0,10,0.13833901286125183,,0,0,0,0,0,0,0,0,0,0
noise+fake_front,clean+shift,39,16,PrimaryRaw,1,10,1,1.0,10,0.14081574976444244,,0,0,0,0,0,0,0,0,0,0
noise+fake_front,clean+shift,39,16,PrimaryTrustCalib,3,10,0,0.0,0,0.14450015127658844,quarantine,0,0,0,0,0,0,0,0,0,0
noise+fake_front,clean+shift,39,16,MultiPeerObjectGuard,0,10,1,1.0,10,0.13833901286125183,quarantine,0,0,0,0,21,21,21,21,0,0
noise+fake_front,clean+shift,39,17,EgoOnly,3,10,0,0.0,0,0.17458854615688324,,0,0,0,0,0,0,0,0,0,0
noise+fake_front,clean+shift,39,17,CleanCoop,0,10,1,1.0,10,0.1466900259256363,,0,0,0,0,0,0,0,0,0,0
noise+fake_front,clean+shift,39,17,PrimaryRaw,0,10,1,1.0,10,0.1337844431400299,,0,0,0,0,0,0,0,0,0,0
noise+fake_front,clean+shift,39,17,PrimaryTrustCalib,0,10,1,1.0,10,0.13362987339496613,downweight,0,0,0,0,0,0,0,0,0,0
noise+fake_front,clean+shift,39,17,MultiPeerObjectGuard,0,10,1,1.0,10,0.13481029868125916,downweight,0,1,0,0,6,3,6,3,0,20
noise+fake_front,clean+shift,39,18,EgoOnly,3,10,0,0.0,0,0.16254965960979462,,0,0,0,0,0,0,0,0,0,0
noise+fake_front,clean+shift,39,18,CleanCoop,0,10,1,1.0,10,0.13366782665252686,,0,0,0,0,0,0,0,0,0,0
noise+fake_front,clean+shift,39,18,PrimaryRaw,1,10,1,1.0,10,0.13242317736148834,,0,0,0,0,0,0,0,0,0,0
noise+fake_front,clean+shift,39,18,PrimaryTrustCalib,0,10,1,1.0,10,0.13219723105430603,downweight,0,0,0,0,0,0,0,0,0,0
noise+fake_front,clean+shift,39,18,MultiPeerObjectGuard,0,10,1,1.0,10,0.13390599191188812,downweight,0,1,0,0,3,0,3,0,0,23
noise+fake_front,clean+shift,39,19,EgoOnly,3,10,0,0.0,0,0.1660938709974289,,0,0,0,0,0,0,0,0,0,0
noise+fake_front,clean+shift,39,19,CleanCoop,0,10,1,1.0,10,0.126437246799469,,0,0,0,0,0,0,0,0,0,0
noise+fake_front,clean+shift,39,19,PrimaryRaw,1,10,1,1.0,10,0.1304931640625,,0,0,0,0,0,0,0,0,0,0
noise+fake_front,clean+shift,39,19,PrimaryTrustCalib,3,10,0,0.0,0,0.1660938709974289,quarantine,0,0,0,0,0,0,0,0,0,0
noise+fake_front,clean+shift,39,19,MultiPeerObjectGuard,0,10,1,1.0,10,0.126437246799469,quarantine,0,0,0,0,22,22,22,22,0,0
noise+fake_front,clean+shift,41,0,EgoOnly,0,10,1,0.6,6,0.21061211824417114,,0,0,0,0,0,0,0,0,0,0
noise+fake_front,clean+shift,41,0,CleanCoop,0,10,1,0.6,6,0.25231608748435974,,0,0,0,0,0,0,0,0,0,0
noise+fake_front,clean+shift,41,0,PrimaryRaw,0,10,1,0.8,8,0.2530505061149597,,0,0,0,0,0,0,0,0,0,0
noise+fake_front,clean+shift,41,0,PrimaryTrustCalib,0,10,1,0.6,6,0.21061211824417114,quarantine,0,0,0,0,0,0,0,0,0,0
noise+fake_front,clean+shift,41,0,MultiPeerObjectGuard,0,10,1,0.6,6,0.25231608748435974,quarantine,0,0,0,0,12,12,12,12,0,0
noise+fake_front,clean+shift,41,1,EgoOnly,0,10,1,0.6,6,0.21239423751831055,,0,0,0,0,0,0,0,0,0,0
noise+fake_front,clean+shift,41,1,CleanCoop,0,10,1,0.6,6,0.2534995973110199,,0,0,0,0,0,0,0,0,0,0
noise+fake_front,clean+shift,41,1,PrimaryRaw,0,10,1,0.7,7,0.2580071687698364,,0,0,0,0,0,0,0,0,0,0
noise+fake_front,clean+shift,41,1,PrimaryTrustCalib,0,10,1,0.7,7,0.25737863779067993,downweight,0,0,0,0,0,0,0,0,0,0
noise+fake_front,clean+shift,41,1,MultiPeerObjectGuard,0,10,1,0.7,7,0.2534995973110199,downweight,0,1,0,0,2,0,2,0,0,13
noise+fake_front,clean+shift,41,2,EgoOnly,0,10,1,0.7,7,0.21460728347301483,,0,0,0,0,0,0,0,0,0,0
noise+fake_front,clean+shift,41,2,CleanCoop,0,10,1,0.7,7,0.25581666827201843,,0,0,0,0,0,0,0,0,0,0
noise+fake_front,clean+shift,41,2,PrimaryRaw,0,10,1,0.7,7,0.24723242223262787,,0,0,0,0,0,0,0,0,0,0
noise+fake_front,clean+shift,41,2,PrimaryTrustCalib,0,10,1,0.7,7,0.24768325686454773,downweight,0,0,0,0,0,0,0,0,0,0
noise+fake_front,clean+shift,41,2,MultiPeerObjectGuard,0,10,1,0.7,7,0.254920095205307,downweight,0,1,0,0,6,1,6,1,0,12
noise+fake_front,clean+shift,41,3,EgoOnly,0,10,1,0.7,7,0.21209533512592316,,0,0,0,0,0,0,0,0,0,0
noise+fake_front,clean+shift,41,3,CleanCoop,0,10,1,0.7,7,0.25365039706230164,,0,0,0,0,0,0,0,0,0,0
noise+fake_front,clean+shift,41,3,PrimaryRaw,0,10,1,0.9,9,0.2536364495754242,,0,0,0,0,0,0,0,0,0,0
noise+fake_front,clean+shift,41,3,PrimaryTrustCalib,0,10,1,0.9,9,0.2543441653251648,downweight,0,0,0,0,0,0,0,0,0,0
noise+fake_front,clean+shift,41,3,MultiPeerObjectGuard,0,10,1,0.9,9,0.25365039706230164,downweight,0,1,0,0,3,2,3,2,0,10
noise+fake_front,clean+shift,41,4,EgoOnly,0,10,1,0.7,7,0.21975192427635193,,0,0,0,0,0,0,0,0,0,0
noise+fake_front,clean+shift,41,4,CleanCoop,0,10,1,0.7,7,0.21754738688468933,,0,0,0,0,0,0,0,0,0,0
noise+fake_front,clean+shift,41,4,PrimaryRaw,0,10,1,1.0,10,0.21256214380264282,,0,0,0,0,0,0,0,0,0,0
noise+fake_front,clean+shift,41,4,PrimaryTrustCalib,0,10,1,1.0,10,0.21248649060726166,downweight,0,0,0,0,0,0,0,0,0,0
noise+fake_front,clean+shift,41,4,MultiPeerObjectGuard,0,10,1,1.0,10,0.2168952077627182,downweight,0,1,0,0,3,3,3,3,0,11
noise+fake_front,clean+shift,41,5,EgoOnly,0,10,1,0.1,1,0.2183321863412857,,0,0,0,0,0,0,0,0,0,0
noise+fake_front,clean+shift,41,5,CleanCoop,0,10,1,0.1,1,0.34743985533714294,,0,0,0,0,0,0,0,0,0,0
noise+fake_front,clean+shift,41,5,PrimaryRaw,0,10,1,0.6,6,0.3877433240413666,,0,0,0,0,0,0,0,0,0,0
noise+fake_front,clean+shift,41,5,PrimaryTrustCalib,0,10,1,0.1,1,0.2183321863412857,quarantine,0,0,0,0,0,0,0,0,0,0
noise+fake_front,clean+shift,41,5,MultiPeerObjectGuard,0,10,1,0.1,1,0.34743985533714294,quarantine,0,0,0,0,14,14,14,14,0,0
noise+fake_front,clean+shift,41,6,EgoOnly,0,10,1,0.2,2,0.17910568416118622,,0,0,0,0,0,0,0,0,0,0
noise+fake_front,clean+shift,41,6,CleanCoop,0,10,1,0.2,2,0.31126219034194946,,0,0,0,0,0,0,0,0,0,0
noise+fake_front,clean+shift,41,6,PrimaryRaw,0,10,1,0.7,7,0.3287471830844879,,0,0,0,0,0,0,0,0,0,0
noise+fake_front,clean+shift,41,6,PrimaryTrustCalib,0,10,1,0.6,6,0.3363948464393616,downweight,0,0,0,0,0,0,0,0,0,0
noise+fake_front,clean+shift,41,6,MultiPeerObjectGuard,0,10,1,0.6,6,0.31126219034194946,downweight,0,1,0,0,5,2,5,2,0,10
noise+fake_front,clean+shift,41,7,EgoOnly,0,10,1,0.2,2,0.2224920690059662,,0,0,0,0,0,0,0,0,0,0
noise+fake_front,clean+shift,41,7,CleanCoop,0,10,1,0.2,2,0.2464735209941864,,0,0,0,0,0,0,0,0,0,0
noise+fake_front,clean+shift,41,7,PrimaryRaw,0,10,1,0.7,7,0.2446378916501999,,0,0,0,0,0,0,0,0,0,0
noise+fake_front,clean+shift,41,7,PrimaryTrustCalib,0,10,1,0.7,7,0.2440195083618164,downweight,0,0,0,0,0,0,0,0,0,0
noise+fake_front,clean+shift,41,7,MultiPeerObjectGuard,0,10,1,0.7,7,0.2464735209941864,downweight,0,1,0,0,1,0,1,0,0,12
noise+fake_front,clean+shift,41,8,EgoOnly,0,10,1,0.2,2,0.1819668710231781,,0,0,0,0,0,0,0,0,0,0
noise+fake_front,clean+shift,41,8,CleanCoop,0,10,1,0.2,2,0.2632468640804291,,0,0,0,0,0,0,0,0,0,0
noise+fake_front,clean+shift,41,8,PrimaryRaw,0,10,1,0.7,7,0.27210891246795654,,0,0,0,0,0,0,0,0,0,0
noise+fake_front,clean+shift,41,8,PrimaryTrustCalib,0,10,1,0.7,7,0.2737688720226288,downweight,0,0,0,0,0,0,0,0,0,0
noise+fake_front,clean+shift,41,8,MultiPeerObjectGuard,0,10,1,0.7,7,0.2629571855068207,downweight,0,1,0,0,5,2,5,2,0,14
noise+fake_front,clean+shift,41,9,EgoOnly,0,10,1,0.3,3,0.2330506592988968,,0,0,0,0,0,0,0,0,0,0
noise+fake_front,clean+shift,41,9,CleanCoop,0,10,1,0.3,3,0.33205291628837585,,0,0,0,0,0,0,0,0,0,0
noise+fake_front,clean+shift,41,9,PrimaryRaw,0,10,1,0.8,8,0.3486282527446747,,0,0,0,0,0,0,0,0,0,0
noise+fake_front,clean+shift,41,9,PrimaryTrustCalib,0,10,1,0.7,7,0.3495916724205017,downweight,0,0,0,0,0,0,0,0,0,0
noise+fake_front,clean+shift,41,9,MultiPeerObjectGuard,0,10,1,0.7,7,0.33205291628837585,downweight,0,1,0,0,2,2,2,2,0,10
noise+fake_front,clean+shift,41,10,EgoOnly,0,10,1,0.3,3,0.23846672475337982,,0,0,0,0,0,0,0,0,0,0
noise+fake_front,clean+shift,41,10,CleanCoop,0,10,1,0.3,3,0.24583488702774048,,0,0,0,0,0,0,0,0,0,0
noise+fake_front,clean+shift,41,10,PrimaryRaw,0,10,1,0.8,8,0.251539021730423,,0,0,0,0,0,0,0,0,0,0
noise+fake_front,clean+shift,41,10,PrimaryTrustCalib,0,10,1,0.8,8,0.2561335861682892,downweight,0,0,0,0,0,0,0,0,0,0
noise+fake_front,clean+shift,41,10,MultiPeerObjectGuard,0,10,1,0.8,8,0.24583488702774048,downweight,0,1,0,0,5,1,5,1,0,15
noise+fake_front,clean+shift,41,11,EgoOnly,0,10,1,0.2,2,0.23785129189491272,,0,0,0,0,0,0,0,0,0,0
noise+fake_front,clean+shift,41,11,CleanCoop,0,10,1,0.2,2,0.24726271629333496,,0,0,0,0,0,0,0,0,0,0
noise+fake_front,clean+shift,41,11,PrimaryRaw,0,10,1,0.5,5,0.23001721501350403,,0,0,0,0,0,0,0,0,0,0
noise+fake_front,clean+shift,41,11,PrimaryTrustCalib,0,10,1,0.2,2,0.23785129189491272,quarantine,0,0,0,0,0,0,0,0,0,0
noise+fake_front,clean+shift,41,11,MultiPeerObjectGuard,0,10,1,0.2,2,0.24726271629333496,quarantine,0,0,0,0,16,16,16,16,0,0
noise+fake_front,clean+shift,41,12,EgoOnly,0,10,1,0.1,1,0.19750264286994934,,0,0,0,0,0,0,0,0,0,0
noise+fake_front,clean+shift,41,12,CleanCoop,0,10,1,0.1,1,0.2769598364830017,,0,0,0,0,0,0,0,0,0,0
noise+fake_front,clean+shift,41,12,PrimaryRaw,0,10,1,0.3,3,0.28368884325027466,,0,0,0,0,0,0,0,0,0,0
noise+fake_front,clean+shift,41,12,PrimaryTrustCalib,0,10,1,0.3,3,0.2885323464870453,downweight,0,0,0,0,0,0,0,0,0,0
noise+fake_front,clean+shift,41,12,MultiPeerObjectGuard,0,10,1,0.3,3,0.2773776650428772,downweight,0,1,0,0,7,2,7,2,0,16
noise+fake_front,clean+shift,41,13,EgoOnly,0,10,1,0.1,1,0.2156437188386917,,0,0,0,0,0,0,0,0,0,0
noise+fake_front,clean+shift,41,13,CleanCoop,0,10,1,0.1,1,0.288473516702652,,0,0,0,0,0,0,0,0,0,0
noise+fake_front,clean+shift,41,13,PrimaryRaw,0,10,1,0.3,3,0.29872119426727295,,0,0,0,0,0,0,0,0,0,0
noise+fake_front,clean+shift,41,13,PrimaryTrustCalib,0,10,1,0.3,3,0.30435988306999207,downweight,0,0,0,0,0,0,0,0,0,0
noise+fake_front,clean+shift,41,13,MultiPeerObjectGuard,0,10,1,0.3,3,0.2903035879135132,downweight,0,1,0,0,9,4,9,4,0,12
noise+fake_front,clean+shift,41,14,EgoOnly,0,10,1,0.2,2,0.1952163428068161,,0,0,0,0,0,0,0,0,0,0
noise+fake_front,clean+shift,41,14,CleanCoop,0,10,1,0.2,2,0.30043303966522217,,0,0,0,0,0,0,0,0,0,0
noise+fake_front,clean+shift,41,14,PrimaryRaw,0,10,1,0.3,3,0.26993727684020996,,0,0,0,0,0,0,0,0,0,0
noise+fake_front,clean+shift,41,14,PrimaryTrustCalib,0,10,1,0.2,2,0.1952163428068161,quarantine,0,0,0,0,0,0,0,0,0,0
noise+fake_front,clean+shift,41,14,MultiPeerObjectGuard,0,10,1,0.2,2,0.30043303966522217,quarantine,0,0,0,0,17,17,17,17,0,0
noise+fake_front,clean+shift,41,15,EgoOnly,0,10,1,0.1,1,0.178977370262146,,0,0,0,0,0,0,0,0,0,0
noise+fake_front,clean+shift,41,15,CleanCoop,0,10,1,0.1,1,0.3085958659648895,,0,0,0,0,0,0,0,0,0,0
noise+fake_front,clean+shift,41,15,PrimaryRaw,0,10,1,0.3,3,0.283867210149765,,0,0,0,0,0,0,0,0,0,0
noise+fake_front,clean+shift,41,15,PrimaryTrustCalib,0,10,1,0.3,3,0.2830045521259308,downweight,0,0,0,0,0,0,0,0,0,0
noise+fake_front,clean+shift,41,15,MultiPeerObjectGuard,0,10,1,0.3,3,0.3085958659648895,downweight,0,1,0,0,5,0,5,0,0,18
noise+fake_front,clean+shift,41,16,EgoOnly,0,10,1,0.1,1,0.19009390473365784,,0,0,0,0,0,0,0,0,0,0
noise+fake_front,clean+shift,41,16,CleanCoop,0,10,1,0.1,1,0.3121417164802551,,0,0,0,0,0,0,0,0,0,0
noise+fake_front,clean+shift,41,16,PrimaryRaw,0,10,1,0.4,4,0.3450537919998169,,0,0,0,0,0,0,0,0,0,0
noise+fake_front,clean+shift,41,16,PrimaryTrustCalib,0,10,1,0.4,4,0.349090039730072,downweight,0,0,0,0,0,0,0,0,0,0
noise+fake_front,clean+shift,41,16,MultiPeerObjectGuard,0,10,1,0.4,4,0.35388824343681335,downweight,0,1,0,0,5,2,5,2,0,15
noise+fake_front,clean+shift,41,17,EgoOnly,0,10,1,0.1,1,0.21306857466697693,,0,0,0,0,0,0,0,0,0,0
noise+fake_front,clean+shift,41,17,CleanCoop,0,10,1,0.1,1,0.3185713589191437,,0,0,0,0,0,0,0,0,0,0
noise+fake_front,clean+shift,41,17,PrimaryRaw,0,10,1,0.4,4,0.28203028440475464,,0,0,0,0,0,0,0,0,0,0
noise+fake_front,clean+shift,41,17,PrimaryTrustCalib,0,10,1,0.1,1,0.21306857466697693,quarantine,0,0,0,0,0,0,0,0,0,0
noise+fake_front,clean+shift,41,17,MultiPeerObjectGuard,0,10,1,0.1,1,0.3185713589191437,quarantine,0,0,0,0,19,19,19,19,0,0
noise+fake_front,clean+shift,41,18,EgoOnly,0,10,0,0.0,0,0.18414363265037537,,0,0,0,0,0,0,0,0,0,0
noise+fake_front,clean+shift,41,18,CleanCoop,0,10,1,0.1,1,0.3280959725379944,,0,0,0,0,0,0,0,0,0,0
noise+fake_front,clean+shift,41,18,PrimaryRaw,0,10,1,0.4,4,0.34493938088417053,,0,0,0,0,0,0,0,0,0,0
noise+fake_front,clean+shift,41,18,PrimaryTrustCalib,0,10,1,0.4,4,0.3403719365596771,downweight,0,0,0,0,0,0,0,0,0,0
noise+fake_front,clean+shift,41,18,MultiPeerObjectGuard,0,10,1,0.4,4,0.32822540402412415,downweight,0,1,0,0,4,1,4,1,0,17
noise+fake_front,clean+shift,41,19,EgoOnly,0,10,0,0.0,0,0.22757525742053986,,0,0,0,0,0,0,0,0,0,0
noise+fake_front,clean+shift,41,19,CleanCoop,0,10,1,0.0,0,0.3315742611885071,,0,0,0,0,0,0,0,0,0,0
noise+fake_front,clean+shift,41,19,PrimaryRaw,0,10,1,0.3,3,0.41178762912750244,,0,0,0,0,0,0,0,0,0,0
noise+fake_front,clean+shift,41,19,PrimaryTrustCalib,0,10,1,0.3,3,0.41703274846076965,downweight,0,0,0,0,0,0,0,0,0,0
noise+fake_front,clean+shift,41,19,MultiPeerObjectGuard,0,10,1,0.3,3,0.3315742611885071,downweight,0,1,0,0,8,1,8,1,0,15
noise+fake_front,clean+shift,48,0,EgoOnly,0,10,1,0.3,3,0.1500997692346573,,0,0,0,0,0,0,0,0,0,0
noise+fake_front,clean+shift,48,0,CleanCoop,0,10,1,0.3,3,0.15068784356117249,,0,0,0,0,0,0,0,0,0,0
noise+fake_front,clean+shift,48,0,PrimaryRaw,0,10,1,1.0,10,0.14860433340072632,,0,0,0,0,0,0,0,0,0,0
noise+fake_front,clean+shift,48,0,PrimaryTrustCalib,0,10,1,1.0,10,0.14979834854602814,downweight,0,0,0,0,0,0,0,0,0,0
noise+fake_front,clean+shift,48,0,MultiPeerObjectGuard,0,10,1,1.0,10,0.15062478184700012,downweight,0,1,0,0,4,3,4,3,0,12
noise+fake_front,clean+shift,48,1,EgoOnly,0,10,1,0.3,3,0.14381533861160278,,0,0,0,0,0,0,0,0,0,0
noise+fake_front,clean+shift,48,1,CleanCoop,0,10,1,0.3,3,0.14554333686828613,,0,0,0,0,0,0,0,0,0,0
noise+fake_front,clean+shift,48,1,PrimaryRaw,0,10,1,1.0,10,0.14743316173553467,,0,0,0,0,0,0,0,0,0,0
noise+fake_front,clean+shift,48,1,PrimaryTrustCalib,0,10,1,1.0,10,0.14761137962341309,downweight,0,0,0,0,0,0,0,0,0,0
noise+fake_front,clean+shift,48,1,MultiPeerObjectGuard,0,10,1,1.0,10,0.14554333686828613,downweight,0,1,0,0,2,1,2,1,0,14
noise+fake_front,clean+shift,48,2,EgoOnly,0,10,1,0.3,3,0.15222841501235962,,0,0,0,0,0,0,0,0,0,0
noise+fake_front,clean+shift,48,2,CleanCoop,0,10,1,0.3,3,0.14246758818626404,,0,0,0,0,0,0,0,0,0,0
noise+fake_front,clean+shift,48,2,PrimaryRaw,0,10,1,1.0,10,0.14744378626346588,,0,0,0,0,0,0,0,0,0,0
noise+fake_front,clean+shift,48,2,PrimaryTrustCalib,0,10,1,1.0,10,0.14614062011241913,downweight,0,0,0,0,0,0,0,0,0,0
noise+fake_front,clean+shift,48,2,MultiPeerObjectGuard,0,10,1,1.0,10,0.1446485072374344,downweight,0,1,0,0,7,3,7,3,0,13
noise+fake_front,clean+shift,48,3,EgoOnly,0,10,1,0.3,3,0.14789125323295593,,0,0,0,0,0,0,0,0,0,0
noise+fake_front,clean+shift,48,3,CleanCoop,0,10,1,0.3,3,0.13624307513237,,0,0,0,0,0,0,0,0,0,0
noise+fake_front,clean+shift,48,3,PrimaryRaw,1,10,1,1.0,10,0.1375107616186142,,0,0,0,0,0,0,0,0,0,0
noise+fake_front,clean+shift,48,3,PrimaryTrustCalib,0,10,1,1.0,10,0.1363649070262909,downweight,0,0,0,0,0,0,0,0,0,0
noise+fake_front,clean+shift,48,3,MultiPeerObjectGuard,0,10,1,1.0,10,0.13624307513237,downweight,0,1,0,0,3,1,3,1,0,15
noise+fake_front,clean+shift,48,4,EgoOnly,0,10,1,0.2,2,0.13582871854305267,,0,0,0,0,0,0,0,0,0,0
noise+fake_front,clean+shift,48,4,CleanCoop,0,10,1,0.2,2,0.12643973529338837,,0,0,0,0,0,0,0,0,0,0
noise+fake_front,clean+shift,48,4,PrimaryRaw,1,10,1,1.0,10,0.12596936523914337,,0,0,0,0,0,0,0,0,0,0
noise+fake_front,clean+shift,48,4,PrimaryTrustCalib,0,10,1,1.0,10,0.12362802028656006,downweight,0,0,0,0,0,0,0,0,0,0
noise+fake_front,clean+shift,48,4,MultiPeerObjectGuard,0,10,1,1.0,10,0.12643973529338837,downweight,0,1,0,0,2,0,2,0,0,16
noise+fake_front,clean+shift,48,5,EgoOnly,0,10,1,0.2,2,0.14596647024154663,,0,0,0,0,0,0,0,0,0,0
noise+fake_front,clean+shift,48,5,CleanCoop,0,10,1,0.2,2,0.13892672955989838,,0,0,0,0,0,0,0,0,0,0
noise+fake_front,clean+shift,48,5,PrimaryRaw,1,10,1,1.0,10,0.13787950575351715,,0,0,0,0,0,0,0,0,0,0
noise+fake_front,clean+shift,48,5,PrimaryTrustCalib,1,10,1,1.0,10,0.1384747475385666,downweight,0,0,0,0,0,0,0,0,0,0
noise+fake_front,clean+shift,48,5,MultiPeerObjectGuard,1,10,1,1.0,10,0.13906556367874146,downweight,0,1,0,0,5,1,5,1,0,13
noise+fake_front,clean+shift,48,6,EgoOnly,0,10,1,0.1,1,0.14645522832870483,,0,0,0,0,0,0,0,0,0,0
noise+fake_front,clean+shift,48,6,CleanCoop,0,10,1,0.1,1,0.142168790102005,,0,0,0,0,0,0,0,0,0,0
noise+fake_front,clean+shift,48,6,PrimaryRaw,1,10,1,1.0,10,0.1461235135793686,,0,0,0,0,0,0,0,0,0,0
noise+fake_front,clean+shift,48,6,PrimaryTrustCalib,0,10,1,0.1,1,0.14645522832870483,quarantine,0,0,0,0,0,0,0,0,0,0
noise+fake_front,clean+shift,48,6,MultiPeerObjectGuard,0,10,1,0.1,1,0.142168790102005,quarantine,0,0,0,0,16,16,16,16,0,0
noise+fake_front,clean+shift,48,7,EgoOnly,0,10,0,0.0,0,0.13075391948223114,,0,0,0,0,0,0,0,0,0,0
noise+fake_front,clean+shift,48,7,CleanCoop,0,10,0,0.0,0,0.1438637673854828,,0,0,0,0,0,0,0,0,0,0
noise+fake_front,clean+shift,48,7,PrimaryRaw,1,10,1,1.0,10,0.13500574231147766,,0,0,0,0,0,0,0,0,0,0
noise+fake_front,clean+shift,48,7,PrimaryTrustCalib,1,10,1,1.0,10,0.13488563895225525,downweight,0,0,0,0,0,0,0,0,0,0
noise+fake_front,clean+shift,48,7,MultiPeerObjectGuard,1,10,1,1.0,10,0.14416509866714478,downweight,0,1,0,0,4,1,4,1,0,15
noise+fake_front,clean+shift,48,8,EgoOnly,0,10,0,0.0,0,0.12252696603536606,,0,0,0,0,0,0,0,0,0,0
noise+fake_front,clean+shift,48,8,CleanCoop,0,10,0,0.0,0,0.13393360376358032,,0,0,0,0,0,0,0,0,0,0
noise+fake_front,clean+shift,48,8,PrimaryRaw,0,10,1,1.0,10,0.13782458007335663,,0,0,0,0,0,0,0,0,0,0
noise+fake_front,clean+shift,48,8,PrimaryTrustCalib,0,10,1,1.0,10,0.13876593112945557,downweight,0,0,0,0,0,0,0,0,0,0
noise+fake_front,clean+shift,48,8,MultiPeerObjectGuard,0,10,1,1.0,10,0.13393360376358032,downweight,0,1,0,0,4,1,4,1,0,15
noise+fake_front,clean+shift,48,9,EgoOnly,0,10,0,0.0,0,0.1597805917263031,,0,0,0,0,0,0,0,0,0,0
noise+fake_front,clean+shift,48,9,CleanCoop,0,10,0,0.0,0,0.13794760406017303,,0,0,0,0,0,0,0,0,0,0
noise+fake_front,clean+shift,48,9,PrimaryRaw,0,10,1,1.0,10,0.13963262736797333,,0,0,0,0,0,0,0,0,0,0
noise+fake_front,clean+shift,48,9,PrimaryTrustCalib,0,10,1,1.0,10,0.14056043326854706,downweight,0,0,0,0,0,0,0,0,0,0
noise+fake_front,clean+shift,48,9,MultiPeerObjectGuard,0,10,1,1.0,10,0.13794760406017303,downweight,0,1,0,0,1,0,1,0,0,17
noise+fake_front,clean+shift,48,10,EgoOnly,0,10,0,0.0,0,0.14668256044387817,,0,0,0,0,0,0,0,0,0,0
noise+fake_front,clean+shift,48,10,CleanCoop,0,10,0,0.0,0,0.13846179842948914,,0,0,0,0,0,0,0,0,0,0
noise+fake_front,clean+shift,48,10,PrimaryRaw,0,10,1,1.0,10,0.13822254538536072,,0,0,0,0,0,0,0,0,0,0
noise+fake_front,clean+shift,48,10,PrimaryTrustCalib,0,10,1,1.0,10,0.13801947236061096,downweight,0,0,0,0,0,0,0,0,0,0
noise+fake_front,clean+shift,48,10,MultiPeerObjectGuard,0,10,1,1.0,10,0.13788369297981262,downweight,0,1,0,0,7,2,7,2,0,12
noise+fake_front,clean+shift,48,11,EgoOnly,0,10,0,0.0,0,0.17090672254562378,,0,0,0,0,0,0,0,0,0,0
noise+fake_front,clean+shift,48,11,CleanCoop,0,10,0,0.0,0,0.1416732668876648,,0,0,0,0,0,0,0,0,0,0
noise+fake_front,clean+shift,48,11,PrimaryRaw,0,10,1,1.0,10,0.14311692118644714,,0,0,0,0,0,0,0,0,0,0
noise+fake_front,clean+shift,48,11,PrimaryTrustCalib,0,10,1,1.0,10,0.14321006834506989,downweight,0,0,0,0,0,0,0,0,0,0
noise+fake_front,clean+shift,48,11,MultiPeerObjectGuard,0,10,1,1.0,10,0.1416732668876648,downweight,0,1,0,0,4,1,4,1,0,14
noise+fake_front,clean+shift,48,12,EgoOnly,0,10,0,0.0,0,0.1607835441827774,,0,0,0,0,0,0,0,0,0,0
noise+fake_front,clean+shift,48,12,CleanCoop,0,10,0,0.0,0,0.1643766313791275,,0,0,0,0,0,0,0,0,0,0
noise+fake_front,clean+shift,48,12,PrimaryRaw,0,10,1,1.0,10,0.1630961298942566,,0,0,0,0,0,0,0,0,0,0
noise+fake_front,clean+shift,48,12,PrimaryTrustCalib,4,10,1,1.0,10,0.16104629635810852,downweight,0,0,0,0,0,0,0,0,0,0
noise+fake_front,clean+shift,48,12,MultiPeerObjectGuard,4,10,1,1.0,10,0.1643766313791275,downweight,0,1,0,0,3,1,3,1,0,15
noise+fake_front,clean+shift,48,13,EgoOnly,0,10,1,0.2,2,0.21519114077091217,,0,0,0,0,0,0,0,0,0,0
noise+fake_front,clean+shift,48,13,CleanCoop,0,10,1,0.2,2,0.1632809042930603,,0,0,0,0,0,0,0,0,0,0
noise+fake_front,clean+shift,48,13,PrimaryRaw,0,10,1,1.0,10,0.15774068236351013,,0,0,0,0,0,0,0,0,0,0
noise+fake_front,clean+shift,48,13,PrimaryTrustCalib,0,10,1,1.0,10,0.1606014519929886,downweight,0,0,0,0,0,0,0,0,0,0
noise+fake_front,clean+shift,48,13,MultiPeerObjectGuard,0,10,1,1.0,10,0.1632809042930603,downweight,0,1,0,0,3,1,3,1,0,14
noise+fake_front,clean+shift,48,14,EgoOnly,0,10,1,0.2,2,0.18602381646633148,,0,0,0,0,0,0,0,0,0,0
noise+fake_front,clean+shift,48,14,CleanCoop,0,10,1,0.2,2,0.17839182913303375,,0,0,0,0,0,0,0,0,0,0
noise+fake_front,clean+shift,48,14,PrimaryRaw,0,10,1,1.0,10,0.18394112586975098,,0,0,0,0,0,0,0,0,0,0
noise+fake_front,clean+shift,48,14,PrimaryTrustCalib,0,10,1,0.2,2,0.18602381646633148,quarantine,0,0,0,0,0,0,0,0,0,0
noise+fake_front,clean+shift,48,14,MultiPeerObjectGuard,0,10,1,0.2,2,0.17839182913303375,quarantine,0,0,0,0,17,17,17,17,0,0
noise+fake_front,clean+shift,48,15,EgoOnly,0,10,1,0.2,2,0.21464546024799347,,0,0,0,0,0,0,0,0,0,0
noise+fake_front,clean+shift,48,15,CleanCoop,0,10,1,0.2,2,0.167792409658432,,0,0,0,0,0,0,0,0,0,0
noise+fake_front,clean+shift,48,15,PrimaryRaw,0,10,1,1.0,10,0.1645626425743103,,0,0,0,0,0,0,0,0,0,0
noise+fake_front,clean+shift,48,15,PrimaryTrustCalib,0,10,1,1.0,10,0.16442178189754486,downweight,0,0,0,0,0,0,0,0,0,0
noise+fake_front,clean+shift,48,15,MultiPeerObjectGuard,0,10,1,1.0,10,0.16832387447357178,downweight,0,1,0,0,5,1,5,1,0,15
noise+fake_front,clean+shift,48,16,EgoOnly,0,10,1,0.2,2,0.2323460727930069,,0,0,0,0,0,0,0,0,0,0
noise+fake_front,clean+shift,48,16,CleanCoop,0,10,1,0.2,2,0.16345064342021942,,0,0,0,0,0,0,0,0,0,0
noise+fake_front,clean+shift,48,16,PrimaryRaw,0,10,1,1.0,10,0.16291362047195435,,0,0,0,0,0,0,0,0,0,0
noise+fake_front,clean+shift,48,16,PrimaryTrustCalib,0,10,1,1.0,10,0.16397199034690857,downweight,0,0,0,0,0,0,0,0,0,0
noise+fake_front,clean+shift,48,16,MultiPeerObjectGuard,0,10,1,1.0,10,0.16335217654705048,downweight,0,1,0,0,5,4,5,4,0,11
noise+fake_front,clean+shift,48,17,EgoOnly,0,10,1,0.0,0,0.4128149449825287,,0,0,0,0,0,0,0,0,0,0
noise+fake_front,clean+shift,48,17,CleanCoop,0,10,1,0.2,2,0.18799735605716705,,0,0,0,0,0,0,0,0,0,0
noise+fake_front,clean+shift,48,17,PrimaryRaw,0,10,1,1.0,10,0.1905740350484848,,0,0,0,0,0,0,0,0,0,0
noise+fake_front,clean+shift,48,17,PrimaryTrustCalib,0,10,1,0.0,0,0.4128149449825287,quarantine,0,0,0,0,0,0,0,0,0,0
noise+fake_front,clean+shift,48,17,MultiPeerObjectGuard,0,10,1,0.2,2,0.18799735605716705,quarantine,0,0,0,0,20,20,20,20,0,0
noise+fake_front,clean+shift,48,18,EgoOnly,2,10,0,0.0,0,0.17490296065807343,,0,0,0,0,0,0,0,0,0,0
noise+fake_front,clean+shift,48,18,CleanCoop,0,10,1,0.4,4,0.20110535621643066,,0,0,0,0,0,0,0,0,0,0
noise+fake_front,clean+shift,48,18,PrimaryRaw,0,10,1,1.0,10,0.1897381693124771,,0,0,0,0,0,0,0,0,0,0
noise+fake_front,clean+shift,48,18,PrimaryTrustCalib,0,10,1,1.0,10,0.19321057200431824,downweight,0,0,0,0,0,0,0,0,0,0
noise+fake_front,clean+shift,48,18,MultiPeerObjectGuard,0,10,1,1.0,10,0.20115531980991364,downweight,0,1,0,0,2,1,2,1,0,17
noise+fake_front,clean+shift,48,19,EgoOnly,3,10,0,0.0,0,0.17534078657627106,,0,0,0,0,0,0,0,0,0,0
noise+fake_front,clean+shift,48,19,CleanCoop,1,10,1,0.8,8,0.19903235137462616,,0,0,0,0,0,0,0,0,0,0
noise+fake_front,clean+shift,48,19,PrimaryRaw,0,10,1,1.0,10,0.19584651291370392,,0,0,0,0,0,0,0,0,0,0
noise+fake_front,clean+shift,48,19,PrimaryTrustCalib,0,10,1,1.0,10,0.20394307374954224,downweight,0,0,0,0,0,0,0,0,0,0
noise+fake_front,clean+shift,48,19,MultiPeerObjectGuard,0,10,1,1.0,10,0.19903235137462616,downweight,0,1,0,0,5,2,5,2,0,19
noise+fake_front,clean+shift,51,0,EgoOnly,0,10,1,0.2,2,0.153463214635849,,0,0,0,0,0,0,0,0,0,0
noise+fake_front,clean+shift,51,0,CleanCoop,3,10,1,0.9,9,0.14610886573791504,,0,0,0,0,0,0,0,0,0,0
noise+fake_front,clean+shift,51,0,PrimaryRaw,0,10,1,1.0,10,0.14864423871040344,,0,0,0,0,0,0,0,0,0,0
noise+fake_front,clean+shift,51,0,PrimaryTrustCalib,1,10,1,1.0,10,0.14980614185333252,downweight,0,0,0,0,0,0,0,0,0,0
noise+fake_front,clean+shift,51,0,MultiPeerObjectGuard,1,10,1,1.0,10,0.14610886573791504,downweight,0,1,0,0,7,2,7,2,0,19
noise+fake_front,clean+shift,51,1,EgoOnly,0,10,1,0.2,2,0.1537245362997055,,0,0,0,0,0,0,0,0,0,0
noise+fake_front,clean+shift,51,1,CleanCoop,2,10,1,0.9,9,0.14493833482265472,,0,0,0,0,0,0,0,0,0,0
noise+fake_front,clean+shift,51,1,PrimaryRaw,0,10,1,1.0,10,0.14185918867588043,,0,0,0,0,0,0,0,0,0,0
noise+fake_front,clean+shift,51,1,PrimaryTrustCalib,0,10,1,1.0,10,0.14185237884521484,downweight,0,0,0,0,0,0,0,0,0,0
noise+fake_front,clean+shift,51,1,MultiPeerObjectGuard,0,10,1,1.0,10,0.14493833482265472,downweight,0,1,0,0,2,0,2,0,0,22
noise+fake_front,clean+shift,51,2,EgoOnly,0,10,1,0.2,2,0.15420682728290558,,0,0,0,0,0,0,0,0,0,0
noise+fake_front,clean+shift,51,2,CleanCoop,0,10,1,0.8,8,0.14263398945331573,,0,0,0,0,0,0,0,0,0,0
noise+fake_front,clean+shift,51,2,PrimaryRaw,0,10,1,1.0,10,0.14331859350204468,,0,0,0,0,0,0,0,0,0,0
noise+fake_front,clean+shift,51,2,PrimaryTrustCalib,0,10,1,0.2,2,0.15420682728290558,quarantine,0,0,0,0,0,0,0,0,0,0
noise+fake_front,clean+shift,51,2,MultiPeerObjectGuard,0,10,1,0.8,8,0.14263398945331573,quarantine,0,0,0,0,22,22,22,22,0,0
noise+fake_front,clean+shift,51,3,EgoOnly,0,10,1,0.1,1,0.15106184780597687,,0,0,0,0,0,0,0,0,0,0
noise+fake_front,clean+shift,51,3,CleanCoop,1,10,1,0.7,7,0.13640965521335602,,0,0,0,0,0,0,0,0,0,0
noise+fake_front,clean+shift,51,3,PrimaryRaw,1,10,1,1.0,10,0.13688574731349945,,0,0,0,0,0,0,0,0,0,0
noise+fake_front,clean+shift,51,3,PrimaryTrustCalib,4,10,1,1.0,10,0.1373707801103592,downweight,0,0,0,0,0,0,0,0,0,0
noise+fake_front,clean+shift,51,3,MultiPeerObjectGuard,3,10,1,1.0,10,0.13640965521335602,downweight,0,1,0,0,7,1,7,1,0,21
noise+fake_front,clean+shift,51,4,EgoOnly,0,10,1,0.4,4,0.1549200415611267,,0,0,0,0,0,0,0,0,0,0
noise+fake_front,clean+shift,51,4,CleanCoop,0,10,1,0.4,4,0.1549200415611267,,0,0,0,0,0,0,0,0,0,0
noise+fake_front,clean+shift,51,4,PrimaryRaw,0,10,1,1.0,10,0.1549200415611267,,0,0,0,0,0,0,0,0,0,0
noise+fake_front,clean+shift,51,4,PrimaryTrustCalib,2,10,1,1.0,10,0.1549200415611267,downweight,0,0,0,0,0,0,0,0,0,0
noise+fake_front,clean+shift,51,4,MultiPeerObjectGuard,2,10,1,1.0,10,0.1549200415611267,downweight,0,1,0,0,6,2,6,2,0,18
noise+fake_front,clean+shift,51,5,EgoOnly,0,10,1,0.4,4,0.15575920045375824,,0,0,0,0,0,0,0,0,0,0
noise+fake_front,clean+shift,51,5,CleanCoop,0,10,1,0.4,4,0.15575920045375824,,0,0,0,0,0,0,0,0,0,0
noise+fake_front,clean+shift,51,5,PrimaryRaw,0,10,1,1.0,10,0.15575920045375824,,0,0,0,0,0,0,0,0,0,0
noise+fake_front,clean+shift,51,5,PrimaryTrustCalib,0,10,1,1.0,10,0.15575920045375824,downweight,0,0,0,0,0,0,0,0,0,0
noise+fake_front,clean+shift,51,5,MultiPeerObjectGuard,0,10,1,1.0,10,0.15575920045375824,downweight,0,1,0,0,7,2,7,2,0,18
noise+fake_front,clean+shift,51,6,EgoOnly,0,10,1,0.3,3,0.15261702239513397,,0,0,0,0,0,0,0,0,0,0
noise+fake_front,clean+shift,51,6,CleanCoop,0,10,1,0.3,3,0.14210116863250732,,0,0,0,0,0,0,0,0,0,0
noise+fake_front,clean+shift,51,6,PrimaryRaw,0,10,1,1.0,10,0.141444593667984,,0,0,0,0,0,0,0,0,0,0
noise+fake_front,clean+shift,51,6,PrimaryTrustCalib,1,10,1,1.0,10,0.14155761897563934,downweight,0,0,0,0,0,0,0,0,0,0
noise+fake_front,clean+shift,51,6,MultiPeerObjectGuard,1,10,1,1.0,10,0.14210116863250732,downweight,0,1,0,0,4,3,4,3,0,18
noise+fake_front,clean+shift,51,7,EgoOnly,0,10,1,0.2,2,0.14760179817676544,,0,0,0,0,0,0,0,0,0,0
noise+fake_front,clean+shift,51,7,CleanCoop,0,10,1,0.2,2,0.12947477400302887,,0,0,0,0,0,0,0,0,0,0
noise+fake_front,clean+shift,51,7,PrimaryRaw,0,10,1,1.0,10,0.12746383249759674,,0,0,0,0,0,0,0,0,0,0
noise+fake_front,clean+shift,51,7,PrimaryTrustCalib,1,10,1,1.0,10,0.12760955095291138,downweight,0,0,0,0,0,0,0,0,0,0
noise+fake_front,clean+shift,51,7,MultiPeerObjectGuard,1,10,1,1.0,10,0.12947477400302887,downweight,0,1,0,0,3,2,3,2,0,19
noise+fake_front,clean+shift,51,8,EgoOnly,0,10,1,0.1,1,0.14599643647670746,,0,0,0,0,0,0,0,0,0,0
noise+fake_front,clean+shift,51,8,CleanCoop,0,10,1,0.1,1,0.14599643647670746,,0,0,0,0,0,0,0,0,0,0
noise+fake_front,clean+shift,51,8,PrimaryRaw,0,10,1,1.0,10,0.14599643647670746,,0,0,0,0,0,0,0,0,0,0
noise+fake_front,clean+shift,51,8,PrimaryTrustCalib,0,10,1,1.0,10,0.14599643647670746,downweight,0,0,0,0,0,0,0,0,0,0
noise+fake_front,clean+shift,51,8,MultiPeerObjectGuard,0,10,1,1.0,10,0.14599643647670746,downweight,0,1,0,0,4,1,4,1,0,17
noise+fake_front,clean+shift,51,9,EgoOnly,0,10,1,0.1,1,0.14021654427051544,,0,0,0,0,0,0,0,0,0,0
noise+fake_front,clean+shift,51,9,CleanCoop,0,10,1,0.1,1,0.14021654427051544,,0,0,0,0,0,0,0,0,0,0
noise+fake_front,clean+shift,51,9,PrimaryRaw,0,10,1,1.0,10,0.14021654427051544,,0,0,0,0,0,0,0,0,0,0
noise+fake_front,clean+shift,51,9,PrimaryTrustCalib,0,10,1,0.1,1,0.14021654427051544,quarantine,0,0,0,0,0,0,0,0,0,0
noise+fake_front,clean+shift,51,9,MultiPeerObjectGuard,0,10,1,0.1,1,0.14021654427051544,quarantine,0,0,0,0,18,18,18,18,0,0
noise+fake_front,clean+shift,51,10,EgoOnly,0,10,1,0.1,1,0.1299562305212021,,0,0,0,0,0,0,0,0,0,0
noise+fake_front,clean+shift,51,10,CleanCoop,0,10,1,0.1,1,0.09632452577352524,,0,0,0,0,0,0,0,0,0,0
noise+fake_front,clean+shift,51,10,PrimaryRaw,0,10,1,1.0,10,0.0957738384604454,,0,0,0,0,0,0,0,0,0,0
noise+fake_front,clean+shift,51,10,PrimaryTrustCalib,2,10,1,1.0,10,0.09581109136343002,downweight,0,0,0,0,0,0,0,0,0,0
noise+fake_front,clean+shift,51,10,MultiPeerObjectGuard,2,10,1,1.0,10,0.09632452577352524,downweight,0,1,0,0,6,1,6,1,0,19
noise+fake_front,clean+shift,51,11,EgoOnly,0,10,1,0.1,1,0.1314845085144043,,0,0,0,0,0,0,0,0,0,0
noise+fake_front,clean+shift,51,11,CleanCoop,0,10,1,0.1,1,0.11474549770355225,,0,0,0,0,0,0,0,0,0,0
noise+fake_front,clean+shift,51,11,PrimaryRaw,0,10,1,1.0,10,0.10978996008634567,,0,0,0,0,0,0,0,0,0,0
noise+fake_front,clean+shift,51,11,PrimaryTrustCalib,0,10,1,1.0,10,0.11052048206329346,downweight,0,0,0,0,0,0,0,0,0,0
noise+fake_front,clean+shift,51,11,MultiPeerObjectGuard,0,10,1,1.0,10,0.11474549770355225,downweight,0,1,0,0,7,2,7,2,0,19
noise+fake_front,clean+shift,51,12,EgoOnly,0,10,1,0.2,2,0.13869954645633698,,0,0,0,0,0,0,0,0,0,0
noise+fake_front,clean+shift,51,12,CleanCoop,0,10,1,0.2,2,0.09985850006341934,,0,0,0,0,0,0,0,0,0,0
noise+fake_front,clean+shift,51,12,PrimaryRaw,0,10,1,1.0,10,0.09958707541227341,,0,0,0,0,0,0,0,0,0,0
noise+fake_front,clean+shift,51,12,PrimaryTrustCalib,0,10,1,1.0,10,0.09934412688016891,downweight,0,0,0,0,0,0,0,0,0,0
noise+fake_front,clean+shift,51,12,MultiPeerObjectGuard,0,10,1,1.0,10,0.09985850006341934,downweight,0,1,0,0,3,1,3,1,0,19
noise+fake_front,clean+shift,51,13,EgoOnly,0,10,1,0.1,1,0.13432563841342926,,0,0,0,0,0,0,0,0,0,0
noise+fake_front,clean+shift,51,13,CleanCoop,0,10,1,0.1,1,0.11732093244791031,,0,0,0,0,0,0,0,0,0,0
noise+fake_front,clean+shift,51,13,PrimaryRaw,0,10,1,1.0,10,0.12093989551067352,,0,0,0,0,0,0,0,0,0,0
noise+fake_front,clean+shift,51,13,PrimaryTrustCalib,1,10,1,1.0,10,0.12229626625776291,downweight,0,0,0,0,0,0,0,0,0,0
noise+fake_front,clean+shift,51,13,MultiPeerObjectGuard,1,10,1,1.0,10,0.11909208446741104,downweight,0,1,0,0,11,6,11,6,0,17
noise+fake_front,clean+shift,51,14,EgoOnly,0,10,1,0.3,3,0.13579681515693665,,0,0,0,0,0,0,0,0,0,0
noise+fake_front,clean+shift,51,14,CleanCoop,0,10,1,0.3,3,0.1192258968949318,,0,0,0,0,0,0,0,0,0,0
noise+fake_front,clean+shift,51,14,PrimaryRaw,0,10,1,1.0,10,0.12610740959644318,,0,0,0,0,0,0,0,0,0,0
noise+fake_front,clean+shift,51,14,PrimaryTrustCalib,0,10,1,0.3,3,0.13579681515693665,quarantine,0,0,0,0,0,0,0,0,0,0
noise+fake_front,clean+shift,51,14,MultiPeerObjectGuard,0,10,1,0.3,3,0.1192258968949318,quarantine,0,0,0,0,21,21,21,21,0,0
noise+fake_front,clean+shift,51,15,EgoOnly,0,10,1,0.2,2,0.135295107960701,,0,0,0,0,0,0,0,0,0,0
noise+fake_front,clean+shift,51,15,CleanCoop,0,10,1,0.2,2,0.11708758771419525,,0,0,0,0,0,0,0,0,0,0
noise+fake_front,clean+shift,51,15,PrimaryRaw,0,10,1,1.0,10,0.11463826149702072,,0,0,0,0,0,0,0,0,0,0
noise+fake_front,clean+shift,51,15,PrimaryTrustCalib,0,10,1,1.0,10,0.1143920049071312,downweight,0,0,0,0,0,0,0,0,0,0
noise+fake_front,clean+shift,51,15,MultiPeerObjectGuard,0,10,1,1.0,10,0.11719122529029846,downweight,0,1,0,0,4,2,4,2,0,21
noise+fake_front,clean+shift,51,16,EgoOnly,0,10,1,0.2,2,0.14619138836860657,,0,0,0,0,0,0,0,0,0,0
noise+fake_front,clean+shift,51,16,CleanCoop,0,10,1,0.2,2,0.1121356263756752,,0,0,0,0,0,0,0,0,0,0
noise+fake_front,clean+shift,51,16,PrimaryRaw,0,10,1,1.0,10,0.11315427720546722,,0,0,0,0,0,0,0,0,0,0
noise+fake_front,clean+shift,51,16,PrimaryTrustCalib,0,10,1,1.0,10,0.11244595795869827,downweight,0,0,0,0,0,0,0,0,0,0
noise+fake_front,clean+shift,51,16,MultiPeerObjectGuard,0,10,1,1.0,10,0.1121356263756752,downweight,0,1,0,0,8,4,8,4,0,16
noise+fake_front,clean+shift,51,17,EgoOnly,0,10,1,0.2,2,0.17738620936870575,,0,0,0,0,0,0,0,0,0,0
noise+fake_front,clean+shift,51,17,CleanCoop,0,10,1,0.2,2,0.11822301894426346,,0,0,0,0,0,0,0,0,0,0
noise+fake_front,clean+shift,51,17,PrimaryRaw,0,10,1,1.0,10,0.1175662949681282,,0,0,0,0,0,0,0,0,0,0
noise+fake_front,clean+shift,51,17,PrimaryTrustCalib,0,10,1,0.2,2,0.17738620936870575,quarantine,0,0,0,0,0,0,0,0,0,0
noise+fake_front,clean+shift,51,17,MultiPeerObjectGuard,0,10,1,0.2,2,0.11822301894426346,quarantine,0,0,0,0,22,21,22,21,0,0
noise+fake_front,clean+shift,51,18,EgoOnly,0,10,1,0.2,2,0.20916342735290527,,0,0,0,0,0,0,0,0,0,0
noise+fake_front,clean+shift,51,18,CleanCoop,0,10,1,0.2,2,0.16123582422733307,,0,0,0,0,0,0,0,0,0,0
noise+fake_front,clean+shift,51,18,PrimaryRaw,0,10,1,1.0,10,0.15712229907512665,,0,0,0,0,0,0,0,0,0,0
noise+fake_front,clean+shift,51,18,PrimaryTrustCalib,0,10,1,1.0,10,0.15672142803668976,downweight,0,0,0,0,0,0,0,0,0,0
noise+fake_front,clean+shift,51,18,MultiPeerObjectGuard,0,10,1,1.0,10,0.15672142803668976,downweight,0,1,0,0,7,4,7,4,0,17
noise+fake_front,clean+shift,51,19,EgoOnly,0,10,1,0.2,2,0.23094622790813446,,0,0,0,0,0,0,0,0,0,0
noise+fake_front,clean+shift,51,19,CleanCoop,0,10,1,0.2,2,0.11184413731098175,,0,0,0,0,0,0,0,0,0,0
noise+fake_front,clean+shift,51,19,PrimaryRaw,1,10,1,1.0,10,0.1093454658985138,,0,0,0,0,0,0,0,0,0,0
noise+fake_front,clean+shift,51,19,PrimaryTrustCalib,0,10,1,0.2,2,0.23094622790813446,quarantine,0,0,0,0,0,0,0,0,0,0
noise+fake_front,clean+shift,51,19,MultiPeerObjectGuard,0,10,1,0.2,2,0.11184413731098175,quarantine,0,0,0,0,21,20,21,20,0,0
noise+fake_front,clean+shift,55,0,EgoOnly,0,10,0,0.0,0,0.1535462886095047,,0,0,0,0,0,0,0,0,0,0
noise+fake_front,clean+shift,55,0,CleanCoop,0,10,0,0.0,0,0.1697874814271927,,0,0,0,0,0,0,0,0,0,0
noise+fake_front,clean+shift,55,0,PrimaryRaw,0,10,1,1.0,10,0.16954201459884644,,0,0,0,0,0,0,0,0,0,0
noise+fake_front,clean+shift,55,0,PrimaryTrustCalib,2,10,1,1.0,10,0.16991274058818817,downweight,0,0,0,0,0,0,0,0,0,0
noise+fake_front,clean+shift,55,0,MultiPeerObjectGuard,2,10,1,1.0,10,0.1697874814271927,downweight,0,1,0,0,6,2,6,2,0,24
noise+fake_front,clean+shift,55,1,EgoOnly,0,10,0,0.0,0,0.15330134332180023,,0,0,0,0,0,0,0,0,0,0
noise+fake_front,clean+shift,55,1,CleanCoop,0,10,0,0.0,0,0.16988931596279144,,0,0,0,0,0,0,0,0,0,0
noise+fake_front,clean+shift,55,1,PrimaryRaw,0,10,1,1.0,10,0.17217379808425903,,0,0,0,0,0,0,0,0,0,0
noise+fake_front,clean+shift,55,1,PrimaryTrustCalib,2,10,1,1.0,10,0.17282521724700928,downweight,0,0,0,0,0,0,0,0,0,0
noise+fake_front,clean+shift,55,1,MultiPeerObjectGuard,2,10,1,1.0,10,0.16988931596279144,downweight,0,1,0,0,5,1,5,1,0,25
noise+fake_front,clean+shift,55,2,EgoOnly,0,10,0,0.0,0,0.2050769329071045,,0,0,0,0,0,0,0,0,0,0
noise+fake_front,clean+shift,55,2,CleanCoop,0,10,0,0.0,0,0.18493962287902832,,0,0,0,0,0,0,0,0,0,0
noise+fake_front,clean+shift,55,2,PrimaryRaw,0,10,1,1.0,10,0.17991863191127777,,0,0,0,0,0,0,0,0,0,0
noise+fake_front,clean+shift,55,2,PrimaryTrustCalib,0,10,0,0.0,0,0.2050769329071045,quarantine,0,0,0,0,0,0,0,0,0,0
noise+fake_front,clean+shift,55,2,MultiPeerObjectGuard,0,10,0,0.0,0,0.14882439374923706,quarantine,0,0,0,0,27,24,27,24,0,0
noise+fake_front,clean+shift,55,3,EgoOnly,0,10,0,0.0,0,0.15083439648151398,,0,0,0,0,0,0,0,0,0,0
noise+fake_front,clean+shift,55,3,CleanCoop,0,10,0,0.0,0,0.18732549250125885,,0,0,0,0,0,0,0,0,0,0
noise+fake_front,clean+shift,55,3,PrimaryRaw,0,10,1,1.0,10,0.1868816465139389,,0,0,0,0,0,0,0,0,0,0
noise+fake_front,clean+shift,55,3,PrimaryTrustCalib,0,10,1,1.0,10,0.18753205239772797,downweight,0,0,0,0,0,0,0,0,0,0
noise+fake_front,clean+shift,55,3,MultiPeerObjectGuard,0,10,1,1.0,10,0.18732549250125885,downweight,0,1,0,0,6,2,6,2,0,24
noise+fake_front,clean+shift,55,4,EgoOnly,0,10,0,0.0,0,0.15678870677947998,,0,0,0,0,0,0,0,0,0,0
noise+fake_front,clean+shift,55,4,CleanCoop,0,10,0,0.0,0,0.1963696926832199,,0,0,0,0,0,0,0,0,0,0
noise+fake_front,clean+shift,55,4,PrimaryRaw,0,10,1,1.0,10,0.19396540522575378,,0,0,0,0,0,0,0,0,0,0
noise+fake_front,clean+shift,55,4,PrimaryTrustCalib,0,10,1,1.0,10,0.19419987499713898,downweight,0,0,0,0,0,0,0,0,0,0
noise+fake_front,clean+shift,55,4,MultiPeerObjectGuard,0,10,1,1.0,10,0.1963696926832199,downweight,0,1,0,0,7,2,7,2,0,24
noise+fake_front,clean+shift,55,5,EgoOnly,0,10,0,0.0,0,0.1645635962486267,,0,0,0,0,0,0,0,0,0,0
noise+fake_front,clean+shift,55,5,CleanCoop,0,10,0,0.0,0,0.19417080283164978,,0,0,0,0,0,0,0,0,0,0
noise+fake_front,clean+shift,55,5,PrimaryRaw,0,10,1,1.0,10,0.19769981503486633,,0,0,0,0,0,0,0,0,0,0
noise+fake_front,clean+shift,55,5,PrimaryTrustCalib,0,10,1,1.0,10,0.19880300760269165,downweight,0,0,0,0,0,0,0,0,0,0
noise+fake_front,clean+shift,55,5,MultiPeerObjectGuard,0,10,1,1.0,10,0.19417080283164978,downweight,0,1,0,0,3,2,3,2,0,25
noise+fake_front,clean+shift,55,6,EgoOnly,0,10,0,0.0,0,0.15613125264644623,,0,0,0,0,0,0,0,0,0,0
noise+fake_front,clean+shift,55,6,CleanCoop,0,10,0,0.0,0,0.2084706574678421,,0,0,0,0,0,0,0,0,0,0
noise+fake_front,clean+shift,55,6,PrimaryRaw,0,10,1,1.0,10,0.20483970642089844,,0,0,0,0,0,0,0,0,0,0
noise+fake_front,clean+shift,55,6,PrimaryTrustCalib,0,10,1,1.0,10,0.20495982468128204,downweight,0,0,0,0,0,0,0,0,0,0
noise+fake_front,clean+shift,55,6,MultiPeerObjectGuard,0,10,1,1.0,10,0.2084706574678421,downweight,0,1,0,0,6,1,6,1,0,25
noise+fake_front,clean+shift,55,7,EgoOnly,0,10,0,0.0,0,0.14738598465919495,,0,0,0,0,0,0,0,0,0,0
noise+fake_front,clean+shift,55,7,CleanCoop,0,10,0,0.0,0,0.21063931286334991,,0,0,0,0,0,0,0,0,0,0
noise+fake_front,clean+shift,55,7,PrimaryRaw,0,10,1,1.0,10,0.21537044644355774,,0,0,0,0,0,0,0,0,0,0
noise+fake_front,clean+shift,55,7,PrimaryTrustCalib,0,10,1,1.0,10,0.21581533551216125,downweight,0,0,0,0,0,0,0,0,0,0
noise+fake_front,clean+shift,55,7,MultiPeerObjectGuard,0,10,1,1.0,10,0.21063931286334991,downweight,0,1,0,0,7,1,7,1,0,27
noise+fake_front,clean+shift,55,8,EgoOnly,0,10,0,0.0,0,0.15820404887199402,,0,0,0,0,0,0,0,0,0,0
noise+fake_front,clean+shift,55,8,CleanCoop,0,10,0,0.0,0,0.22990389168262482,,0,0,0,0,0,0,0,0,0,0
noise+fake_front,clean+shift,55,8,PrimaryRaw,0,10,1,1.0,10,0.241572305560112,,0,0,0,0,0,0,0,0,0,0
noise+fake_front,clean+shift,55,8,PrimaryTrustCalib,0,10,1,1.0,10,0.2411230206489563,downweight,0,0,0,0,0,0,0,0,0,0
noise+fake_front,clean+shift,55,8,MultiPeerObjectGuard,0,10,1,1.0,10,0.22990389168262482,downweight,0,1,0,0,6,1,6,1,0,29
noise+fake_front,clean+shift,55,9,EgoOnly,0,10,0,0.0,0,0.24365457892417908,,0,0,0,0,0,0,0,0,0,0
noise+fake_front,clean+shift,55,9,CleanCoop,0,10,0,0.0,0,0.18344126641750336,,0,0,0,0,0,0,0,0,0,0
noise+fake_front,clean+shift,55,9,PrimaryRaw,0,10,1,1.0,10,0.18400071561336517,,0,0,0,0,0,0,0,0,0,0
noise+fake_front,clean+shift,55,9,PrimaryTrustCalib,0,10,1,1.0,10,0.18399080634117126,downweight,0,0,0,0,0,0,0,0,0,0
noise+fake_front,clean+shift,55,9,MultiPeerObjectGuard,0,10,1,1.0,10,0.18526378273963928,downweight,0,1,0,0,5,2,5,2,0,26
noise+fake_front,clean+shift,55,10,EgoOnly,0,10,0,0.0,0,0.2374626100063324,,0,0,0,0,0,0,0,0,0,0
noise+fake_front,clean+shift,55,10,CleanCoop,0,10,0,0.0,0,0.19096757471561432,,0,0,0,0,0,0,0,0,0,0
noise+fake_front,clean+shift,55,10,PrimaryRaw,0,10,1,1.0,10,0.18996796011924744,,0,0,0,0,0,0,0,0,0,0
noise+fake_front,clean+shift,55,10,PrimaryTrustCalib,0,10,1,1.0,10,0.18970055878162384,downweight,0,0,0,0,0,0,0,0,0,0
noise+fake_front,clean+shift,55,10,MultiPeerObjectGuard,0,10,1,1.0,10,0.19096757471561432,downweight,0,1,0,0,8,3,8,3,0,25
noise+fake_front,clean+shift,55,11,EgoOnly,0,10,0,0.0,0,0.22594159841537476,,0,0,0,0,0,0,0,0,0,0
noise+fake_front,clean+shift,55,11,CleanCoop,0,10,0,0.0,0,0.19796541333198547,,0,0,0,0,0,0,0,0,0,0
noise+fake_front,clean+shift,55,11,PrimaryRaw,0,10,1,0.9,9,0.19521991908550262,,0,0,0,0,0,0,0,0,0,0
noise+fake_front,clean+shift,55,11,PrimaryTrustCalib,0,10,1,0.9,9,0.19524414837360382,downweight,0,0,0,0,0,0,0,0,0,0
noise+fake_front,clean+shift,55,11,MultiPeerObjectGuard,0,10,1,0.9,9,0.19822204113006592,downweight,0,1,0,0,4,3,4,3,0,27
noise+fake_front,clean+shift,55,12,EgoOnly,0,10,0,0.0,0,0.2251756191253662,,0,0,0,0,0,0,0,0,0,0
noise+fake_front,clean+shift,55,12,CleanCoop,0,10,0,0.0,0,0.18132798373699188,,0,0,0,0,0,0,0,0,0,0
noise+fake_front,clean+shift,55,12,PrimaryRaw,0,10,1,0.8,8,0.18101255595684052,,0,0,0,0,0,0,0,0,0,0
noise+fake_front,clean+shift,55,12,PrimaryTrustCalib,0,10,1,0.9,9,0.17887145280838013,downweight,0,0,0,0,0,0,0,0,0,0
noise+fake_front,clean+shift,55,12,MultiPeerObjectGuard,0,10,1,0.9,9,0.18132798373699188,downweight,0,1,0,0,5,2,5,2,0,26
noise+fake_front,clean+shift,55,13,EgoOnly,0,10,0,0.0,0,0.22245875000953674,,0,0,0,0,0,0,0,0,0,0
noise+fake_front,clean+shift,55,13,CleanCoop,0,10,0,0.0,0,0.17817921936511993,,0,0,0,0,0,0,0,0,0,0
noise+fake_front,clean+shift,55,13,PrimaryRaw,0,10,1,0.8,8,0.18068155646324158,,0,0,0,0,0,0,0,0,0,0
noise+fake_front,clean+shift,55,13,PrimaryTrustCalib,0,10,0,0.0,0,0.22245875000953674,quarantine,0,0,0,0,0,0,0,0,0,0
noise+fake_front,clean+shift,55,13,MultiPeerObjectGuard,0,10,0,0.0,0,0.17170272767543793,quarantine,0,0,0,0,29,27,29,27,0,0
noise+fake_front,clean+shift,55,14,EgoOnly,0,10,0,0.0,0,0.2229672521352768,,0,0,0,0,0,0,0,0,0,0
noise+fake_front,clean+shift,55,14,CleanCoop,0,10,0,0.0,0,0.23132646083831787,,0,0,0,0,0,0,0,0,0,0
noise+fake_front,clean+shift,55,14,PrimaryRaw,0,10,1,0.8,8,0.23339280486106873,,0,0,0,0,0,0,0,0,0,0
noise+fake_front,clean+shift,55,14,PrimaryTrustCalib,0,10,1,0.8,8,0.2344650775194168,downweight,0,0,0,0,0,0,0,0,0,0
noise+fake_front,clean+shift,55,14,MultiPeerObjectGuard,0,10,1,0.8,8,0.23132094740867615,downweight,0,1,0,0,6,3,6,3,0,25
noise+fake_front,clean+shift,55,15,EgoOnly,0,10,0,0.0,0,0.1943691521883011,,0,0,0,0,0,0,0,0,0,0
noise+fake_front,clean+shift,55,15,CleanCoop,0,10,0,0.0,0,0.17653268575668335,,0,0,0,0,0,0,0,0,0,0
noise+fake_front,clean+shift,55,15,PrimaryRaw,0,10,1,0.7,7,0.1764969825744629,,0,0,0,0,0,0,0,0,0,0
noise+fake_front,clean+shift,55,15,PrimaryTrustCalib,0,10,1,0.8,8,0.17886808514595032,downweight,0,0,0,0,0,0,0,0,0,0
noise+fake_front,clean+shift,55,15,MultiPeerObjectGuard,0,10,1,0.8,8,0.17653268575668335,downweight,0,1,0,0,10,3,10,3,0,24
noise+fake_front,clean+shift,55,16,EgoOnly,0,10,0,0.0,0,0.1914951503276825,,0,0,0,0,0,0,0,0,0,0
noise+fake_front,clean+shift,55,16,CleanCoop,0,10,0,0.0,0,0.22000625729560852,,0,0,0,0,0,0,0,0,0,0
noise+fake_front,clean+shift,55,16,PrimaryRaw,0,10,1,0.7,7,0.22154054045677185,,0,0,0,0,0,0,0,0,0,0
noise+fake_front,clean+shift,55,16,PrimaryTrustCalib,0,10,1,0.7,7,0.22129769623279572,downweight,0,0,0,0,0,0,0,0,0,0
noise+fake_front,clean+shift,55,16,MultiPeerObjectGuard,0,10,1,0.7,7,0.21949933469295502,downweight,0,1,0,0,9,2,9,2,0,26
noise+fake_front,clean+shift,55,17,EgoOnly,0,10,0,0.0,0,0.18938636779785156,,0,0,0,0,0,0,0,0,0,0
noise+fake_front,clean+shift,55,17,CleanCoop,0,10,0,0.0,0,0.2032071202993393,,0,0,0,0,0,0,0,0,0,0
noise+fake_front,clean+shift,55,17,PrimaryRaw,0,10,1,0.6,6,0.20814865827560425,,0,0,0,0,0,0,0,0,0,0
noise+fake_front,clean+shift,55,17,PrimaryTrustCalib,0,10,1,0.6,6,0.20878708362579346,downweight,0,0,0,0,0,0,0,0,0,0
noise+fake_front,clean+shift,55,17,MultiPeerObjectGuard,0,10,1,0.6,6,0.20319513976573944,downweight,0,1,0,0,6,2,6,2,0,26
noise+fake_front,clean+shift,55,18,EgoOnly,0,10,1,0.1,1,0.1901015192270279,,0,0,0,0,0,0,0,0,0,0
noise+fake_front,clean+shift,55,18,CleanCoop,0,10,1,0.1,1,0.17760221660137177,,0,0,0,0,0,0,0,0,0,0
noise+fake_front,clean+shift,55,18,PrimaryRaw,0,10,1,0.7,7,0.17605972290039062,,0,0,0,0,0,0,0,0,0,0
noise+fake_front,clean+shift,55,18,PrimaryTrustCalib,0,10,1,0.1,1,0.1901015192270279,quarantine,0,0,0,0,0,0,0,0,0,0
noise+fake_front,clean+shift,55,18,MultiPeerObjectGuard,0,10,1,0.1,1,0.17687846720218658,quarantine,0,0,0,0,27,25,27,25,0,0
noise+fake_front,clean+shift,55,19,EgoOnly,0,10,1,0.2,2,0.17699815332889557,,0,0,0,0,0,0,0,0,0,0
noise+fake_front,clean+shift,55,19,CleanCoop,0,10,1,0.2,2,0.1765567511320114,,0,0,0,0,0,0,0,0,0,0
noise+fake_front,clean+shift,55,19,PrimaryRaw,0,10,1,0.8,8,0.17422880232334137,,0,0,0,0,0,0,0,0,0,0
noise+fake_front,clean+shift,55,19,PrimaryTrustCalib,0,10,1,0.7,7,0.17427554726600647,downweight,0,0,0,0,0,0,0,0,0,0
noise+fake_front,clean+shift,55,19,MultiPeerObjectGuard,0,10,1,0.7,7,0.1765567511320114,downweight,0,1,0,0,7,1,7,1,0,27
noise+fake_front,clean+shift,59,0,EgoOnly,0,10,1,0.0,0,0.6478269100189209,,0,0,0,0,0,0,0,0,0,0
noise+fake_front,clean+shift,59,0,CleanCoop,0,10,0,0.0,0,0.09941838681697845,,0,0,0,0,0,0,0,0,0,0
noise+fake_front,clean+shift,59,0,PrimaryRaw,0,10,1,1.0,10,0.10837151110172272,,0,0,0,0,0,0,0,0,0,0
noise+fake_front,clean+shift,59,0,PrimaryTrustCalib,0,10,1,1.0,10,0.107856385409832,downweight,0,0,0,0,0,0,0,0,0,0
noise+fake_front,clean+shift,59,0,MultiPeerObjectGuard,0,10,1,1.0,10,0.1082499697804451,downweight,0,1,0,0,3,2,3,2,0,11
noise+fake_front,clean+shift,59,1,EgoOnly,0,10,1,0.0,0,0.6544203758239746,,0,0,0,0,0,0,0,0,0,0
noise+fake_front,clean+shift,59,1,CleanCoop,0,10,0,0.0,0,0.09662297368049622,,0,0,0,0,0,0,0,0,0,0
noise+fake_front,clean+shift,59,1,PrimaryRaw,0,10,1,1.0,10,0.10028951615095139,,0,0,0,0,0,0,0,0,0,0
noise+fake_front,clean+shift,59,1,PrimaryTrustCalib,0,10,1,1.0,10,0.09919489920139313,downweight,0,0,0,0,0,0,0,0,0,0
noise+fake_front,clean+shift,59,1,MultiPeerObjectGuard,0,10,1,1.0,10,0.0990007147192955,downweight,0,1,0,0,5,4,5,4,0,9
noise+fake_front,clean+shift,59,2,EgoOnly,0,10,1,0.0,0,0.6555262207984924,,0,0,0,0,0,0,0,0,0,0
noise+fake_front,clean+shift,59,2,CleanCoop,0,10,0,0.0,0,0.09264982491731644,,0,0,0,0,0,0,0,0,0,0
noise+fake_front,clean+shift,59,2,PrimaryRaw,0,10,1,1.0,10,0.09345410019159317,,0,0,0,0,0,0,0,0,0,0
noise+fake_front,clean+shift,59,2,PrimaryTrustCalib,0,10,1,1.0,10,0.09250534325838089,downweight,0,0,0,0,0,0,0,0,0,0
noise+fake_front,clean+shift,59,2,MultiPeerObjectGuard,0,10,1,1.0,10,0.09341147541999817,downweight,0,1,0,0,3,1,3,1,0,12
noise+fake_front,clean+shift,59,3,EgoOnly,0,10,1,0.0,0,0.6606891751289368,,0,0,0,0,0,0,0,0,0,0
noise+fake_front,clean+shift,59,3,CleanCoop,0,10,0,0.0,0,0.09009264409542084,,0,0,0,0,0,0,0,0,0,0
noise+fake_front,clean+shift,59,3,PrimaryRaw,0,10,1,1.0,10,0.08475809544324875,,0,0,0,0,0,0,0,0,0,0
noise+fake_front,clean+shift,59,3,PrimaryTrustCalib,0,10,1,1.0,10,0.0855744257569313,correct,0,0,0,0,0,0,0,0,0,0
noise+fake_front,clean+shift,59,3,MultiPeerObjectGuard,0,10,1,1.0,10,0.09264251589775085,correct,0,1,0,0,5,3,5,3,0,11
noise+fake_front,clean+shift,59,4,EgoOnly,0,10,1,0.0,0,0.6679913401603699,,0,0,0,0,0,0,0,0,0,0
noise+fake_front,clean+shift,59,4,CleanCoop,0,10,0,0.0,0,0.09194774180650711,,0,0,0,0,0,0,0,0,0,0
noise+fake_front,clean+shift,59,4,PrimaryRaw,0,10,1,1.0,10,0.08916410058736801,,0,0,0,0,0,0,0,0,0,0
noise+fake_front,clean+shift,59,4,PrimaryTrustCalib,0,10,1,1.0,10,0.09056760370731354,correct,0,0,0,0,0,0,0,0,0,0
noise+fake_front,clean+shift,59,4,MultiPeerObjectGuard,0,10,1,1.0,10,0.09318527579307556,correct,0,1,0,0,3,2,3,2,0,11
noise+fake_front,clean+shift,59,5,EgoOnly,0,10,1,0.0,0,0.7508897185325623,,0,0,0,0,0,0,0,0,0,0
noise+fake_front,clean+shift,59,5,CleanCoop,0,10,0,0.0,0,0.09966845065355301,,0,0,0,0,0,0,0,0,0,0
noise+fake_front,clean+shift,59,5,PrimaryRaw,0,10,1,1.0,10,0.0956239327788353,,0,0,0,0,0,0,0,0,0,0
noise+fake_front,clean+shift,59,5,PrimaryTrustCalib,0,10,1,0.0,0,0.7508897185325623,quarantine,0,0,0,0,0,0,0,0,0,0
noise+fake_front,clean+shift,59,5,MultiPeerObjectGuard,0,10,0,0.0,0,0.09966845065355301,quarantine,0,0,0,0,13,13,13,13,0,0
noise+fake_front,clean+shift,59,6,EgoOnly,0,10,1,0.0,0,0.735143780708313,,0,0,0,0,0,0,0,0,0,0
noise+fake_front,clean+shift,59,6,CleanCoop,0,10,0,0.0,0,0.10422737151384354,,0,0,0,0,0,0,0,0,0,0
noise+fake_front,clean+shift,59,6,PrimaryRaw,0,10,1,1.0,10,0.10210835933685303,,0,0,0,0,0,0,0,0,0,0
noise+fake_front,clean+shift,59,6,PrimaryTrustCalib,0,10,1,0.0,0,0.735143780708313,quarantine,0,0,0,0,0,0,0,0,0,0
noise+fake_front,clean+shift,59,6,MultiPeerObjectGuard,0,10,0,0.0,0,0.10422737151384354,quarantine,0,0,0,0,13,13,13,13,0,0
noise+fake_front,clean+shift,59,7,EgoOnly,0,10,1,0.0,0,0.7330717444419861,,0,0,0,0,0,0,0,0,0,0
noise+fake_front,clean+shift,59,7,CleanCoop,0,10,0,0.0,0,0.10519619286060333,,0,0,0,0,0,0,0,0,0,0
noise+fake_front,clean+shift,59,7,PrimaryRaw,0,10,1,1.0,10,0.10794233530759811,,0,0,0,0,0,0,0,0,0,0
noise+fake_front,clean+shift,59,7,PrimaryTrustCalib,0,10,1,1.0,10,0.10894867777824402,correct,0,0,0,0,0,0,0,0,0,0
noise+fake_front,clean+shift,59,7,MultiPeerObjectGuard,0,10,1,1.0,10,0.10900958627462387,correct,0,1,0,0,1,1,1,1,0,12
noise+fake_front,clean+shift,59,8,EgoOnly,0,10,1,0.0,0,0.573006808757782,,0,0,0,0,0,0,0,0,0,0
noise+fake_front,clean+shift,59,8,CleanCoop,0,10,0,0.0,0,0.1048172116279602,,0,0,0,0,0,0,0,0,0,0
noise+fake_front,clean+shift,59,8,PrimaryRaw,0,10,1,1.0,10,0.10705336183309555,,0,0,0,0,0,0,0,0,0,0
noise+fake_front,clean+shift,59,8,PrimaryTrustCalib,0,10,1,1.0,10,0.1072552353143692,correct,0,0,0,0,0,0,0,0,0,0
noise+fake_front,clean+shift,59,8,MultiPeerObjectGuard,0,10,1,1.0,10,0.11231078952550888,correct,0,1,0,0,5,3,5,3,0,8
noise+fake_front,clean+shift,59,9,EgoOnly,0,10,1,0.0,0,0.5629701018333435,,0,0,0,0,0,0,0,0,0,0
noise+fake_front,clean+shift,59,9,CleanCoop,0,10,0,0.0,0,0.10684999078512192,,0,0,0,0,0,0,0,0,0,0
noise+fake_front,clean+shift,59,9,PrimaryRaw,0,10,1,1.0,10,0.11030934005975723,,0,0,0,0,0,0,0,0,0,0
noise+fake_front,clean+shift,59,9,PrimaryTrustCalib,0,10,1,0.0,0,0.5629701018333435,quarantine,0,0,0,0,0,0,0,0,0,0
noise+fake_front,clean+shift,59,9,MultiPeerObjectGuard,0,10,1,0.0,0,0.5629701018333435,quarantine,0,0,0,0,0,0,12,0,0,0
noise+fake_front,clean+shift,59,10,EgoOnly,0,10,1,0.0,0,0.6150733232498169,,0,0,0,0,0,0,0,0,0,0
noise+fake_front,clean+shift,59,10,CleanCoop,0,10,0,0.0,0,0.11094710975885391,,0,0,0,0,0,0,0,0,0,0
noise+fake_front,clean+shift,59,10,PrimaryRaw,0,10,1,1.0,10,0.10704502463340759,,0,0,0,0,0,0,0,0,0,0
noise+fake_front,clean+shift,59,10,PrimaryTrustCalib,0,10,1,1.0,10,0.11444360017776489,downweight,0,0,0,0,0,0,0,0,0,0
noise+fake_front,clean+shift,59,10,MultiPeerObjectGuard,0,10,1,1.0,10,0.11444360017776489,downweight,0,1,0,0,0,0,3,0,0,0
noise+fake_front,clean+shift,59,11,EgoOnly,0,10,1,0.0,0,0.643900990486145,,0,0,0,0,0,0,0,0,0,0
noise+fake_front,clean+shift,59,11,CleanCoop,0,10,0,0.0,0,0.11665373295545578,,0,0,0,0,0,0,0,0,0,0
noise+fake_front,clean+shift,59,11,PrimaryRaw,0,10,1,1.0,10,0.12121035903692245,,0,0,0,0,0,0,0,0,0,0
noise+fake_front,clean+shift,59,11,PrimaryTrustCalib,0,10,1,0.0,0,0.643900990486145,quarantine,0,0,0,0,0,0,0,0,0,0
noise+fake_front,clean+shift,59,11,MultiPeerObjectGuard,0,10,1,0.0,0,0.643900990486145,quarantine,0,0,0,0,0,0,12,0,0,0
noise+fake_front,clean+shift,59,12,EgoOnly,0,10,1,0.0,0,0.6476205587387085,,0,0,0,0,0,0,0,0,0,0
noise+fake_front,clean+shift,59,12,CleanCoop,0,10,0,0.0,0,0.15316998958587646,,0,0,0,0,0,0,0,0,0,0
noise+fake_front,clean+shift,59,12,PrimaryRaw,0,10,1,1.0,10,0.15513524413108826,,0,0,0,0,0,0,0,0,0,0
noise+fake_front,clean+shift,59,12,PrimaryTrustCalib,0,10,1,1.0,10,0.153131365776062,correct,0,0,0,0,0,0,0,0,0,0
noise+fake_front,clean+shift,59,12,MultiPeerObjectGuard,0,10,1,1.0,10,0.153131365776062,correct,0,1,0,0,0,0,4,0,0,0
noise+fake_front,clean+shift,59,13,EgoOnly,0,10,1,0.0,0,0.5090175867080688,,0,0,0,0,0,0,0,0,0,0
noise+fake_front,clean+shift,59,13,CleanCoop,0,10,0,0.0,0,0.1540355682373047,,0,0,0,0,0,0,0,0,0,0
noise+fake_front,clean+shift,59,13,PrimaryRaw,0,10,1,1.0,10,0.15373870730400085,,0,0,0,0,0,0,0,0,0,0
noise+fake_front,clean+shift,59,13,PrimaryTrustCalib,0,10,1,1.0,10,0.1537417769432068,correct,0,0,0,0,0,0,0,0,0,0
noise+fake_front,clean+shift,59,13,MultiPeerObjectGuard,0,10,1,1.0,10,0.1530308574438095,correct,0,1,0,0,4,1,4,1,0,9
noise+fake_front,clean+shift,59,14,EgoOnly,0,10,1,0.0,0,0.5760126113891602,,0,0,0,0,0,0,0,0,0,0
noise+fake_front,clean+shift,59,14,CleanCoop,0,10,0,0.0,0,0.15105092525482178,,0,0,0,0,0,0,0,0,0,0
noise+fake_front,clean+shift,59,14,PrimaryRaw,0,10,1,1.0,10,0.14722639322280884,,0,0,0,0,0,0,0,0,0,0
noise+fake_front,clean+shift,59,14,PrimaryTrustCalib,0,10,1,1.0,10,0.14715981483459473,correct,0,0,0,0,0,0,0,0,0,0
noise+fake_front,clean+shift,59,14,MultiPeerObjectGuard,0,10,1,1.0,10,0.15015512704849243,correct,0,1,0,0,4,2,4,2,0,8
noise+fake_front,clean+shift,59,15,EgoOnly,0,10,1,0.0,0,0.46981412172317505,,0,0,0,0,0,0,0,0,0,0
noise+fake_front,clean+shift,59,15,CleanCoop,0,10,0,0.0,0,0.1556699424982071,,0,0,0,0,0,0,0,0,0,0
noise+fake_front,clean+shift,59,15,PrimaryRaw,0,10,1,1.0,10,0.1533287763595581,,0,0,0,0,0,0,0,0,0,0
noise+fake_front,clean+shift,59,15,PrimaryTrustCalib,0,10,1,1.0,10,0.153538778424263,downweight,0,0,0,0,0,0,0,0,0,0
noise+fake_front,clean+shift,59,15,MultiPeerObjectGuard,0,10,1,1.0,10,0.15294502675533295,downweight,0,1,0,0,3,2,3,2,0,8
noise+fake_front,clean+shift,59,16,EgoOnly,0,10,1,0.2,2,0.44338488578796387,,0,0,0,0,0,0,0,0,0,0
noise+fake_front,clean+shift,59,16,CleanCoop,0,10,1,0.2,2,0.16053983569145203,,0,0,0,0,0,0,0,0,0,0
noise+fake_front,clean+shift,59,16,PrimaryRaw,1,10,1,1.0,10,0.15722788870334625,,0,0,0,0,0,0,0,0,0,0
noise+fake_front,clean+shift,59,16,PrimaryTrustCalib,1,10,1,1.0,10,0.15683403611183167,downweight,0,0,0,0,0,0,0,0,0,0
noise+fake_front,clean+shift,59,16,MultiPeerObjectGuard,1,10,1,1.0,10,0.15839995443820953,downweight,0,1,0,0,4,1,4,1,0,9
noise+fake_front,clean+shift,59,17,EgoOnly,0,10,1,0.0,0,0.3622032403945923,,0,0,0,0,0,0,0,0,0,0
noise+fake_front,clean+shift,59,17,CleanCoop,0,10,0,0.0,0,0.16091060638427734,,0,0,0,0,0,0,0,0,0,0
noise+fake_front,clean+shift,59,17,PrimaryRaw,0,10,1,1.0,10,0.153584286570549,,0,0,0,0,0,0,0,0,0,0
noise+fake_front,clean+shift,59,17,PrimaryTrustCalib,0,10,1,1.0,10,0.15387079119682312,downweight,0,0,0,0,0,0,0,0,0,0
noise+fake_front,clean+shift,59,17,MultiPeerObjectGuard,0,10,1,1.0,10,0.15737009048461914,downweight,0,1,0,0,5,1,5,1,0,9
noise+fake_front,clean+shift,59,18,EgoOnly,0,10,1,0.0,0,0.3600676953792572,,0,0,0,0,0,0,0,0,0,0
noise+fake_front,clean+shift,59,18,CleanCoop,0,10,0,0.0,0,0.16112497448921204,,0,0,0,0,0,0,0,0,0,0
noise+fake_front,clean+shift,59,18,PrimaryRaw,0,10,1,1.0,10,0.1563112735748291,,0,0,0,0,0,0,0,0,0,0
noise+fake_front,clean+shift,59,18,PrimaryTrustCalib,0,10,1,1.0,10,0.15588301420211792,correct,0,0,0,0,0,0,0,0,0,0
noise+fake_front,clean+shift,59,18,MultiPeerObjectGuard,0,10,1,1.0,10,0.1572873443365097,correct,0,1,0,0,1,0,1,0,0,10
noise+fake_front,clean+shift,59,19,EgoOnly,0,10,0,0.0,0,0.19148759543895721,,0,0,0,0,0,0,0,0,0,0
noise+fake_front,clean+shift,59,19,CleanCoop,0,10,0,0.0,0,0.1578688621520996,,0,0,0,0,0,0,0,0,0,0
noise+fake_front,clean+shift,59,19,PrimaryRaw,0,10,1,1.0,10,0.1528349220752716,,0,0,0,0,0,0,0,0,0,0
noise+fake_front,clean+shift,59,19,PrimaryTrustCalib,0,10,1,1.0,10,0.15091191232204437,downweight,0,0,0,0,0,0,0,0,0,0
noise+fake_front,clean+shift,59,19,MultiPeerObjectGuard,0,10,1,1.0,10,0.15384092926979065,downweight,0,1,0,0,4,0,4,0,0,9
noise+fake_front,clean+shift,61,0,EgoOnly,0,10,0,0.0,0,0.1585349440574646,,0,0,0,0,0,0,0,0,0,0
noise+fake_front,clean+shift,61,0,CleanCoop,0,10,1,0.0,0,0.6070963144302368,,0,0,0,0,0,0,0,0,0,0
noise+fake_front,clean+shift,61,0,PrimaryRaw,0,10,1,1.0,10,0.6037794947624207,,0,0,0,0,0,0,0,0,0,0
noise+fake_front,clean+shift,61,0,PrimaryTrustCalib,0,10,1,1.0,10,0.601670503616333,downweight,0,0,0,0,0,0,0,0,0,0
noise+fake_front,clean+shift,61,0,MultiPeerObjectGuard,0,10,1,1.0,10,0.6067097187042236,downweight,0,1,0,0,4,2,4,2,0,26
noise+fake_front,clean+shift,61,1,EgoOnly,0,10,0,0.0,0,0.1577998697757721,,0,0,0,0,0,0,0,0,0,0
noise+fake_front,clean+shift,61,1,CleanCoop,0,10,1,0.0,0,0.6061511635780334,,0,0,0,0,0,0,0,0,0,0
noise+fake_front,clean+shift,61,1,PrimaryRaw,0,10,1,1.0,10,0.6100904941558838,,0,0,0,0,0,0,0,0,0,0
noise+fake_front,clean+shift,61,1,PrimaryTrustCalib,0,10,1,1.0,10,0.6116594076156616,downweight,0,0,0,0,0,0,0,0,0,0
noise+fake_front,clean+shift,61,1,MultiPeerObjectGuard,0,10,1,1.0,10,0.6052331924438477,downweight,0,1,0,0,8,2,8,2,0,26
noise+fake_front,clean+shift,61,2,EgoOnly,0,10,0,0.0,0,0.1567598581314087,,0,0,0,0,0,0,0,0,0,0
noise+fake_front,clean+shift,61,2,CleanCoop,0,10,1,0.0,0,0.6044626235961914,,0,0,0,0,0,0,0,0,0,0
noise+fake_front,clean+shift,61,2,PrimaryRaw,0,10,1,1.0,10,0.6008467674255371,,0,0,0,0,0,0,0,0,0,0
noise+fake_front,clean+shift,61,2,PrimaryTrustCalib,0,10,1,1.0,10,0.5987436175346375,downweight,0,0,0,0,0,0,0,0,0,0
noise+fake_front,clean+shift,61,2,MultiPeerObjectGuard,0,10,1,1.0,10,0.6044626235961914,downweight,0,1,0,0,6,0,6,0,0,27
noise+fake_front,clean+shift,61,3,EgoOnly,0,10,0,0.0,0,0.15542814135551453,,0,0,0,0,0,0,0,0,0,0
noise+fake_front,clean+shift,61,3,CleanCoop,0,10,1,0.0,0,0.6007642149925232,,0,0,0,0,0,0,0,0,0,0
noise+fake_front,clean+shift,61,3,PrimaryRaw,0,10,1,1.0,10,0.5900598168373108,,0,0,0,0,0,0,0,0,0,0
noise+fake_front,clean+shift,61,3,PrimaryTrustCalib,0,10,1,1.0,10,0.5856457352638245,downweight,0,0,0,0,0,0,0,0,0,0
noise+fake_front,clean+shift,61,3,MultiPeerObjectGuard,0,10,1,1.0,10,0.5807876586914062,downweight,0,1,0,0,6,4,6,4,0,22
noise+fake_front,clean+shift,61,4,EgoOnly,0,10,0,0.0,0,0.18278901278972626,,0,0,0,0,0,0,0,0,0,0
noise+fake_front,clean+shift,61,4,CleanCoop,0,10,1,0.0,0,0.596112072467804,,0,0,0,0,0,0,0,0,0,0
noise+fake_front,clean+shift,61,4,PrimaryRaw,0,10,1,1.0,10,0.5606868267059326,,0,0,0,0,0,0,0,0,0,0
noise+fake_front,clean+shift,61,4,PrimaryTrustCalib,0,10,1,1.0,10,0.5553779006004333,downweight,0,0,0,0,0,0,0,0,0,0
noise+fake_front,clean+shift,61,4,MultiPeerObjectGuard,0,10,1,1.0,10,0.5964452624320984,downweight,0,1,0,0,6,1,6,1,0,24
noise+fake_front,clean+shift,61,5,EgoOnly,0,10,0,0.0,0,0.20593784749507904,,0,0,0,0,0,0,0,0,0,0
noise+fake_front,clean+shift,61,5,CleanCoop,0,10,1,0.0,0,0.5887318253517151,,0,0,0,0,0,0,0,0,0,0
noise+fake_front,clean+shift,61,5,PrimaryRaw,0,10,1,1.0,10,0.5796608328819275,,0,0,0,0,0,0,0,0,0,0
noise+fake_front,clean+shift,61,5,PrimaryTrustCalib,0,10,1,1.0,10,0.5751699805259705,downweight,0,0,0,0,0,0,0,0,0,0
noise+fake_front,clean+shift,61,5,MultiPeerObjectGuard,0,10,1,1.0,10,0.589158296585083,downweight,0,1,0,0,5,2,5,2,0,26
noise+fake_front,clean+shift,61,6,EgoOnly,0,10,0,0.0,0,0.18744148313999176,,0,0,0,0,0,0,0,0,0,0
noise+fake_front,clean+shift,61,6,CleanCoop,0,10,1,0.0,0,0.5641404986381531,,0,0,0,0,0,0,0,0,0,0
noise+fake_front,clean+shift,61,6,PrimaryRaw,0,10,1,1.0,10,0.48086637258529663,,0,0,0,0,0,0,0,0,0,0
noise+fake_front,clean+shift,61,6,PrimaryTrustCalib,0,10,1,1.0,10,0.4913930296897888,downweight,0,0,0,0,0,0,0,0,0,0
noise+fake_front,clean+shift,61,6,MultiPeerObjectGuard,0,10,1,1.0,10,0.5233904123306274,downweight,0,1,0,0,11,7,11,7,0,21
noise+fake_front,clean+shift,61,7,EgoOnly,0,10,0,0.0,0,0.17855048179626465,,0,0,0,0,0,0,0,0,0,0
noise+fake_front,clean+shift,61,7,CleanCoop,0,10,1,0.0,0,0.5539177656173706,,0,0,0,0,0,0,0,0,0,0
noise+fake_front,clean+shift,61,7,PrimaryRaw,0,10,1,1.0,10,0.5683159232139587,,0,0,0,0,0,0,0,0,0,0
noise+fake_front,clean+shift,61,7,PrimaryTrustCalib,0,10,1,1.0,10,0.5540136098861694,downweight,0,0,0,0,0,0,0,0,0,0
noise+fake_front,clean+shift,61,7,MultiPeerObjectGuard,0,10,1,1.0,10,0.5541056990623474,downweight,0,1,0,0,10,2,10,2,0,25
noise+fake_front,clean+shift,61,8,EgoOnly,0,10,0,0.0,0,0.15838751196861267,,0,0,0,0,0,0,0,0,0,0
noise+fake_front,clean+shift,61,8,CleanCoop,0,10,1,0.0,0,0.5564045310020447,,0,0,0,0,0,0,0,0,0,0
noise+fake_front,clean+shift,61,8,PrimaryRaw,0,10,1,1.0,10,0.5613431334495544,,0,0,0,0,0,0,0,0,0,0
noise+fake_front,clean+shift,61,8,PrimaryTrustCalib,0,10,1,1.0,10,0.5551262497901917,downweight,0,0,0,0,0,0,0,0,0,0
noise+fake_front,clean+shift,61,8,MultiPeerObjectGuard,0,10,1,1.0,10,0.5617775917053223,downweight,0,1,0,0,6,2,6,2,0,25
noise+fake_front,clean+shift,61,9,EgoOnly,0,10,0,0.0,0,0.16024668514728546,,0,0,0,0,0,0,0,0,0,0
noise+fake_front,clean+shift,61,9,CleanCoop,0,10,1,0.0,0,0.5521607398986816,,0,0,0,0,0,0,0,0,0,0
noise+fake_front,clean+shift,61,9,PrimaryRaw,0,10,1,1.0,10,0.5425567030906677,,0,0,0,0,0,0,0,0,0,0
noise+fake_front,clean+shift,61,9,PrimaryTrustCalib,0,10,0,0.0,0,0.16024668514728546,quarantine,0,0,0,0,0,0,0,0,0,0
noise+fake_front,clean+shift,61,9,MultiPeerObjectGuard,0,10,1,0.0,0,0.5521607398986816,quarantine,0,0,0,0,28,25,28,25,0,0
noise+fake_front,clean+shift,61,10,EgoOnly,0,10,0,0.0,0,0.2693605124950409,,0,0,0,0,0,0,0,0,0,0
noise+fake_front,clean+shift,61,10,CleanCoop,0,10,1,0.0,0,0.5360832214355469,,0,0,0,0,0,0,0,0,0,0
noise+fake_front,clean+shift,61,10,PrimaryRaw,0,10,1,1.0,10,0.4958307147026062,,0,0,0,0,0,0,0,0,0,0
noise+fake_front,clean+shift,61,10,PrimaryTrustCalib,0,10,1,1.0,10,0.4521457552909851,downweight,0,0,0,0,0,0,0,0,0,0
noise+fake_front,clean+shift,61,10,MultiPeerObjectGuard,0,10,1,1.0,10,0.4728947579860687,downweight,0,1,0,0,9,5,9,5,0,22
noise+fake_front,clean+shift,61,11,EgoOnly,0,10,1,0.0,0,0.32987603545188904,,0,0,0,0,0,0,0,0,0,0
noise+fake_front,clean+shift,61,11,CleanCoop,0,10,1,0.0,0,0.5223098993301392,,0,0,0,0,0,0,0,0,0,0
noise+fake_front,clean+shift,61,11,PrimaryRaw,0,10,1,1.0,10,0.54372239112854,,0,0,0,0,0,0,0,0,0,0
noise+fake_front,clean+shift,61,11,PrimaryTrustCalib,0,10,1,1.0,10,0.5278522968292236,downweight,0,0,0,0,0,0,0,0,0,0
noise+fake_front,clean+shift,61,11,MultiPeerObjectGuard,0,10,1,1.0,10,0.5222842693328857,downweight,0,1,0,0,6,0,6,0,0,26
noise+fake_front,clean+shift,61,12,EgoOnly,0,10,0,0.0,0,0.14867573976516724,,0,0,0,0,0,0,0,0,0,0
noise+fake_front,clean+shift,61,12,CleanCoop,0,10,1,0.0,0,0.46066737174987793,,0,0,0,0,0,0,0,0,0,0
noise+fake_front,clean+shift,61,12,PrimaryRaw,0,10,1,1.0,10,0.41981998085975647,,0,0,0,0,0,0,0,0,0,0
noise+fake_front,clean+shift,61,12,PrimaryTrustCalib,0,10,1,1.0,10,0.43700236082077026,downweight,0,0,0,0,0,0,0,0,0,0
noise+fake_front,clean+shift,61,12,MultiPeerObjectGuard,0,10,1,1.0,10,0.45126333832740784,downweight,0,1,0,0,6,2,6,2,0,29
noise+fake_front,clean+shift,61,13,EgoOnly,0,10,1,0.0,0,0.33459967374801636,,0,0,0,0,0,0,0,0,0,0
noise+fake_front,clean+shift,61,13,CleanCoop,0,10,1,0.0,0,0.3913387954235077,,0,0,0,0,0,0,0,0,0,0
noise+fake_front,clean+shift,61,13,PrimaryRaw,0,10,1,1.0,10,0.36295992136001587,,0,0,0,0,0,0,0,0,0,0
noise+fake_front,clean+shift,61,13,PrimaryTrustCalib,0,10,1,1.0,10,0.404000461101532,downweight,0,0,0,0,0,0,0,0,0,0
noise+fake_front,clean+shift,61,13,MultiPeerObjectGuard,0,10,1,1.0,10,0.40547630190849304,downweight,0,1,0,0,7,3,7,3,0,24
noise+fake_front,clean+shift,61,14,EgoOnly,0,10,0,0.0,0,0.280720591545105,,0,0,0,0,0,0,0,0,0,0
noise+fake_front,clean+shift,61,14,CleanCoop,0,10,1,0.0,0,0.3111437261104584,,0,0,0,0,0,0,0,0,0,0
noise+fake_front,clean+shift,61,14,PrimaryRaw,0,10,1,1.0,10,0.3140236437320709,,0,0,0,0,0,0,0,0,0,0
noise+fake_front,clean+shift,61,14,PrimaryTrustCalib,0,10,1,1.0,10,0.33783629536628723,downweight,0,0,0,0,0,0,0,0,0,0
noise+fake_front,clean+shift,61,14,MultiPeerObjectGuard,0,10,1,1.0,10,0.3111437261104584,downweight,0,1,0,0,11,3,11,3,0,24
noise+fake_front,clean+shift,61,15,EgoOnly,0,10,0,0.0,0,0.14127828180789948,,0,0,0,0,0,0,0,0,0,0
noise+fake_front,clean+shift,61,15,CleanCoop,0,10,0,0.0,0,0.2647608816623688,,0,0,0,0,0,0,0,0,0,0
noise+fake_front,clean+shift,61,15,PrimaryRaw,0,10,1,1.0,10,0.3123592138290405,,0,0,0,0,0,0,0,0,0,0
noise+fake_front,clean+shift,61,15,PrimaryTrustCalib,0,10,1,1.0,10,0.30748334527015686,downweight,0,0,0,0,0,0,0,0,0,0
noise+fake_front,clean+shift,61,15,MultiPeerObjectGuard,0,10,1,1.0,10,0.27484655380249023,downweight,0,1,0,0,11,4,11,4,0,26
noise+fake_front,clean+shift,61,16,EgoOnly,0,10,0,0.0,0,0.14102959632873535,,0,0,0,0,0,0,0,0,0,0
noise+fake_front,clean+shift,61,16,CleanCoop,0,10,0,0.0,0,0.25616708397865295,,0,0,0,0,0,0,0,0,0,0
noise+fake_front,clean+shift,61,16,PrimaryRaw,0,10,1,1.0,10,0.4478401243686676,,0,0,0,0,0,0,0,0,0,0
noise+fake_front,clean+shift,61,16,PrimaryTrustCalib,0,10,1,1.0,10,0.4264208972454071,downweight,0,0,0,0,0,0,0,0,0,0
noise+fake_front,clean+shift,61,16,MultiPeerObjectGuard,0,10,1,1.0,10,0.35078567266464233,downweight,0,1,0,0,8,3,8,3,0,30
noise+fake_front,clean+shift,61,17,EgoOnly,0,10,0,0.0,0,0.11097782850265503,,0,0,0,0,0,0,0,0,0,0
noise+fake_front,clean+shift,61,17,CleanCoop,0,10,0,0.0,0,0.2507348656654358,,0,0,0,0,0,0,0,0,0,0
noise+fake_front,clean+shift,61,17,PrimaryRaw,0,10,1,1.0,10,0.24440661072731018,,0,0,0,0,0,0,0,0,0,0
noise+fake_front,clean+shift,61,17,PrimaryTrustCalib,0,10,1,1.0,10,0.25044193863868713,downweight,0,0,0,0,0,0,0,0,0,0
noise+fake_front,clean+shift,61,17,MultiPeerObjectGuard,0,10,1,1.0,10,0.25300878286361694,downweight,0,1,0,0,5,3,5,3,0,29
noise+fake_front,clean+shift,61,18,EgoOnly,0,10,0,0.0,0,0.10834883898496628,,0,0,0,0,0,0,0,0,0,0
noise+fake_front,clean+shift,61,18,CleanCoop,0,10,0,0.0,0,0.2534773051738739,,0,0,0,0,0,0,0,0,0,0
noise+fake_front,clean+shift,61,18,PrimaryRaw,0,10,1,1.0,10,0.24634051322937012,,0,0,0,0,0,0,0,0,0,0
noise+fake_front,clean+shift,61,18,PrimaryTrustCalib,0,10,1,1.0,10,0.24859613180160522,downweight,0,0,0,0,0,0,0,0,0,0
noise+fake_front,clean+shift,61,18,MultiPeerObjectGuard,0,10,1,1.0,10,0.25127482414245605,downweight,0,1,0,0,5,2,5,2,0,27
noise+fake_front,clean+shift,61,19,EgoOnly,0,10,0,0.0,0,0.12859654426574707,,0,0,0,0,0,0,0,0,0,0
noise+fake_front,clean+shift,61,19,CleanCoop,0,10,0,0.0,0,0.23172345757484436,,0,0,0,0,0,0,0,0,0,0
noise+fake_front,clean+shift,61,19,PrimaryRaw,0,10,1,1.0,10,0.25417059659957886,,0,0,0,0,0,0,0,0,0,0
noise+fake_front,clean+shift,61,19,PrimaryTrustCalib,0,10,1,1.0,10,0.2587248682975769,downweight,0,0,0,0,0,0,0,0,0,0
noise+fake_front,clean+shift,61,19,MultiPeerObjectGuard,0,10,1,1.0,10,0.23172345757484436,downweight,0,1,0,0,6,1,6,1,0,29
noise+fake_front,clean+shift,67,0,EgoOnly,0,10,1,0.0,0,0.3531953990459442,,0,0,0,0,0,0,0,0,0,0
noise+fake_front,clean+shift,67,0,CleanCoop,0,10,0,0.0,0,0.18192555010318756,,0,0,0,0,0,0,0,0,0,0
noise+fake_front,clean+shift,67,0,PrimaryRaw,0,10,1,1.0,10,0.19403134286403656,,0,0,0,0,0,0,0,0,0,0
noise+fake_front,clean+shift,67,0,PrimaryTrustCalib,0,10,1,1.0,10,0.19460630416870117,downweight,0,0,0,0,0,0,0,0,0,0
noise+fake_front,clean+shift,67,0,MultiPeerObjectGuard,0,10,1,1.0,10,0.1823127716779709,downweight,0,1,0,0,4,1,4,1,0,5
noise+fake_front,clean+shift,67,1,EgoOnly,0,10,1,0.0,0,0.33609575033187866,,0,0,0,0,0,0,0,0,0,0
noise+fake_front,clean+shift,67,1,CleanCoop,0,10,0,0.0,0,0.18952211737632751,,0,0,0,0,0,0,0,0,0,0
noise+fake_front,clean+shift,67,1,PrimaryRaw,0,10,1,1.0,10,0.1814938634634018,,0,0,0,0,0,0,0,0,0,0
noise+fake_front,clean+shift,67,1,PrimaryTrustCalib,0,10,1,0.0,0,0.33609575033187866,quarantine,0,0,0,0,0,0,0,0,0,0
noise+fake_front,clean+shift,67,1,MultiPeerObjectGuard,0,10,0,0.0,0,0.18952211737632751,quarantine,0,0,0,0,6,6,6,6,0,0
noise+fake_front,clean+shift,67,2,EgoOnly,0,10,1,0.0,0,0.31806614995002747,,0,0,0,0,0,0,0,0,0,0
noise+fake_front,clean+shift,67,2,CleanCoop,0,10,0,0.0,0,0.1922120749950409,,0,0,0,0,0,0,0,0,0,0
noise+fake_front,clean+shift,67,2,PrimaryRaw,0,10,1,1.0,10,0.18846376240253448,,0,0,0,0,0,0,0,0,0,0
noise+fake_front,clean+shift,67,2,PrimaryTrustCalib,0,10,1,1.0,10,0.17869295179843903,downweight,0,0,0,0,0,0,0,0,0,0
noise+fake_front,clean+shift,67,2,MultiPeerObjectGuard,0,10,1,1.0,10,0.19373509287834167,downweight,0,1,0,0,2,1,2,1,0,5
noise+fake_front,clean+shift,67,3,EgoOnly,0,10,0,0.0,0,0.29091113805770874,,0,0,0,0,0,0,0,0,0,0
noise+fake_front,clean+shift,67,3,CleanCoop,0,10,0,0.0,0,0.20064280927181244,,0,0,0,0,0,0,0,0,0,0
noise+fake_front,clean+shift,67,3,PrimaryRaw,0,10,1,1.0,10,0.19430458545684814,,0,0,0,0,0,0,0,0,0,0
noise+fake_front,clean+shift,67,3,PrimaryTrustCalib,0,10,1,1.0,10,0.19478733837604523,downweight,0,0,0,0,0,0,0,0,0,0
noise+fake_front,clean+shift,67,3,MultiPeerObjectGuard,0,10,1,1.0,10,0.1951390951871872,downweight,0,1,0,0,1,0,1,0,0,6
noise+fake_front,clean+shift,67,4,EgoOnly,0,10,0,0.0,0,0.2816416919231415,,0,0,0,0,0,0,0,0,0,0
noise+fake_front,clean+shift,67,4,CleanCoop,0,10,0,0.0,0,0.20111843943595886,,0,0,0,0,0,0,0,0,0,0
noise+fake_front,clean+shift,67,4,PrimaryRaw,0,10,1,1.0,10,0.1975594162940979,,0,0,0,0,0,0,0,0,0,0
noise+fake_front,clean+shift,67,4,PrimaryTrustCalib,0,10,1,1.0,10,0.19258840382099152,downweight,0,0,0,0,0,0,0,0,0,0
noise+fake_front,clean+shift,67,4,MultiPeerObjectGuard,0,10,1,1.0,10,0.19508935511112213,downweight,0,1,0,0,1,0,1,0,0,6
noise+fake_front,clean+shift,67,5,EgoOnly,0,10,0,0.0,0,0.2644801735877991,,0,0,0,0,0,0,0,0,0,0
noise+fake_front,clean+shift,67,5,CleanCoop,0,10,0,0.0,0,0.2030399739742279,,0,0,0,0,0,0,0,0,0,0
noise+fake_front,clean+shift,67,5,PrimaryRaw,0,10,1,1.0,10,0.19195321202278137,,0,0,0,0,0,0,0,0,0,0
noise+fake_front,clean+shift,67,5,PrimaryTrustCalib,0,10,1,1.0,10,0.1929226666688919,downweight,0,0,0,0,0,0,0,0,0,0
noise+fake_front,clean+shift,67,5,MultiPeerObjectGuard,0,10,1,1.0,10,0.19646339118480682,downweight,0,1,0,0,1,0,1,0,0,5
noise+fake_front,clean+shift,67,6,EgoOnly,0,10,0,0.0,0,0.1578536182641983,,0,0,0,0,0,0,0,0,0,0
noise+fake_front,clean+shift,67,6,CleanCoop,0,10,0,0.0,0,0.2081427276134491,,0,0,0,0,0,0,0,0,0,0
noise+fake_front,clean+shift,67,6,PrimaryRaw,0,10,1,1.0,10,0.20146968960762024,,0,0,0,0,0,0,0,0,0,0
noise+fake_front,clean+shift,67,6,PrimaryTrustCalib,0,10,0,0.0,0,0.1578536182641983,quarantine,0,0,0,0,0,0,0,0,0,0
noise+fake_front,clean+shift,67,6,MultiPeerObjectGuard,0,10,0,0.0,0,0.2081427276134491,quarantine,0,0,0,0,5,5,5,5,0,0
noise+fake_front,clean+shift,67,7,EgoOnly,0,10,0,0.0,0,0.15697267651557922,,0,0,0,0,0,0,0,0,0,0
noise+fake_front,clean+shift,67,7,CleanCoop,0,10,0,0.0,0,0.21363534033298492,,0,0,0,0,0,0,0,0,0,0
noise+fake_front,clean+shift,67,7,PrimaryRaw,0,10,1,1.0,10,0.20673397183418274,,0,0,0,0,0,0,0,0,0,0
noise+fake_front,clean+shift,67,7,PrimaryTrustCalib,0,10,0,0.0,0,0.15697267651557922,quarantine,0,0,0,0,0,0,0,0,0,0
noise+fake_front,clean+shift,67,7,MultiPeerObjectGuard,0,10,0,0.0,0,0.21363534033298492,quarantine,0,0,0,0,5,5,5,5,0,0
noise+fake_front,clean+shift,67,8,EgoOnly,0,10,0,0.0,0,0.1633763611316681,,0,0,0,0,0,0,0,0,0,0
noise+fake_front,clean+shift,67,8,CleanCoop,0,10,0,0.0,0,0.21888887882232666,,0,0,0,0,0,0,0,0,0,0
noise+fake_front,clean+shift,67,8,PrimaryRaw,0,10,1,1.0,10,0.22785015404224396,,0,0,0,0,0,0,0,0,0,0
noise+fake_front,clean+shift,67,8,PrimaryTrustCalib,0,10,1,1.0,10,0.22400563955307007,downweight,0,0,0,0,0,0,0,0,0,0
noise+fake_front,clean+shift,67,8,MultiPeerObjectGuard,0,10,1,1.0,10,0.22957755625247955,downweight,0,1,0,0,3,1,3,1,0,4
noise+fake_front,clean+shift,67,9,EgoOnly,0,10,0,0.0,0,0.16880136728286743,,0,0,0,0,0,0,0,0,0,0
noise+fake_front,clean+shift,67,9,CleanCoop,0,10,0,0.0,0,0.2629130482673645,,0,0,0,0,0,0,0,0,0,0
noise+fake_front,clean+shift,67,9,PrimaryRaw,0,10,1,1.0,10,0.23373258113861084,,0,0,0,0,0,0,0,0,0,0
noise+fake_front,clean+shift,67,9,PrimaryTrustCalib,0,10,1,1.0,10,0.22841617465019226,downweight,0,0,0,0,0,0,0,0,0,0
noise+fake_front,clean+shift,67,9,MultiPeerObjectGuard,0,10,1,1.0,10,0.28666913509368896,downweight,0,1,0,0,2,1,2,1,0,4
noise+fake_front,clean+shift,67,10,EgoOnly,0,10,0,0.0,0,0.17878876626491547,,0,0,0,0,0,0,0,0,0,0
noise+fake_front,clean+shift,67,10,CleanCoop,0,10,0,0.0,0,0.1960095316171646,,0,0,0,0,0,0,0,0,0,0
noise+fake_front,clean+shift,67,10,PrimaryRaw,0,10,1,1.0,10,0.17938761413097382,,0,0,0,0,0,0,0,0,0,0
noise+fake_front,clean+shift,67,10,PrimaryTrustCalib,0,10,1,1.0,10,0.17574825882911682,downweight,0,0,0,0,0,0,0,0,0,0
noise+fake_front,clean+shift,67,10,MultiPeerObjectGuard,0,10,1,1.0,10,0.18323133885860443,downweight,0,1,0,0,0,0,0,0,0,4
noise+fake_front,clean+shift,67,11,EgoOnly,0,10,0,0.0,0,0.17143896222114563,,0,0,0,0,0,0,0,0,0,0
noise+fake_front,clean+shift,67,11,CleanCoop,0,10,0,0.0,0,0.1875026375055313,,0,0,0,0,0,0,0,0,0,0
noise+fake_front,clean+shift,67,11,PrimaryRaw,0,10,1,1.0,10,0.17802467942237854,,0,0,0,0,0,0,0,0,0,0
noise+fake_front,clean+shift,67,11,PrimaryTrustCalib,0,10,1,1.0,10,0.17821620404720306,downweight,0,0,0,0,0,0,0,0,0,0
noise+fake_front,clean+shift,67,11,MultiPeerObjectGuard,0,10,1,1.0,10,0.17761419713497162,downweight,0,1,0,0,0,0,0,0,0,3
noise+fake_front,clean+shift,67,12,EgoOnly,0,10,0,0.0,0,0.18095116317272186,,0,0,0,0,0,0,0,0,0,0
noise+fake_front,clean+shift,67,12,CleanCoop,0,10,0,0.0,0,0.19057084619998932,,0,0,0,0,0,0,0,0,0,0
noise+fake_front,clean+shift,67,12,PrimaryRaw,0,10,1,1.0,10,0.1792178452014923,,0,0,0,0,0,0,0,0,0,0
noise+fake_front,clean+shift,67,12,PrimaryTrustCalib,0,10,0,0.0,0,0.18095116317272186,quarantine,0,0,0,0,0,0,0,0,0,0
noise+fake_front,clean+shift,67,12,MultiPeerObjectGuard,0,10,0,0.0,0,0.19057084619998932,quarantine,0,0,0,0,2,2,2,2,0,0
noise+fake_front,clean+shift,67,13,EgoOnly,0,10,0,0.0,0,0.18688222765922546,,0,0,0,0,0,0,0,0,0,0
noise+fake_front,clean+shift,67,13,CleanCoop,0,10,0,0.0,0,0.1926261931657791,,0,0,0,0,0,0,0,0,0,0
noise+fake_front,clean+shift,67,13,PrimaryRaw,0,10,1,1.0,10,0.18000222742557526,,0,0,0,0,0,0,0,0,0,0
noise+fake_front,clean+shift,67,13,PrimaryTrustCalib,0,10,0,0.0,0,0.18688222765922546,quarantine,0,0,0,0,0,0,0,0,0,0
noise+fake_front,clean+shift,67,13,MultiPeerObjectGuard,0,10,0,0.0,0,0.1926261931657791,quarantine,0,0,0,0,1,1,1,1,0,0
noise+fake_front,clean+shift,67,14,EgoOnly,0,10,0,0.0,0,0.18799331784248352,,0,0,0,0,0,0,0,0,0,0
noise+fake_front,clean+shift,67,14,CleanCoop,0,10,0,0.0,0,0.1945132166147232,,0,0,0,0,0,0,0,0,0,0
noise+fake_front,clean+shift,67,14,PrimaryRaw,0,10,1,1.0,10,0.18176931142807007,,0,0,0,0,0,0,0,0,0,0
noise+fake_front,clean+shift,67,14,PrimaryTrustCalib,0,10,1,1.0,10,0.17966219782829285,downweight,0,0,0,0,0,0,0,0,0,0
noise+fake_front,clean+shift,67,14,MultiPeerObjectGuard,0,10,1,1.0,10,0.18054547905921936,downweight,0,1,0,0,0,0,0,0,0,1
noise+fake_front,clean+shift,67,15,EgoOnly,0,10,0,0.0,0,0.1929899901151657,,0,0,0,0,0,0,0,0,0,0
noise+fake_front,clean+shift,67,15,CleanCoop,0,10,0,0.0,0,0.19996805489063263,,0,0,0,0,0,0,0,0,0,0
noise+fake_front,clean+shift,67,15,PrimaryRaw,0,10,1,1.0,10,0.18616650998592377,,0,0,0,0,0,0,0,0,0,0
noise+fake_front,clean+shift,67,15,PrimaryTrustCalib,0,10,1,1.0,10,0.18061873316764832,downweight,0,0,0,0,0,0,0,0,0,0
noise+fake_front,clean+shift,67,15,MultiPeerObjectGuard,0,10,1,1.0,10,0.18400563299655914,downweight,0,1,0,0,1,1,1,1,0,0
noise+fake_front,clean+shift,67,16,EgoOnly,0,10,0,0.0,0,0.19603724777698517,,0,0,0,0,0,0,0,0,0,0
noise+fake_front,clean+shift,67,16,CleanCoop,0,10,0,0.0,0,0.20344367623329163,,0,0,0,0,0,0,0,0,0,0
noise+fake_front,clean+shift,67,16,PrimaryRaw,0,10,1,1.0,10,0.18989135324954987,,0,0,0,0,0,0,0,0,0,0
noise+fake_front,clean+shift,67,16,PrimaryTrustCalib,0,10,0,0.0,0,0.19603724777698517,quarantine,0,0,0,0,0,0,0,0,0,0
noise+fake_front,clean+shift,67,16,MultiPeerObjectGuard,0,10,0,0.0,0,0.20344367623329163,quarantine,0,0,0,0,1,1,1,1,0,0
noise+fake_front,clean+shift,67,17,EgoOnly,0,10,0,0.0,0,0.20082855224609375,,0,0,0,0,0,0,0,0,0,0
noise+fake_front,clean+shift,67,17,CleanCoop,0,10,0,0.0,0,0.20841830968856812,,0,0,0,0,0,0,0,0,0,0
noise+fake_front,clean+shift,67,17,PrimaryRaw,0,10,1,1.0,10,0.192787766456604,,0,0,0,0,0,0,0,0,0,0
noise+fake_front,clean+shift,67,17,PrimaryTrustCalib,0,10,1,1.0,10,0.19460520148277283,downweight,0,0,0,0,0,0,0,0,0,0
noise+fake_front,clean+shift,67,17,MultiPeerObjectGuard,0,10,1,1.0,10,0.19482015073299408,downweight,0,1,0,0,1,0,1,0,0,1
noise+fake_front,clean+shift,67,18,EgoOnly,0,10,0,0.0,0,0.20493096113204956,,0,0,0,0,0,0,0,0,0,0
noise+fake_front,clean+shift,67,18,CleanCoop,0,10,0,0.0,0,0.21254101395606995,,0,0,0,0,0,0,0,0,0,0
noise+fake_front,clean+shift,67,18,PrimaryRaw,0,10,1,1.0,10,0.19592897593975067,,0,0,0,0,0,0,0,0,0,0
noise+fake_front,clean+shift,67,18,PrimaryTrustCalib,0,10,0,0.0,0,0.20493096113204956,quarantine,0,0,0,0,0,0,0,0,0,0
noise+fake_front,clean+shift,67,18,MultiPeerObjectGuard,0,10,0,0.0,0,0.21254101395606995,quarantine,0,0,0,0,1,1,1,1,0,0
noise+fake_front,clean+shift,67,19,EgoOnly,0,10,0,0.0,0,0.21823662519454956,,0,0,0,0,0,0,0,0,0,0
noise+fake_front,clean+shift,67,19,CleanCoop,0,10,0,0.0,0,0.2289564162492752,,0,0,0,0,0,0,0,0,0,0
noise+fake_front,clean+shift,67,19,PrimaryRaw,0,10,1,1.0,10,0.20726372301578522,,0,0,0,0,0,0,0,0,0,0
noise+fake_front,clean+shift,67,19,PrimaryTrustCalib,0,10,1,1.0,10,0.20558398962020874,downweight,0,0,0,0,0,0,0,0,0,0
noise+fake_front,clean+shift,67,19,MultiPeerObjectGuard,0,10,1,1.0,10,0.2059701830148697,downweight,0,1,0,0,0,0,0,0,0,1
noise+fake_front,clean+shift,73,0,EgoOnly,0,10,0,0.0,0,0.16601423919200897,,0,0,0,0,0,0,0,0,0,0
noise+fake_front,clean+shift,73,0,CleanCoop,0,10,0,0.0,0,0.19133087992668152,,0,0,0,0,0,0,0,0,0,0
noise+fake_front,clean+shift,73,0,PrimaryRaw,0,10,1,1.0,10,0.18515507876873016,,0,0,0,0,0,0,0,0,0,0
noise+fake_front,clean+shift,73,0,PrimaryTrustCalib,0,10,1,1.0,10,0.18568988144397736,downweight,0,0,0,0,0,0,0,0,0,0
noise+fake_front,clean+shift,73,0,MultiPeerObjectGuard,0,10,1,1.0,10,0.18936887383460999,downweight,0,1,0,0,1,1,1,1,0,6
noise+fake_front,clean+shift,73,1,EgoOnly,0,10,0,0.0,0,0.16534101963043213,,0,0,0,0,0,0,0,0,0,0
noise+fake_front,clean+shift,73,1,CleanCoop,0,10,0,0.0,0,0.19109538197517395,,0,0,0,0,0,0,0,0,0,0
noise+fake_front,clean+shift,73,1,PrimaryRaw,0,10,1,1.0,10,0.18480083346366882,,0,0,0,0,0,0,0,0,0,0
noise+fake_front,clean+shift,73,1,PrimaryTrustCalib,1,10,1,1.0,10,0.1845909208059311,downweight,0,0,0,0,0,0,0,0,0,0
noise+fake_front,clean+shift,73,1,MultiPeerObjectGuard,1,10,1,1.0,10,0.1886143833398819,downweight,0,1,0,0,4,2,4,2,0,4
noise+fake_front,clean+shift,73,2,EgoOnly,0,10,0,0.0,0,0.16499581933021545,,0,0,0,0,0,0,0,0,0,0
noise+fake_front,clean+shift,73,2,CleanCoop,0,10,0,0.0,0,0.19113703072071075,,0,0,0,0,0,0,0,0,0,0
noise+fake_front,clean+shift,73,2,PrimaryRaw,0,10,1,1.0,10,0.18573607504367828,,0,0,0,0,0,0,0,0,0,0
noise+fake_front,clean+shift,73,2,PrimaryTrustCalib,0,10,1,1.0,10,0.18585537374019623,downweight,0,0,0,0,0,0,0,0,0,0
noise+fake_front,clean+shift,73,2,MultiPeerObjectGuard,0,10,1,1.0,10,0.18534129858016968,downweight,0,1,0,0,0,0,0,0,0,6
noise+fake_front,clean+shift,73,3,EgoOnly,0,10,0,0.0,0,0.16485720872879028,,0,0,0,0,0,0,0,0,0,0
noise+fake_front,clean+shift,73,3,CleanCoop,0,10,0,0.0,0,0.19129540026187897,,0,0,0,0,0,0,0,0,0,0
noise+fake_front,clean+shift,73,3,PrimaryRaw,0,10,1,1.0,10,0.18653658032417297,,0,0,0,0,0,0,0,0,0,0
noise+fake_front,clean+shift,73,3,PrimaryTrustCalib,0,10,0,0.0,0,0.16485720872879028,quarantine,0,0,0,0,0,0,0,0,0,0
noise+fake_front,clean+shift,73,3,MultiPeerObjectGuard,0,10,0,0.0,0,0.19129540026187897,quarantine,0,0,0,0,6,6,6,6,0,0
noise+fake_front,clean+shift,73,4,EgoOnly,0,10,0,0.0,0,0.1649143099784851,,0,0,0,0,0,0,0,0,0,0
noise+fake_front,clean+shift,73,4,CleanCoop,0,10,0,0.0,0,0.19163823127746582,,0,0,0,0,0,0,0,0,0,0
noise+fake_front,clean+shift,73,4,PrimaryRaw,0,10,1,1.0,10,0.1878119707107544,,0,0,0,0,0,0,0,0,0,0
noise+fake_front,clean+shift,73,4,PrimaryTrustCalib,0,10,1,1.0,10,0.18743129074573517,downweight,0,0,0,0,0,0,0,0,0,0
noise+fake_front,clean+shift,73,4,MultiPeerObjectGuard,0,10,1,1.0,10,0.18588531017303467,downweight,0,1,0,0,0,0,0,0,0,6
noise+fake_front,clean+shift,73,5,EgoOnly,0,10,0,0.0,0,0.16479618847370148,,0,0,0,0,0,0,0,0,0,0
noise+fake_front,clean+shift,73,5,CleanCoop,0,10,0,0.0,0,0.19155773520469666,,0,0,0,0,0,0,0,0,0,0
noise+fake_front,clean+shift,73,5,PrimaryRaw,0,10,1,1.0,10,0.18608763813972473,,0,0,0,0,0,0,0,0,0,0
noise+fake_front,clean+shift,73,5,PrimaryTrustCalib,0,10,0,0.0,0,0.16479618847370148,quarantine,0,0,0,0,0,0,0,0,0,0
noise+fake_front,clean+shift,73,5,MultiPeerObjectGuard,0,10,0,0.0,0,0.19155773520469666,quarantine,0,0,0,0,6,6,6,6,0,0
noise+fake_front,clean+shift,73,6,EgoOnly,0,10,0,0.0,0,0.16420230269432068,,0,0,0,0,0,0,0,0,0,0
noise+fake_front,clean+shift,73,6,CleanCoop,0,10,0,0.0,0,0.19207710027694702,,0,0,0,0,0,0,0,0,0,0
noise+fake_front,clean+shift,73,6,PrimaryRaw,0,10,1,1.0,10,0.18336033821105957,,0,0,0,0,0,0,0,0,0,0
noise+fake_front,clean+shift,73,6,PrimaryTrustCalib,0,10,1,1.0,10,0.18197289109230042,downweight,0,0,0,0,0,0,0,0,0,0
noise+fake_front,clean+shift,73,6,MultiPeerObjectGuard,0,10,1,1.0,10,0.18983611464500427,downweight,0,1,0,0,4,2,4,2,0,4
noise+fake_front,clean+shift,73,7,EgoOnly,0,10,0,0.0,0,0.16457699239253998,,0,0,0,0,0,0,0,0,0,0
noise+fake_front,clean+shift,73,7,CleanCoop,0,10,0,0.0,0,0.19382767379283905,,0,0,0,0,0,0,0,0,0,0
noise+fake_front,clean+shift,73,7,PrimaryRaw,0,10,1,1.0,10,0.186484232544899,,0,0,0,0,0,0,0,0,0,0
noise+fake_front,clean+shift,73,7,PrimaryTrustCalib,0,10,1,1.0,10,0.18662065267562866,downweight,0,0,0,0,0,0,0,0,0,0
noise+fake_front,clean+shift,73,7,MultiPeerObjectGuard,0,10,1,1.0,10,0.18976710736751556,downweight,0,1,0,0,1,1,1,1,0,5
noise+fake_front,clean+shift,73,8,EgoOnly,0,10,0,0.0,0,0.1621314436197281,,0,0,0,0,0,0,0,0,0,0
noise+fake_front,clean+shift,73,8,CleanCoop,0,10,0,0.0,0,0.19264629483222961,,0,0,0,0,0,0,0,0,0,0
noise+fake_front,clean+shift,73,8,PrimaryRaw,0,10,1,1.0,10,0.18619146943092346,,0,0,0,0,0,0,0,0,0,0
noise+fake_front,clean+shift,73,8,PrimaryTrustCalib,0,10,0,0.0,0,0.1621314436197281,quarantine,0,0,0,0,0,0,0,0,0,0
noise+fake_front,clean+shift,73,8,MultiPeerObjectGuard,0,10,0,0.0,0,0.19264629483222961,quarantine,0,0,0,0,6,6,6,6,0,0
noise+fake_front,clean+shift,73,9,EgoOnly,0,10,0,0.0,0,0.15137217938899994,,0,0,0,0,0,0,0,0,0,0
noise+fake_front,clean+shift,73,9,CleanCoop,0,10,0,0.0,0,0.18869300186634064,,0,0,0,0,0,0,0,0,0,0
noise+fake_front,clean+shift,73,9,PrimaryRaw,0,10,1,1.0,10,0.1838809847831726,,0,0,0,0,0,0,0,0,0,0
noise+fake_front,clean+shift,73,9,PrimaryTrustCalib,0,10,1,1.0,10,0.18440929055213928,downweight,0,0,0,0,0,0,0,0,0,0
noise+fake_front,clean+shift,73,9,MultiPeerObjectGuard,0,10,1,1.0,10,0.18927164375782013,downweight,0,1,0,0,1,1,1,1,0,6
noise+fake_front,clean+shift,73,10,EgoOnly,0,10,0,0.0,0,0.1406528651714325,,0,0,0,0,0,0,0,0,0,0
noise+fake_front,clean+shift,73,10,CleanCoop,0,10,0,0.0,0,0.18518461287021637,,0,0,0,0,0,0,0,0,0,0
noise+fake_front,clean+shift,73,10,PrimaryRaw,0,10,1,1.0,10,0.1804877370595932,,0,0,0,0,0,0,0,0,0,0
noise+fake_front,clean+shift,73,10,PrimaryTrustCalib,0,10,0,0.0,0,0.1406528651714325,quarantine,0,0,0,0,0,0,0,0,0,0
noise+fake_front,clean+shift,73,10,MultiPeerObjectGuard,0,10,0,0.0,0,0.18518461287021637,quarantine,0,0,0,0,6,6,6,6,0,0
noise+fake_front,clean+shift,73,11,EgoOnly,0,10,0,0.0,0,0.10217231512069702,,0,0,0,0,0,0,0,0,0,0
noise+fake_front,clean+shift,73,11,CleanCoop,0,10,0,0.0,0,0.14808225631713867,,0,0,0,0,0,0,0,0,0,0
noise+fake_front,clean+shift,73,11,PrimaryRaw,0,10,1,1.0,10,0.14592555165290833,,0,0,0,0,0,0,0,0,0,0
noise+fake_front,clean+shift,73,11,PrimaryTrustCalib,0,10,1,1.0,10,0.14513564109802246,downweight,0,0,0,0,0,0,0,0,0,0
noise+fake_front,clean+shift,73,11,MultiPeerObjectGuard,0,10,1,1.0,10,0.1454404890537262,downweight,0,1,0,0,1,0,1,0,0,6
noise+fake_front,clean+shift,73,12,EgoOnly,0,10,0,0.0,0,0.08897232264280319,,0,0,0,0,0,0,0,0,0,0
noise+fake_front,clean+shift,73,12,CleanCoop,0,10,0,0.0,0,0.11726321280002594,,0,0,0,0,0,0,0,0,0,0
noise+fake_front,clean+shift,73,12,PrimaryRaw,0,10,1,1.0,10,0.11256206780672073,,0,0,0,0,0,0,0,0,0,0
noise+fake_front,clean+shift,73,12,PrimaryTrustCalib,0,10,0,0.0,0,0.08897232264280319,quarantine,0,0,0,0,0,0,0,0,0,0
noise+fake_front,clean+shift,73,12,MultiPeerObjectGuard,0,10,0,0.0,0,0.11726321280002594,quarantine,0,0,0,0,6,6,6,6,0,0
noise+fake_front,clean+shift,73,13,EgoOnly,0,10,0,0.0,0,0.09429789334535599,,0,0,0,0,0,0,0,0,0,0
noise+fake_front,clean+shift,73,13,CleanCoop,0,10,0,0.0,0,0.10681170225143433,,0,0,0,0,0,0,0,0,0,0
noise+fake_front,clean+shift,73,13,PrimaryRaw,0,10,1,1.0,10,0.10867321491241455,,0,0,0,0,0,0,0,0,0,0
noise+fake_front,clean+shift,73,13,PrimaryTrustCalib,0,10,1,1.0,10,0.10710949450731277,downweight,0,0,0,0,0,0,0,0,0,0
noise+fake_front,clean+shift,73,13,MultiPeerObjectGuard,0,10,1,1.0,10,0.10761827975511551,downweight,0,1,0,0,0,0,0,0,0,4
noise+fake_front,clean+shift,73,14,EgoOnly,0,10,0,0.0,0,0.1721346229314804,,0,0,0,0,0,0,0,0,0,0
noise+fake_front,clean+shift,73,14,CleanCoop,0,10,0,0.0,0,0.10056286305189133,,0,0,0,0,0,0,0,0,0,0
noise+fake_front,clean+shift,73,14,PrimaryRaw,0,10,1,1.0,10,0.10510966181755066,,0,0,0,0,0,0,0,0,0,0
noise+fake_front,clean+shift,73,14,PrimaryTrustCalib,0,10,1,1.0,10,0.10429597645998001,downweight,0,0,0,0,0,0,0,0,0,0
noise+fake_front,clean+shift,73,14,MultiPeerObjectGuard,0,10,0,0.0,0,0.10180138796567917,downweight,0,1,0,0,2,0,2,0,0,7
noise+fake_front,clean+shift,73,15,EgoOnly,0,10,1,0.0,0,0.315283864736557,,0,0,0,0,0,0,0,0,0,0
noise+fake_front,clean+shift,73,15,CleanCoop,0,10,0,0.0,0,0.11781156808137894,,0,0,0,0,0,0,0,0,0,0
noise+fake_front,clean+shift,73,15,PrimaryRaw,0,10,1,1.0,10,0.13282395899295807,,0,0,0,0,0,0,0,0,0,0
noise+fake_front,clean+shift,73,15,PrimaryTrustCalib,0,10,1,1.0,10,0.1423526108264923,correct,0,0,0,0,0,0,0,0,0,0
noise+fake_front,clean+shift,73,15,MultiPeerObjectGuard,0,10,0,0.0,0,0.12668217718601227,correct,0,1,0,0,4,1,4,1,0,8
noise+fake_front,clean+shift,73,16,EgoOnly,0,10,1,0.0,0,0.44703251123428345,,0,0,0,0,0,0,0,0,0,0
noise+fake_front,clean+shift,73,16,CleanCoop,0,10,0,0.0,0,0.2658202648162842,,0,0,0,0,0,0,0,0,0,0
noise+fake_front,clean+shift,73,16,PrimaryRaw,0,10,1,1.0,10,0.2936194837093353,,0,0,0,0,0,0,0,0,0,0
noise+fake_front,clean+shift,73,16,PrimaryTrustCalib,0,10,1,1.0,10,0.29236912727355957,downweight,0,0,0,0,0,0,0,0,0,0
noise+fake_front,clean+shift,73,16,MultiPeerObjectGuard,0,10,1,1.0,10,0.2833150327205658,downweight,0,1,0,0,4,1,4,1,0,5
noise+fake_front,clean+shift,73,17,EgoOnly,0,10,1,0.0,0,0.4986949861049652,,0,0,0,0,0,0,0,0,0,0
noise+fake_front,clean+shift,73,17,CleanCoop,0,10,0,0.0,0,0.2945563793182373,,0,0,0,0,0,0,0,0,0,0
noise+fake_front,clean+shift,73,17,PrimaryRaw,0,10,1,1.0,10,0.32219940423965454,,0,0,0,0,0,0,0,0,0,0
noise+fake_front,clean+shift,73,17,PrimaryTrustCalib,0,10,1,1.0,10,0.3178754448890686,downweight,0,0,0,0,0,0,0,0,0,0
noise+fake_front,clean+shift,73,17,MultiPeerObjectGuard,0,10,1,1.0,10,0.30008164048194885,downweight,0,1,0,0,1,1,1,1,0,5
noise+fake_front,clean+shift,73,18,EgoOnly,0,10,1,0.0,0,0.5220518112182617,,0,0,0,0,0,0,0,0,0,0
noise+fake_front,clean+shift,73,18,CleanCoop,0,10,1,0.0,0,0.5125468969345093,,0,0,0,0,0,0,0,0,0,0
noise+fake_front,clean+shift,73,18,PrimaryRaw,0,10,1,1.0,10,0.5332732796669006,,0,0,0,0,0,0,0,0,0,0
noise+fake_front,clean+shift,73,18,PrimaryTrustCalib,0,10,1,1.0,10,0.533881425857544,downweight,0,0,0,0,0,0,0,0,0,0
noise+fake_front,clean+shift,73,18,MultiPeerObjectGuard,0,10,1,1.0,10,0.5315499901771545,downweight,0,1,0,0,1,1,1,1,0,4
noise+fake_front,clean+shift,73,19,EgoOnly,0,10,1,0.0,0,0.5422191619873047,,0,0,0,0,0,0,0,0,0,0
noise+fake_front,clean+shift,73,19,CleanCoop,0,10,1,0.0,0,0.5478320717811584,,0,0,0,0,0,0,0,0,0,0
noise+fake_front,clean+shift,73,19,PrimaryRaw,0,10,1,1.0,10,0.5632726550102234,,0,0,0,0,0,0,0,0,0,0
noise+fake_front,clean+shift,73,19,PrimaryTrustCalib,0,10,1,1.0,10,0.5614458322525024,correct,0,0,0,0,0,0,0,0,0,0
noise+fake_front,clean+shift,73,19,MultiPeerObjectGuard,0,10,1,1.0,10,0.5567964315414429,correct,0,1,0,0,1,1,1,1,0,4
noise+fake_front,clean+shift,78,0,EgoOnly,0,10,1,0.3,3,0.12954707443714142,,0,0,0,0,0,0,0,0,0,0
noise+fake_front,clean+shift,78,0,CleanCoop,0,10,1,0.3,3,0.11048141121864319,,0,0,0,0,0,0,0,0,0,0
noise+fake_front,clean+shift,78,0,PrimaryRaw,1,10,1,0.7,7,0.1110684722661972,,0,0,0,0,0,0,0,0,0,0
noise+fake_front,clean+shift,78,0,PrimaryTrustCalib,0,10,1,0.7,7,0.11123213917016983,downweight,0,0,0,0,0,0,0,0,0,0
noise+fake_front,clean+shift,78,0,MultiPeerObjectGuard,0,10,1,0.7,7,0.11048141121864319,downweight,0,1,0,0,15,6,15,6,0,26
noise+fake_front,clean+shift,78,1,EgoOnly,0,10,1,0.2,2,0.12981969118118286,,0,0,0,0,0,0,0,0,0,0
noise+fake_front,clean+shift,78,1,CleanCoop,0,10,1,0.2,2,0.11107562482357025,,0,0,0,0,0,0,0,0,0,0
noise+fake_front,clean+shift,78,1,PrimaryRaw,1,10,1,0.6,6,0.11148837953805923,,0,0,0,0,0,0,0,0,0,0
noise+fake_front,clean+shift,78,1,PrimaryTrustCalib,1,10,1,0.6,6,0.11133189499378204,downweight,0,0,0,0,0,0,0,0,0,0
noise+fake_front,clean+shift,78,1,MultiPeerObjectGuard,1,10,1,0.6,6,0.11090484261512756,downweight,0,1,0,0,4,1,4,1,0,31
noise+fake_front,clean+shift,78,2,EgoOnly,0,10,1,0.1,1,0.12319523841142654,,0,0,0,0,0,0,0,0,0,0
noise+fake_front,clean+shift,78,2,CleanCoop,0,10,1,0.1,1,0.10924666374921799,,0,0,0,0,0,0,0,0,0,0
noise+fake_front,clean+shift,78,2,PrimaryRaw,0,10,1,0.6,6,0.10959973186254501,,0,0,0,0,0,0,0,0,0,0
noise+fake_front,clean+shift,78,2,PrimaryTrustCalib,0,10,1,0.6,6,0.10965564846992493,downweight,0,0,0,0,0,0,0,0,0,0
noise+fake_front,clean+shift,78,2,MultiPeerObjectGuard,0,10,1,0.6,6,0.10924666374921799,downweight,0,1,0,0,6,3,6,3,0,30
noise+fake_front,clean+shift,78,3,EgoOnly,0,10,1,0.1,1,0.19251790642738342,,0,0,0,0,0,0,0,0,0,0
noise+fake_front,clean+shift,78,3,CleanCoop,0,10,1,0.1,1,0.14397166669368744,,0,0,0,0,0,0,0,0,0,0
noise+fake_front,clean+shift,78,3,PrimaryRaw,0,10,1,0.6,6,0.1440238654613495,,0,0,0,0,0,0,0,0,0,0
noise+fake_front,clean+shift,78,3,PrimaryTrustCalib,0,10,1,0.6,6,0.14364446699619293,downweight,0,0,0,0,0,0,0,0,0,0
noise+fake_front,clean+shift,78,3,MultiPeerObjectGuard,0,10,1,0.6,6,0.14414666593074799,downweight,0,1,0,0,7,3,7,3,0,30
noise+fake_front,clean+shift,78,4,EgoOnly,0,10,1,0.2,2,0.3620877265930176,,0,0,0,0,0,0,0,0,0,0
noise+fake_front,clean+shift,78,4,CleanCoop,0,10,1,0.2,2,0.21949465572834015,,0,0,0,0,0,0,0,0,0,0
noise+fake_front,clean+shift,78,4,PrimaryRaw,0,10,1,0.5,5,0.21927988529205322,,0,0,0,0,0,0,0,0,0,0
noise+fake_front,clean+shift,78,4,PrimaryTrustCalib,1,10,1,0.6,6,0.22331425547599792,downweight,0,0,0,0,0,0,0,0,0,0
noise+fake_front,clean+shift,78,4,MultiPeerObjectGuard,1,10,1,0.6,6,0.22613972425460815,downweight,0,1,0,0,12,7,12,7,0,28
noise+fake_front,clean+shift,78,5,EgoOnly,0,10,1,0.2,2,0.5474198460578918,,0,0,0,0,0,0,0,0,0,0
noise+fake_front,clean+shift,78,5,CleanCoop,0,10,1,0.2,2,0.3331950604915619,,0,0,0,0,0,0,0,0,0,0
noise+fake_front,clean+shift,78,5,PrimaryRaw,0,10,1,0.5,5,0.33955636620521545,,0,0,0,0,0,0,0,0,0,0
noise+fake_front,clean+shift,78,5,PrimaryTrustCalib,1,10,1,0.5,5,0.34217384457588196,downweight,0,0,0,0,0,0,0,0,0,0
noise+fake_front,clean+shift,78,5,MultiPeerObjectGuard,1,10,1,0.5,5,0.3346673846244812,downweight,0,1,0,0,6,1,6,1,0,31
noise+fake_front,clean+shift,78,6,EgoOnly,0,10,1,0.2,2,0.30808374285697937,,0,0,0,0,0,0,0,0,0,0
noise+fake_front,clean+shift,78,6,CleanCoop,0,10,1,0.2,2,0.4078378677368164,,0,0,0,0,0,0,0,0,0,0
noise+fake_front,clean+shift,78,6,PrimaryRaw,0,10,1,0.5,5,0.40520933270454407,,0,0,0,0,0,0,0,0,0,0
noise+fake_front,clean+shift,78,6,PrimaryTrustCalib,0,10,1,0.2,2,0.30808374285697937,quarantine,0,0,0,0,0,0,0,0,0,0
noise+fake_front,clean+shift,78,6,MultiPeerObjectGuard,0,10,1,0.2,2,0.41783517599105835,quarantine,0,0,0,0,28,28,28,28,0,0
noise+fake_front,clean+shift,78,7,EgoOnly,0,10,1,0.1,1,0.6787148118019104,,0,0,0,0,0,0,0,0,0,0
noise+fake_front,clean+shift,78,7,CleanCoop,0,10,1,0.1,1,0.4522174298763275,,0,0,0,0,0,0,0,0,0,0
noise+fake_front,clean+shift,78,7,PrimaryRaw,0,10,1,0.5,5,0.46037936210632324,,0,0,0,0,0,0,0,0,0,0
noise+fake_front,clean+shift,78,7,PrimaryTrustCalib,1,10,1,0.5,5,0.4645882844924927,downweight,0,0,0,0,0,0,0,0,0,0
noise+fake_front,clean+shift,78,7,MultiPeerObjectGuard,1,10,1,0.5,5,0.4522174298763275,downweight,0,1,0,0,4,1,4,1,0,31
noise+fake_front,clean+shift,78,8,EgoOnly,0,10,1,0.1,1,0.688628077507019,,0,0,0,0,0,0,0,0,0,0
noise+fake_front,clean+shift,78,8,CleanCoop,0,10,1,0.1,1,0.46345460414886475,,0,0,0,0,0,0,0,0,0,0
noise+fake_front,clean+shift,78,8,PrimaryRaw,0,10,1,0.5,5,0.457701176404953,,0,0,0,0,0,0,0,0,0,0
noise+fake_front,clean+shift,78,8,PrimaryTrustCalib,0,10,1,0.5,5,0.45915934443473816,downweight,0,0,0,0,0,0,0,0,0,0
noise+fake_front,clean+shift,78,8,MultiPeerObjectGuard,0,10,1,0.5,5,0.46345460414886475,downweight,0,1,0,0,6,2,6,2,0,30
noise+fake_front,clean+shift,78,9,EgoOnly,0,10,1,0.1,1,0.7399701476097107,,0,0,0,0,0,0,0,0,0,0
noise+fake_front,clean+shift,78,9,CleanCoop,0,10,1,0.1,1,0.5069028735160828,,0,0,0,0,0,0,0,0,0,0
noise+fake_front,clean+shift,78,9,PrimaryRaw,0,10,1,0.5,5,0.49924618005752563,,0,0,0,0,0,0,0,0,0,0
noise+fake_front,clean+shift,78,9,PrimaryTrustCalib,0,10,1,0.4,4,0.49251094460487366,downweight,0,0,0,0,0,0,0,0,0,0
noise+fake_front,clean+shift,78,9,MultiPeerObjectGuard,0,10,1,0.4,4,0.5068020224571228,downweight,0,1,0,0,16,9,16,9,0,23
noise+fake_front,clean+shift,78,10,EgoOnly,0,10,1,0.1,1,0.7910642027854919,,0,0,0,0,0,0,0,0,0,0
noise+fake_front,clean+shift,78,10,CleanCoop,0,10,1,0.1,1,0.5417523384094238,,0,0,0,0,0,0,0,0,0,0
noise+fake_front,clean+shift,78,10,PrimaryRaw,0,10,1,0.5,5,0.5471265912055969,,0,0,0,0,0,0,0,0,0,0
noise+fake_front,clean+shift,78,10,PrimaryTrustCalib,0,10,1,0.4,4,0.5447923541069031,downweight,0,0,0,0,0,0,0,0,0,0
noise+fake_front,clean+shift,78,10,MultiPeerObjectGuard,0,10,1,0.4,4,0.5417523384094238,downweight,0,1,0,0,6,1,6,1,0,30
noise+fake_front,clean+shift,78,11,EgoOnly,0,10,1,0.0,0,0.8206885457038879,,0,0,0,0,0,0,0,0,0,0
noise+fake_front,clean+shift,78,11,CleanCoop,0,10,1,0.0,0,0.5815539956092834,,0,0,0,0,0,0,0,0,0,0
noise+fake_front,clean+shift,78,11,PrimaryRaw,0,10,1,0.3,3,0.5745052695274353,,0,0,0,0,0,0,0,0,0,0
noise+fake_front,clean+shift,78,11,PrimaryTrustCalib,0,10,1,0.4,4,0.5769324898719788,downweight,0,0,0,0,0,0,0,0,0,0
noise+fake_front,clean+shift,78,11,MultiPeerObjectGuard,0,10,1,0.4,4,0.5807989239692688,downweight,0,1,0,0,7,4,7,4,0,30
noise+fake_front,clean+shift,78,12,EgoOnly,0,10,1,0.1,1,0.6646993160247803,,0,0,0,0,0,0,0,0,0,0
noise+fake_front,clean+shift,78,12,CleanCoop,0,10,1,0.1,1,0.33677923679351807,,0,0,0,0,0,0,0,0,0,0
noise+fake_front,clean+shift,78,12,PrimaryRaw,0,10,1,0.4,4,0.36297377943992615,,0,0,0,0,0,0,0,0,0,0
noise+fake_front,clean+shift,78,12,PrimaryTrustCalib,0,10,1,0.5,5,0.3621123731136322,downweight,0,0,0,0,0,0,0,0,0,0
noise+fake_front,clean+shift,78,12,MultiPeerObjectGuard,0,10,1,0.5,5,0.36898842453956604,downweight,0,1,0,0,11,6,11,6,0,27
noise+fake_front,clean+shift,78,13,EgoOnly,0,10,1,0.2,2,0.7193747162818909,,0,0,0,0,0,0,0,0,0,0
noise+fake_front,clean+shift,78,13,CleanCoop,0,10,1,0.2,2,0.41879400610923767,,0,0,0,0,0,0,0,0,0,0
noise+fake_front,clean+shift,78,13,PrimaryRaw,0,10,1,0.7,7,0.44061148166656494,,0,0,0,0,0,0,0,0,0,0
noise+fake_front,clean+shift,78,13,PrimaryTrustCalib,0,10,1,0.7,7,0.44136714935302734,downweight,0,0,0,0,0,0,0,0,0,0
noise+fake_front,clean+shift,78,13,MultiPeerObjectGuard,0,10,1,0.7,7,0.4149858057498932,downweight,0,1,0,0,10,1,10,1,0,31
noise+fake_front,clean+shift,78,14,EgoOnly,0,10,1,0.2,2,0.4655480682849884,,0,0,0,0,0,0,0,0,0,0
noise+fake_front,clean+shift,78,14,CleanCoop,0,10,1,0.2,2,0.4816743731498718,,0,0,0,0,0,0,0,0,0,0
noise+fake_front,clean+shift,78,14,PrimaryRaw,0,10,1,0.7,7,0.4563896656036377,,0,0,0,0,0,0,0,0,0,0
noise+fake_front,clean+shift,78,14,PrimaryTrustCalib,0,10,1,0.7,7,0.45388779044151306,downweight,0,0,0,0,0,0,0,0,0,0
noise+fake_front,clean+shift,78,14,MultiPeerObjectGuard,0,10,1,0.7,7,0.4816743731498718,downweight,0,1,0,0,4,2,4,2,0,29
noise+fake_front,clean+shift,78,15,EgoOnly,0,10,1,0.5,5,0.8046050667762756,,0,0,0,0,0,0,0,0,0,0
noise+fake_front,clean+shift,78,15,CleanCoop,0,10,1,0.5,5,0.5441155433654785,,0,0,0,0,0,0,0,0,0,0
noise+fake_front,clean+shift,78,15,PrimaryRaw,4,10,1,1.0,10,0.5526366233825684,,0,0,0,0,0,0,0,0,0,0
noise+fake_front,clean+shift,78,15,PrimaryTrustCalib,1,10,1,1.0,10,0.5562304258346558,downweight,0,0,0,0,0,0,0,0,0,0
noise+fake_front,clean+shift,78,15,MultiPeerObjectGuard,1,10,1,1.0,10,0.5441155433654785,downweight,0,1,0,0,11,2,11,2,0,31
noise+fake_front,clean+shift,78,16,EgoOnly,0,10,1,0.4,4,0.8021913766860962,,0,0,0,0,0,0,0,0,0,0
noise+fake_front,clean+shift,78,16,CleanCoop,0,10,1,0.4,4,0.57822185754776,,0,0,0,0,0,0,0,0,0,0
noise+fake_front,clean+shift,78,16,PrimaryRaw,0,10,1,1.0,10,0.5903955698013306,,0,0,0,0,0,0,0,0,0,0
noise+fake_front,clean+shift,78,16,PrimaryTrustCalib,0,10,1,1.0,10,0.5940361618995667,downweight,0,0,0,0,0,0,0,0,0,0
noise+fake_front,clean+shift,78,16,MultiPeerObjectGuard,0,10,1,1.0,10,0.583852231502533,downweight,0,1,0,0,8,3,8,3,0,28
noise+fake_front,clean+shift,78,17,EgoOnly,0,10,1,0.1,1,0.7098711133003235,,0,0,0,0,0,0,0,0,0,0
noise+fake_front,clean+shift,78,17,CleanCoop,0,10,1,0.1,1,0.5586426258087158,,0,0,0,0,0,0,0,0,0,0
noise+fake_front,clean+shift,78,17,PrimaryRaw,0,10,1,1.0,10,0.5676394701004028,,0,0,0,0,0,0,0,0,0,0
noise+fake_front,clean+shift,78,17,PrimaryTrustCalib,1,10,1,1.0,10,0.5616718530654907,downweight,0,0,0,0,0,0,0,0,0,0
noise+fake_front,clean+shift,78,17,MultiPeerObjectGuard,1,10,1,1.0,10,0.5585374236106873,downweight,0,1,0,0,5,2,5,2,0,27
noise+fake_front,clean+shift,78,18,EgoOnly,0,10,1,0.1,1,0.5057668089866638,,0,0,0,0,0,0,0,0,0,0
noise+fake_front,clean+shift,78,18,CleanCoop,0,10,1,0.1,1,0.5227265357971191,,0,0,0,0,0,0,0,0,0,0
noise+fake_front,clean+shift,78,18,PrimaryRaw,0,10,1,1.0,10,0.5332390069961548,,0,0,0,0,0,0,0,0,0,0
noise+fake_front,clean+shift,78,18,PrimaryTrustCalib,0,10,1,1.0,10,0.5323701500892639,downweight,0,0,0,0,0,0,0,0,0,0
noise+fake_front,clean+shift,78,18,MultiPeerObjectGuard,0,10,1,1.0,10,0.5227265357971191,downweight,0,1,0,0,5,3,5,3,0,28
noise+fake_front,clean+shift,78,19,EgoOnly,0,10,1,0.2,2,0.25431203842163086,,0,0,0,0,0,0,0,0,0,0
noise+fake_front,clean+shift,78,19,CleanCoop,0,10,1,0.2,2,0.5767615437507629,,0,0,0,0,0,0,0,0,0,0
noise+fake_front,clean+shift,78,19,PrimaryRaw,0,10,1,1.0,10,0.5281176567077637,,0,0,0,0,0,0,0,0,0,0
noise+fake_front,clean+shift,78,19,PrimaryTrustCalib,0,10,1,1.0,10,0.5300891399383545,downweight,0,0,0,0,0,0,0,0,0,0
noise+fake_front,clean+shift,78,19,MultiPeerObjectGuard,0,10,1,1.0,10,0.5767615437507629,downweight,0,1,0,0,7,1,7,1,0,29
noise+fake_front,clean+shift,80,0,EgoOnly,0,10,0,0.0,0,0.15497294068336487,,0,0,0,0,0,0,0,0,0,0
noise+fake_front,clean+shift,80,0,CleanCoop,0,10,0,0.0,0,0.1743956059217453,,0,0,0,0,0,0,0,0,0,0
noise+fake_front,clean+shift,80,0,PrimaryRaw,0,10,1,1.0,10,0.17550300061702728,,0,0,0,0,0,0,0,0,0,0
noise+fake_front,clean+shift,80,0,PrimaryTrustCalib,0,10,0,0.0,0,0.15497294068336487,quarantine,0,0,0,0,0,0,0,0,0,0
noise+fake_front,clean+shift,80,0,MultiPeerObjectGuard,0,10,0,0.0,0,0.1528957337141037,quarantine,0,0,0,0,26,23,26,23,0,0
noise+fake_front,clean+shift,80,1,EgoOnly,0,10,0,0.0,0,0.15472638607025146,,0,0,0,0,0,0,0,0,0,0
noise+fake_front,clean+shift,80,1,CleanCoop,0,10,0,0.0,0,0.17476676404476166,,0,0,0,0,0,0,0,0,0,0
noise+fake_front,clean+shift,80,1,PrimaryRaw,0,10,1,1.0,10,0.1801532357931137,,0,0,0,0,0,0,0,0,0,0
noise+fake_front,clean+shift,80,1,PrimaryTrustCalib,0,10,1,1.0,10,0.18012434244155884,downweight,0,0,0,0,0,0,0,0,0,0
noise+fake_front,clean+shift,80,1,MultiPeerObjectGuard,0,10,1,1.0,10,0.17789943516254425,downweight,0,1,0,0,5,0,5,0,0,25
noise+fake_front,clean+shift,80,2,EgoOnly,0,10,0,0.0,0,0.15599022805690765,,0,0,0,0,0,0,0,0,0,0
noise+fake_front,clean+shift,80,2,CleanCoop,0,10,0,0.0,0,0.1882997751235962,,0,0,0,0,0,0,0,0,0,0
noise+fake_front,clean+shift,80,2,PrimaryRaw,0,10,1,1.0,10,0.1893606185913086,,0,0,0,0,0,0,0,0,0,0
noise+fake_front,clean+shift,80,2,PrimaryTrustCalib,0,10,1,1.0,10,0.18912790715694427,downweight,0,0,0,0,0,0,0,0,0,0
noise+fake_front,clean+shift,80,2,MultiPeerObjectGuard,0,10,1,1.0,10,0.19087155163288116,downweight,0,1,0,0,11,4,11,4,0,21
noise+fake_front,clean+shift,80,3,EgoOnly,0,10,0,0.0,0,0.19197608530521393,,0,0,0,0,0,0,0,0,0,0
noise+fake_front,clean+shift,80,3,CleanCoop,0,10,0,0.0,0,0.18690340220928192,,0,0,0,0,0,0,0,0,0,0
noise+fake_front,clean+shift,80,3,PrimaryRaw,0,10,1,1.0,10,0.1917833536863327,,0,0,0,0,0,0,0,0,0,0
noise+fake_front,clean+shift,80,3,PrimaryTrustCalib,2,10,1,1.0,10,0.19440427422523499,downweight,0,0,0,0,0,0,0,0,0,0
noise+fake_front,clean+shift,80,3,MultiPeerObjectGuard,2,10,1,1.0,10,0.19114142656326294,downweight,0,1,0,0,8,2,8,2,0,26
noise+fake_front,clean+shift,80,4,EgoOnly,0,10,0,0.0,0,0.15876798331737518,,0,0,0,0,0,0,0,0,0,0
noise+fake_front,clean+shift,80,4,CleanCoop,0,10,0,0.0,0,0.20071597397327423,,0,0,0,0,0,0,0,0,0,0
noise+fake_front,clean+shift,80,4,PrimaryRaw,0,10,1,1.0,10,0.205354705452919,,0,0,0,0,0,0,0,0,0,0
noise+fake_front,clean+shift,80,4,PrimaryTrustCalib,0,10,1,1.0,10,0.2055598348379135,downweight,0,0,0,0,0,0,0,0,0,0
noise+fake_front,clean+shift,80,4,MultiPeerObjectGuard,0,10,1,1.0,10,0.20071597397327423,downweight,0,1,0,0,3,0,3,0,0,27
noise+fake_front,clean+shift,80,5,EgoOnly,0,10,0,0.0,0,0.1849142163991928,,0,0,0,0,0,0,0,0,0,0
noise+fake_front,clean+shift,80,5,CleanCoop,0,10,0,0.0,0,0.20513828098773956,,0,0,0,0,0,0,0,0,0,0
noise+fake_front,clean+shift,80,5,PrimaryRaw,0,10,1,1.0,10,0.2071673572063446,,0,0,0,0,0,0,0,0,0,0
noise+fake_front,clean+shift,80,5,PrimaryTrustCalib,0,10,0,0.0,0,0.1849142163991928,quarantine,0,0,0,0,0,0,0,0,0,0
noise+fake_front,clean+shift,80,5,MultiPeerObjectGuard,0,10,0,0.0,0,0.18131183087825775,quarantine,0,0,0,0,28,25,28,25,0,0
noise+fake_front,clean+shift,80,6,EgoOnly,0,10,0,0.0,0,0.18793021142482758,,0,0,0,0,0,0,0,0,0,0
noise+fake_front,clean+shift,80,6,CleanCoop,0,10,0,0.0,0,0.2074824422597885,,0,0,0,0,0,0,0,0,0,0
noise+fake_front,clean+shift,80,6,PrimaryRaw,0,10,1,1.0,10,0.2116330862045288,,0,0,0,0,0,0,0,0,0,0
noise+fake_front,clean+shift,80,6,PrimaryTrustCalib,0,10,1,1.0,10,0.21345944702625275,downweight,0,0,0,0,0,0,0,0,0,0
noise+fake_front,clean+shift,80,6,MultiPeerObjectGuard,0,10,1,1.0,10,0.21029570698738098,downweight,0,1,0,0,5,1,5,1,0,25
noise+fake_front,clean+shift,80,7,EgoOnly,0,10,0,0.0,0,0.16871610283851624,,0,0,0,0,0,0,0,0,0,0
noise+fake_front,clean+shift,80,7,CleanCoop,0,10,0,0.0,0,0.21609708666801453,,0,0,0,0,0,0,0,0,0,0
noise+fake_front,clean+shift,80,7,PrimaryRaw,0,10,1,1.0,10,0.2198154777288437,,0,0,0,0,0,0,0,0,0,0
noise+fake_front,clean+shift,80,7,PrimaryTrustCalib,0,10,1,1.0,10,0.22011935710906982,downweight,0,0,0,0,0,0,0,0,0,0
noise+fake_front,clean+shift,80,7,MultiPeerObjectGuard,0,10,1,1.0,10,0.21658971905708313,downweight,0,1,0,0,6,0,6,0,0,27
noise+fake_front,clean+shift,80,8,EgoOnly,0,10,0,0.0,0,0.170697882771492,,0,0,0,0,0,0,0,0,0,0
noise+fake_front,clean+shift,80,8,CleanCoop,0,10,0,0.0,0,0.2254209965467453,,0,0,0,0,0,0,0,0,0,0
noise+fake_front,clean+shift,80,8,PrimaryRaw,0,10,1,1.0,10,0.23265863955020905,,0,0,0,0,0,0,0,0,0,0
noise+fake_front,clean+shift,80,8,PrimaryTrustCalib,0,10,1,1.0,10,0.22926446795463562,downweight,0,0,0,0,0,0,0,0,0,0
noise+fake_front,clean+shift,80,8,MultiPeerObjectGuard,0,10,1,1.0,10,0.2254209965467453,downweight,0,1,0,0,8,2,8,2,0,27
noise+fake_front,clean+shift,80,9,EgoOnly,0,10,0,0.0,0,0.17252126336097717,,0,0,0,0,0,0,0,0,0,0
noise+fake_front,clean+shift,80,9,CleanCoop,0,10,0,0.0,0,0.22917573153972626,,0,0,0,0,0,0,0,0,0,0
noise+fake_front,clean+shift,80,9,PrimaryRaw,0,10,1,1.0,10,0.23256003856658936,,0,0,0,0,0,0,0,0,0,0
noise+fake_front,clean+shift,80,9,PrimaryTrustCalib,0,10,1,1.0,10,0.22830477356910706,downweight,0,0,0,0,0,0,0,0,0,0
noise+fake_front,clean+shift,80,9,MultiPeerObjectGuard,0,10,1,1.0,10,0.22357575595378876,downweight,0,1,0,0,7,2,7,2,0,23
noise+fake_front,clean+shift,80,10,EgoOnly,0,10,0,0.0,0,0.24531298875808716,,0,0,0,0,0,0,0,0,0,0
noise+fake_front,clean+shift,80,10,CleanCoop,0,10,0,0.0,0,0.18081657588481903,,0,0,0,0,0,0,0,0,0,0
noise+fake_front,clean+shift,80,10,PrimaryRaw,0,10,1,1.0,10,0.17546935379505157,,0,0,0,0,0,0,0,0,0,0
noise+fake_front,clean+shift,80,10,PrimaryTrustCalib,0,10,1,1.0,10,0.17661090195178986,downweight,0,0,0,0,0,0,0,0,0,0
noise+fake_front,clean+shift,80,10,MultiPeerObjectGuard,0,10,1,1.0,10,0.17907239496707916,downweight,0,1,0,0,8,4,8,4,0,25
noise+fake_front,clean+shift,80,11,EgoOnly,0,10,0,0.0,0,0.238387331366539,,0,0,0,0,0,0,0,0,0,0
noise+fake_front,clean+shift,80,11,CleanCoop,0,10,0,0.0,0,0.18065834045410156,,0,0,0,0,0,0,0,0,0,0
noise+fake_front,clean+shift,80,11,PrimaryRaw,0,10,1,1.0,10,0.17203563451766968,,0,0,0,0,0,0,0,0,0,0
noise+fake_front,clean+shift,80,11,PrimaryTrustCalib,0,10,1,1.0,10,0.16965946555137634,downweight,0,0,0,0,0,0,0,0,0,0
noise+fake_front,clean+shift,80,11,MultiPeerObjectGuard,0,10,1,1.0,10,0.18065834045410156,downweight,0,1,0,0,4,1,4,1,0,28
noise+fake_front,clean+shift,80,12,EgoOnly,0,10,0,0.0,0,0.2320539653301239,,0,0,0,0,0,0,0,0,0,0
noise+fake_front,clean+shift,80,12,CleanCoop,0,10,0,0.0,0,0.16264145076274872,,0,0,0,0,0,0,0,0,0,0
noise+fake_front,clean+shift,80,12,PrimaryRaw,0,10,1,1.0,10,0.16457313299179077,,0,0,0,0,0,0,0,0,0,0
noise+fake_front,clean+shift,80,12,PrimaryTrustCalib,0,10,1,1.0,10,0.16584205627441406,downweight,0,0,0,0,0,0,0,0,0,0
noise+fake_front,clean+shift,80,12,MultiPeerObjectGuard,0,10,1,1.0,10,0.16264145076274872,downweight,0,1,0,0,3,1,3,1,0,27
noise+fake_front,clean+shift,80,13,EgoOnly,0,10,0,0.0,0,0.22358140349388123,,0,0,0,0,0,0,0,0,0,0
noise+fake_front,clean+shift,80,13,CleanCoop,0,10,0,0.0,0,0.18605703115463257,,0,0,0,0,0,0,0,0,0,0
noise+fake_front,clean+shift,80,13,PrimaryRaw,0,10,1,1.0,10,0.1849137842655182,,0,0,0,0,0,0,0,0,0,0
noise+fake_front,clean+shift,80,13,PrimaryTrustCalib,0,10,1,1.0,10,0.1843310296535492,downweight,0,0,0,0,0,0,0,0,0,0
noise+fake_front,clean+shift,80,13,MultiPeerObjectGuard,0,10,1,1.0,10,0.18605703115463257,downweight,0,1,0,0,4,1,4,1,0,29
noise+fake_front,clean+shift,80,14,EgoOnly,0,10,0,0.0,0,0.20264539122581482,,0,0,0,0,0,0,0,0,0,0
noise+fake_front,clean+shift,80,14,CleanCoop,0,10,0,0.0,0,0.18735340237617493,,0,0,0,0,0,0,0,0,0,0
noise+fake_front,clean+shift,80,14,PrimaryRaw,0,10,1,1.0,10,0.1884649246931076,,0,0,0,0,0,0,0,0,0,0
noise+fake_front,clean+shift,80,14,PrimaryTrustCalib,0,10,1,1.0,10,0.18851898610591888,downweight,0,0,0,0,0,0,0,0,0,0
noise+fake_front,clean+shift,80,14,MultiPeerObjectGuard,0,10,1,1.0,10,0.18693341314792633,downweight,0,1,0,0,6,4,6,4,0,28
noise+fake_front,clean+shift,80,15,EgoOnly,0,10,0,0.0,0,0.21827535331249237,,0,0,0,0,0,0,0,0,0,0
noise+fake_front,clean+shift,80,15,CleanCoop,0,10,0,0.0,0,0.18004636466503143,,0,0,0,0,0,0,0,0,0,0
noise+fake_front,clean+shift,80,15,PrimaryRaw,0,10,1,1.0,10,0.18116885423660278,,0,0,0,0,0,0,0,0,0,0
noise+fake_front,clean+shift,80,15,PrimaryTrustCalib,0,10,1,1.0,10,0.1835125833749771,downweight,0,0,0,0,0,0,0,0,0,0
noise+fake_front,clean+shift,80,15,MultiPeerObjectGuard,0,10,1,1.0,10,0.18004636466503143,downweight,0,1,0,0,6,2,6,2,0,26
noise+fake_front,clean+shift,80,16,EgoOnly,0,10,0,0.0,0,0.22088734805583954,,0,0,0,0,0,0,0,0,0,0
noise+fake_front,clean+shift,80,16,CleanCoop,0,10,1,0.1,1,0.18068280816078186,,0,0,0,0,0,0,0,0,0,0
noise+fake_front,clean+shift,80,16,PrimaryRaw,0,10,1,1.0,10,0.1825501173734665,,0,0,0,0,0,0,0,0,0,0
noise+fake_front,clean+shift,80,16,PrimaryTrustCalib,0,10,1,1.0,10,0.1871468871831894,downweight,0,0,0,0,0,0,0,0,0,0
noise+fake_front,clean+shift,80,16,MultiPeerObjectGuard,0,10,1,1.0,10,0.18068280816078186,downweight,0,1,0,0,6,3,6,3,0,25
noise+fake_front,clean+shift,80,17,EgoOnly,0,10,0,0.0,0,0.21152329444885254,,0,0,0,0,0,0,0,0,0,0
noise+fake_front,clean+shift,80,17,CleanCoop,0,10,0,0.0,0,0.17493025958538055,,0,0,0,0,0,0,0,0,0,0
noise+fake_front,clean+shift,80,17,PrimaryRaw,0,10,1,1.0,10,0.17510290443897247,,0,0,0,0,0,0,0,0,0,0
noise+fake_front,clean+shift,80,17,PrimaryTrustCalib,0,10,1,1.0,10,0.1759844720363617,downweight,0,0,0,0,0,0,0,0,0,0
noise+fake_front,clean+shift,80,17,MultiPeerObjectGuard,0,10,1,1.0,10,0.17634598910808563,downweight,0,1,0,0,6,3,6,3,0,18
noise+fake_front,clean+shift,80,18,EgoOnly,0,10,0,0.0,0,0.21265149116516113,,0,0,0,0,0,0,0,0,0,0
noise+fake_front,clean+shift,80,18,CleanCoop,0,10,0,0.0,0,0.1800854355096817,,0,0,0,0,0,0,0,0,0,0
noise+fake_front,clean+shift,80,18,PrimaryRaw,0,10,1,1.0,10,0.18079112470149994,,0,0,0,0,0,0,0,0,0,0
noise+fake_front,clean+shift,80,18,PrimaryTrustCalib,0,10,0,0.0,0,0.21265149116516113,quarantine,0,0,0,0,0,0,0,0,0,0
noise+fake_front,clean+shift,80,18,MultiPeerObjectGuard,0,10,0,0.0,0,0.17238740622997284,quarantine,0,0,0,0,24,22,24,22,0,0
noise+fake_front,clean+shift,80,19,EgoOnly,0,10,0,0.0,0,0.21806436777114868,,0,0,0,0,0,0,0,0,0,0
noise+fake_front,clean+shift,80,19,CleanCoop,0,10,0,0.0,0,0.1904759705066681,,0,0,0,0,0,0,0,0,0,0
noise+fake_front,clean+shift,80,19,PrimaryRaw,0,10,1,0.8,8,0.1907193809747696,,0,0,0,0,0,0,0,0,0,0
noise+fake_front,clean+shift,80,19,PrimaryTrustCalib,0,10,1,0.8,8,0.18978604674339294,downweight,0,0,0,0,0,0,0,0,0,0
noise+fake_front,clean+shift,80,19,MultiPeerObjectGuard,0,10,1,0.8,8,0.1904759705066681,downweight,0,1,0,0,5,2,5,2,0,23
noise+fake_front,clean+shift,84,0,EgoOnly,0,10,1,0.4,4,0.4182535707950592,,0,0,0,0,0,0,0,0,0,0
noise+fake_front,clean+shift,84,0,CleanCoop,0,10,1,0.4,4,0.20902104675769806,,0,0,0,0,0,0,0,0,0,0
noise+fake_front,clean+shift,84,0,PrimaryRaw,0,10,1,1.0,10,0.20086762309074402,,0,0,0,0,0,0,0,0,0,0
noise+fake_front,clean+shift,84,0,PrimaryTrustCalib,1,10,1,1.0,10,0.19901272654533386,downweight,0,0,0,0,0,0,0,0,0,0
noise+fake_front,clean+shift,84,0,MultiPeerObjectGuard,1,10,1,1.0,10,0.19749394059181213,downweight,0,1,0,0,1,0,1,0,0,6
noise+fake_front,clean+shift,84,1,EgoOnly,0,10,1,0.3,3,0.4177023768424988,,0,0,0,0,0,0,0,0,0,0
noise+fake_front,clean+shift,84,1,CleanCoop,0,10,1,0.3,3,0.20877814292907715,,0,0,0,0,0,0,0,0,0,0
noise+fake_front,clean+shift,84,1,PrimaryRaw,0,10,1,1.0,10,0.19949308037757874,,0,0,0,0,0,0,0,0,0,0
noise+fake_front,clean+shift,84,1,PrimaryTrustCalib,0,10,1,0.3,3,0.4177023768424988,quarantine,0,0,0,0,0,0,0,0,0,0
noise+fake_front,clean+shift,84,1,MultiPeerObjectGuard,0,10,1,0.3,3,0.20877814292907715,quarantine,0,0,0,0,7,7,7,7,0,0
noise+fake_front,clean+shift,84,2,EgoOnly,0,10,1,0.2,2,0.41164085268974304,,0,0,0,0,0,0,0,0,0,0
noise+fake_front,clean+shift,84,2,CleanCoop,0,10,1,0.2,2,0.20905384421348572,,0,0,0,0,0,0,0,0,0,0
noise+fake_front,clean+shift,84,2,PrimaryRaw,1,10,1,1.0,10,0.1915482133626938,,0,0,0,0,0,0,0,0,0,0
noise+fake_front,clean+shift,84,2,PrimaryTrustCalib,0,10,1,0.2,2,0.41164085268974304,quarantine,0,0,0,0,0,0,0,0,0,0
noise+fake_front,clean+shift,84,2,MultiPeerObjectGuard,0,10,1,0.2,2,0.20905384421348572,quarantine,0,0,0,0,7,7,7,7,0,0
noise+fake_front,clean+shift,84,3,EgoOnly,0,10,1,0.1,1,0.4105069935321808,,0,0,0,0,0,0,0,0,0,0
noise+fake_front,clean+shift,84,3,CleanCoop,0,10,1,0.1,1,0.20946340262889862,,0,0,0,0,0,0,0,0,0,0
noise+fake_front,clean+shift,84,3,PrimaryRaw,2,10,1,1.0,10,0.1962626725435257,,0,0,0,0,0,0,0,0,0,0
noise+fake_front,clean+shift,84,3,PrimaryTrustCalib,0,10,1,1.0,10,0.1923448145389557,downweight,0,0,0,0,0,0,0,0,0,0
noise+fake_front,clean+shift,84,3,MultiPeerObjectGuard,0,10,1,1.0,10,0.1965695023536682,downweight,0,1,0,0,4,0,4,0,0,7
noise+fake_front,clean+shift,84,4,EgoOnly,0,10,1,0.0,0,0.41123780608177185,,0,0,0,0,0,0,0,0,0,0
noise+fake_front,clean+shift,84,4,CleanCoop,0,10,0,0.0,0,0.20959880948066711,,0,0,0,0,0,0,0,0,0,0
noise+fake_front,clean+shift,84,4,PrimaryRaw,2,10,1,1.0,10,0.1945350617170334,,0,0,0,0,0,0,0,0,0,0
noise+fake_front,clean+shift,84,4,PrimaryTrustCalib,2,10,1,1.0,10,0.1936470866203308,downweight,0,0,0,0,0,0,0,0,0,0
noise+fake_front,clean+shift,84,4,MultiPeerObjectGuard,2,10,1,1.0,10,0.19907653331756592,downweight,0,1,0,0,4,2,4,2,0,5
noise+fake_front,clean+shift,84,5,EgoOnly,0,10,1,0.0,0,0.41132232546806335,,0,0,0,0,0,0,0,0,0,0
noise+fake_front,clean+shift,84,5,CleanCoop,0,10,0,0.0,0,0.20964528620243073,,0,0,0,0,0,0,0,0,0,0
noise+fake_front,clean+shift,84,5,PrimaryRaw,3,10,1,1.0,10,0.20020604133605957,,0,0,0,0,0,0,0,0,0,0
noise+fake_front,clean+shift,84,5,PrimaryTrustCalib,2,10,1,1.0,10,0.1998017430305481,downweight,0,0,0,0,0,0,0,0,0,0
noise+fake_front,clean+shift,84,5,MultiPeerObjectGuard,2,10,1,1.0,10,0.1986674815416336,downweight,0,1,0,0,1,0,1,0,0,7
noise+fake_front,clean+shift,84,6,EgoOnly,0,10,1,0.0,0,0.411080926656723,,0,0,0,0,0,0,0,0,0,0
noise+fake_front,clean+shift,84,6,CleanCoop,0,10,0,0.0,0,0.21024693548679352,,0,0,0,0,0,0,0,0,0,0
noise+fake_front,clean+shift,84,6,PrimaryRaw,2,10,1,1.0,10,0.19792385399341583,,0,0,0,0,0,0,0,0,0,0
noise+fake_front,clean+shift,84,6,PrimaryTrustCalib,1,10,1,1.0,10,0.195726215839386,downweight,0,0,0,0,0,0,0,0,0,0
noise+fake_front,clean+shift,84,6,MultiPeerObjectGuard,1,10,1,1.0,10,0.19693149626255035,downweight,0,1,0,0,3,1,3,1,0,6
noise+fake_front,clean+shift,84,7,EgoOnly,0,10,1,0.0,0,0.4131104350090027,,0,0,0,0,0,0,0,0,0,0
noise+fake_front,clean+shift,84,7,CleanCoop,0,10,0,0.0,0,0.21120819449424744,,0,0,0,0,0,0,0,0,0,0
noise+fake_front,clean+shift,84,7,PrimaryRaw,2,10,1,1.0,10,0.20264214277267456,,0,0,0,0,0,0,0,0,0,0
noise+fake_front,clean+shift,84,7,PrimaryTrustCalib,0,10,1,0.0,0,0.4131104350090027,quarantine,0,0,0,0,0,0,0,0,0,0
noise+fake_front,clean+shift,84,7,MultiPeerObjectGuard,0,10,0,0.0,0,0.21120819449424744,quarantine,0,0,0,0,7,7,7,7,0,0
noise+fake_front,clean+shift,84,8,EgoOnly,0,10,1,0.0,0,0.4129778742790222,,0,0,0,0,0,0,0,0,0,0
noise+fake_front,clean+shift,84,8,CleanCoop,0,10,0,0.0,0,0.2122659981250763,,0,0,0,0,0,0,0,0,0,0
noise+fake_front,clean+shift,84,8,PrimaryRaw,1,10,1,1.0,10,0.20243561267852783,,0,0,0,0,0,0,0,0,0,0
noise+fake_front,clean+shift,84,8,PrimaryTrustCalib,0,10,1,1.0,10,0.20063218474388123,downweight,0,0,0,0,0,0,0,0,0,0
noise+fake_front,clean+shift,84,8,MultiPeerObjectGuard,0,10,1,1.0,10,0.1999943107366562,downweight,0,1,0,0,2,1,2,1,0,6
noise+fake_front,clean+shift,84,9,EgoOnly,0,10,1,0.0,0,0.3897363245487213,,0,0,0,0,0,0,0,0,0,0
noise+fake_front,clean+shift,84,9,CleanCoop,0,10,0,0.0,0,0.2122194766998291,,0,0,0,0,0,0,0,0,0,0
noise+fake_front,clean+shift,84,9,PrimaryRaw,0,10,1,1.0,10,0.2019927203655243,,0,0,0,0,0,0,0,0,0,0
noise+fake_front,clean+shift,84,9,PrimaryTrustCalib,0,10,1,1.0,10,0.2032148391008377,downweight,0,0,0,0,0,0,0,0,0,0
noise+fake_front,clean+shift,84,9,MultiPeerObjectGuard,0,10,1,1.0,10,0.2018057107925415,downweight,0,1,0,0,1,0,1,0,0,7
noise+fake_front,clean+shift,84,10,EgoOnly,0,10,1,0.0,0,0.3893827795982361,,0,0,0,0,0,0,0,0,0,0
noise+fake_front,clean+shift,84,10,CleanCoop,0,10,0,0.0,0,0.21167747676372528,,0,0,0,0,0,0,0,0,0,0
noise+fake_front,clean+shift,84,10,PrimaryRaw,0,10,1,1.0,10,0.20410139858722687,,0,0,0,0,0,0,0,0,0,0
noise+fake_front,clean+shift,84,10,PrimaryTrustCalib,0,10,1,1.0,10,0.2056117206811905,downweight,0,0,0,0,0,0,0,0,0,0
noise+fake_front,clean+shift,84,10,MultiPeerObjectGuard,0,10,1,1.0,10,0.2022678256034851,downweight,0,1,0,0,2,1,2,1,0,6
noise+fake_front,clean+shift,84,11,EgoOnly,0,10,0,0.0,0,0.27983108162879944,,0,0,0,0,0,0,0,0,0,0
noise+fake_front,clean+shift,84,11,CleanCoop,0,10,0,0.0,0,0.20945408940315247,,0,0,0,0,0,0,0,0,0,0
noise+fake_front,clean+shift,84,11,PrimaryRaw,0,10,1,1.0,10,0.19994094967842102,,0,0,0,0,0,0,0,0,0,0
noise+fake_front,clean+shift,84,11,PrimaryTrustCalib,0,10,1,1.0,10,0.20146244764328003,downweight,0,0,0,0,0,0,0,0,0,0
noise+fake_front,clean+shift,84,11,MultiPeerObjectGuard,0,10,1,1.0,10,0.20026546716690063,downweight,0,1,0,0,1,0,1,0,0,11
noise+fake_front,clean+shift,84,12,EgoOnly,0,10,0,0.0,0,0.2017708718776703,,0,0,0,0,0,0,0,0,0,0
noise+fake_front,clean+shift,84,12,CleanCoop,0,10,0,0.0,0,0.21023781597614288,,0,0,0,0,0,0,0,0,0,0
noise+fake_front,clean+shift,84,12,PrimaryRaw,0,10,1,1.0,10,0.1971079409122467,,0,0,0,0,0,0,0,0,0,0
noise+fake_front,clean+shift,84,12,PrimaryTrustCalib,0,10,1,1.0,10,0.19857780635356903,downweight,0,0,0,0,0,0,0,0,0,0
noise+fake_front,clean+shift,84,12,MultiPeerObjectGuard,0,10,1,1.0,10,0.2006249576807022,downweight,0,1,0,0,3,0,3,0,0,13
noise+fake_front,clean+shift,84,13,EgoOnly,0,10,0,0.0,0,0.18252120912075043,,0,0,0,0,0,0,0,0,0,0
noise+fake_front,clean+shift,84,13,CleanCoop,0,10,0,0.0,0,0.21002808213233948,,0,0,0,0,0,0,0,0,0,0
noise+fake_front,clean+shift,84,13,PrimaryRaw,0,10,1,1.0,10,0.1963268518447876,,0,0,0,0,0,0,0,0,0,0
noise+fake_front,clean+shift,84,13,PrimaryTrustCalib,0,10,1,1.0,10,0.19795602560043335,downweight,0,0,0,0,0,0,0,0,0,0
noise+fake_front,clean+shift,84,13,MultiPeerObjectGuard,0,10,1,1.0,10,0.19126790761947632,downweight,0,1,0,0,5,1,5,1,0,13
noise+fake_front,clean+shift,84,14,EgoOnly,0,10,0,0.0,0,0.179918572306633,,0,0,0,0,0,0,0,0,0,0
noise+fake_front,clean+shift,84,14,CleanCoop,0,10,0,0.0,0,0.2122393250465393,,0,0,0,0,0,0,0,0,0,0
noise+fake_front,clean+shift,84,14,PrimaryRaw,0,10,1,1.0,10,0.20533764362335205,,0,0,0,0,0,0,0,0,0,0
noise+fake_front,clean+shift,84,14,PrimaryTrustCalib,0,10,1,1.0,10,0.20327448844909668,downweight,0,0,0,0,0,0,0,0,0,0
noise+fake_front,clean+shift,84,14,MultiPeerObjectGuard,0,10,1,1.0,10,0.2012663334608078,downweight,0,1,0,0,1,0,1,0,0,13
noise+fake_front,clean+shift,84,15,EgoOnly,0,10,0,0.0,0,0.18357977271080017,,0,0,0,0,0,0,0,0,0,0
noise+fake_front,clean+shift,84,15,CleanCoop,0,10,0,0.0,0,0.21388226747512817,,0,0,0,0,0,0,0,0,0,0
noise+fake_front,clean+shift,84,15,PrimaryRaw,0,10,1,1.0,10,0.19934985041618347,,0,0,0,0,0,0,0,0,0,0
noise+fake_front,clean+shift,84,15,PrimaryTrustCalib,0,10,0,0.0,0,0.18357977271080017,quarantine,0,0,0,0,0,0,0,0,0,0
noise+fake_front,clean+shift,84,15,MultiPeerObjectGuard,0,10,0,0.0,0,0.17252884805202484,quarantine,0,0,0,0,14,11,14,11,0,0
noise+fake_front,clean+shift,84,16,EgoOnly,0,10,0,0.0,0,0.14912669360637665,,0,0,0,0,0,0,0,0,0,0
noise+fake_front,clean+shift,84,16,CleanCoop,0,10,0,0.0,0,0.2183811366558075,,0,0,0,0,0,0,0,0,0,0
noise+fake_front,clean+shift,84,16,PrimaryRaw,0,10,1,1.0,10,0.20330184698104858,,0,0,0,0,0,0,0,0,0,0
noise+fake_front,clean+shift,84,16,PrimaryTrustCalib,0,10,0,0.0,0,0.14912669360637665,quarantine,0,0,0,0,0,0,0,0,0,0
noise+fake_front,clean+shift,84,16,MultiPeerObjectGuard,0,10,0,0.0,0,0.17463621497154236,quarantine,0,0,0,0,15,12,15,12,0,0
noise+fake_front,clean+shift,84,17,EgoOnly,0,10,0,0.0,0,0.18478238582611084,,0,0,0,0,0,0,0,0,0,0
noise+fake_front,clean+shift,84,17,CleanCoop,0,10,0,0.0,0,0.22846126556396484,,0,0,0,0,0,0,0,0,0,0
noise+fake_front,clean+shift,84,17,PrimaryRaw,0,10,1,1.0,10,0.20478519797325134,,0,0,0,0,0,0,0,0,0,0
noise+fake_front,clean+shift,84,17,PrimaryTrustCalib,0,10,1,1.0,10,0.20763152837753296,correct,0,0,0,0,0,0,0,0,0,0
noise+fake_front,clean+shift,84,17,MultiPeerObjectGuard,0,10,1,1.0,10,0.21503107249736786,correct,0,1,0,0,3,1,3,1,0,13
noise+fake_front,clean+shift,84,18,EgoOnly,0,10,0,0.0,0,0.18072152137756348,,0,0,0,0,0,0,0,0,0,0
noise+fake_front,clean+shift,84,18,CleanCoop,0,10,0,0.0,0,0.24951142072677612,,0,0,0,0,0,0,0,0,0,0
noise+fake_front,clean+shift,84,18,PrimaryRaw,0,10,1,1.0,10,0.2069886177778244,,0,0,0,0,0,0,0,0,0,0
noise+fake_front,clean+shift,84,18,PrimaryTrustCalib,0,10,1,1.0,10,0.2035105675458908,downweight,0,0,0,0,0,0,0,0,0,0
noise+fake_front,clean+shift,84,18,MultiPeerObjectGuard,0,10,1,1.0,10,0.22799453139305115,downweight,0,1,0,0,2,0,2,0,0,13
noise+fake_front,clean+shift,84,19,EgoOnly,0,10,0,0.0,0,0.17986692488193512,,0,0,0,0,0,0,0,0,0,0
noise+fake_front,clean+shift,84,19,CleanCoop,0,10,0,0.0,0,0.26487329602241516,,0,0,0,0,0,0,0,0,0,0
noise+fake_front,clean+shift,84,19,PrimaryRaw,0,10,1,1.0,10,0.2403416484594345,,0,0,0,0,0,0,0,0,0,0
noise+fake_front,clean+shift,84,19,PrimaryTrustCalib,0,10,0,0.0,0,0.17986692488193512,quarantine,0,0,0,0,0,0,0,0,0,0
noise+fake_front,clean+shift,84,19,MultiPeerObjectGuard,0,10,0,0.0,0,0.19682417809963226,quarantine,0,0,0,0,13,10,13,10,0,0
noise+fake_front,clean+shift,86,0,EgoOnly,0,10,0,0.0,0,0.2073809653520584,,0,0,0,0,0,0,0,0,0,0
noise+fake_front,clean+shift,86,0,CleanCoop,0,10,1,0.0,0,0.6039599180221558,,0,0,0,0,0,0,0,0,0,0
noise+fake_front,clean+shift,86,0,PrimaryRaw,0,10,1,1.0,10,0.6063347458839417,,0,0,0,0,0,0,0,0,0,0
noise+fake_front,clean+shift,86,0,PrimaryTrustCalib,0,10,1,1.0,10,0.6062959432601929,downweight,0,0,0,0,0,0,0,0,0,0
noise+fake_front,clean+shift,86,0,MultiPeerObjectGuard,0,10,1,1.0,10,0.5963411331176758,downweight,0,1,0,0,11,4,11,4,0,22
noise+fake_front,clean+shift,86,1,EgoOnly,0,10,0,0.0,0,0.1577913761138916,,0,0,0,0,0,0,0,0,0,0
noise+fake_front,clean+shift,86,1,CleanCoop,0,10,1,0.0,0,0.605368971824646,,0,0,0,0,0,0,0,0,0,0
noise+fake_front,clean+shift,86,1,PrimaryRaw,0,10,1,1.0,10,0.5916529297828674,,0,0,0,0,0,0,0,0,0,0
noise+fake_front,clean+shift,86,1,PrimaryTrustCalib,0,10,1,1.0,10,0.5910937190055847,downweight,0,0,0,0,0,0,0,0,0,0
noise+fake_front,clean+shift,86,1,MultiPeerObjectGuard,0,10,1,1.0,10,0.6130250692367554,downweight,0,1,0,0,10,4,10,4,0,23
noise+fake_front,clean+shift,86,2,EgoOnly,0,10,0,0.0,0,0.15700682997703552,,0,0,0,0,0,0,0,0,0,0
noise+fake_front,clean+shift,86,2,CleanCoop,0,10,1,0.0,0,0.6035762429237366,,0,0,0,0,0,0,0,0,0,0
noise+fake_front,clean+shift,86,2,PrimaryRaw,0,10,1,1.0,10,0.5822920799255371,,0,0,0,0,0,0,0,0,0,0
noise+fake_front,clean+shift,86,2,PrimaryTrustCalib,0,10,1,1.0,10,0.5796759128570557,downweight,0,0,0,0,0,0,0,0,0,0
noise+fake_front,clean+shift,86,2,MultiPeerObjectGuard,0,10,1,1.0,10,0.5892313122749329,downweight,0,1,0,0,6,4,6,4,0,22
noise+fake_front,clean+shift,86,3,EgoOnly,0,10,0,0.0,0,0.1557493954896927,,0,0,0,0,0,0,0,0,0,0
noise+fake_front,clean+shift,86,3,CleanCoop,0,10,1,0.0,0,0.6001852750778198,,0,0,0,0,0,0,0,0,0,0
noise+fake_front,clean+shift,86,3,PrimaryRaw,0,10,1,1.0,10,0.6047360301017761,,0,0,0,0,0,0,0,0,0,0
noise+fake_front,clean+shift,86,3,PrimaryTrustCalib,0,10,1,1.0,10,0.6077731847763062,downweight,0,0,0,0,0,0,0,0,0,0
noise+fake_front,clean+shift,86,3,MultiPeerObjectGuard,0,10,1,1.0,10,0.5992022752761841,downweight,0,1,0,0,3,1,3,1,0,25
noise+fake_front,clean+shift,86,4,EgoOnly,0,10,0,0.0,0,0.17633752524852753,,0,0,0,0,0,0,0,0,0,0
noise+fake_front,clean+shift,86,4,CleanCoop,0,10,1,0.0,0,0.5864059925079346,,0,0,0,0,0,0,0,0,0,0
noise+fake_front,clean+shift,86,4,PrimaryRaw,0,10,1,1.0,10,0.6055110096931458,,0,0,0,0,0,0,0,0,0,0
noise+fake_front,clean+shift,86,4,PrimaryTrustCalib,0,10,1,1.0,10,0.6085469126701355,downweight,0,0,0,0,0,0,0,0,0,0
noise+fake_front,clean+shift,86,4,MultiPeerObjectGuard,0,10,1,1.0,10,0.6012092232704163,downweight,0,1,0,0,4,2,4,2,0,27
noise+fake_front,clean+shift,86,5,EgoOnly,0,10,0,0.0,0,0.17999820411205292,,0,0,0,0,0,0,0,0,0,0
noise+fake_front,clean+shift,86,5,CleanCoop,0,10,1,0.0,0,0.5767613649368286,,0,0,0,0,0,0,0,0,0,0
noise+fake_front,clean+shift,86,5,PrimaryRaw,0,10,1,1.0,10,0.523457407951355,,0,0,0,0,0,0,0,0,0,0
noise+fake_front,clean+shift,86,5,PrimaryTrustCalib,0,10,1,1.0,10,0.5398371815681458,downweight,0,0,0,0,0,0,0,0,0,0
noise+fake_front,clean+shift,86,5,MultiPeerObjectGuard,0,10,1,1.0,10,0.578553318977356,downweight,0,1,0,0,6,2,6,2,0,28
noise+fake_front,clean+shift,86,6,EgoOnly,0,10,0,0.0,0,0.17460046708583832,,0,0,0,0,0,0,0,0,0,0
noise+fake_front,clean+shift,86,6,CleanCoop,0,10,1,0.0,0,0.5588282346725464,,0,0,0,0,0,0,0,0,0,0
noise+fake_front,clean+shift,86,6,PrimaryRaw,0,10,1,1.0,10,0.5607768297195435,,0,0,0,0,0,0,0,0,0,0
noise+fake_front,clean+shift,86,6,PrimaryTrustCalib,0,10,1,1.0,10,0.5520365834236145,downweight,0,0,0,0,0,0,0,0,0,0
noise+fake_front,clean+shift,86,6,MultiPeerObjectGuard,0,10,1,1.0,10,0.5543875694274902,downweight,0,1,0,0,11,3,11,3,0,28
noise+fake_front,clean+shift,86,7,EgoOnly,0,10,0,0.0,0,0.18190228939056396,,0,0,0,0,0,0,0,0,0,0
noise+fake_front,clean+shift,86,7,CleanCoop,0,10,1,0.0,0,0.5371663570404053,,0,0,0,0,0,0,0,0,0,0
noise+fake_front,clean+shift,86,7,PrimaryRaw,0,10,1,1.0,10,0.5050485134124756,,0,0,0,0,0,0,0,0,0,0
noise+fake_front,clean+shift,86,7,PrimaryTrustCalib,0,10,1,1.0,10,0.5040029287338257,downweight,0,0,0,0,0,0,0,0,0,0
noise+fake_front,clean+shift,86,7,MultiPeerObjectGuard,0,10,1,1.0,10,0.5371663570404053,downweight,0,1,0,0,5,0,5,0,0,28
noise+fake_front,clean+shift,86,8,EgoOnly,0,10,0,0.0,0,0.1669505387544632,,0,0,0,0,0,0,0,0,0,0
noise+fake_front,clean+shift,86,8,CleanCoop,0,10,1,0.0,0,0.5490862727165222,,0,0,0,0,0,0,0,0,0,0
noise+fake_front,clean+shift,86,8,PrimaryRaw,0,10,1,1.0,10,0.5392019748687744,,0,0,0,0,0,0,0,0,0,0
noise+fake_front,clean+shift,86,8,PrimaryTrustCalib,0,10,1,1.0,10,0.5566959977149963,downweight,0,0,0,0,0,0,0,0,0,0
noise+fake_front,clean+shift,86,8,MultiPeerObjectGuard,0,10,1,1.0,10,0.5475786328315735,downweight,0,1,0,0,13,8,13,8,0,21
noise+fake_front,clean+shift,86,9,EgoOnly,0,10,0,0.0,0,0.16206564009189606,,0,0,0,0,0,0,0,0,0,0
noise+fake_front,clean+shift,86,9,CleanCoop,0,10,1,0.0,0,0.5531414151191711,,0,0,0,0,0,0,0,0,0,0
noise+fake_front,clean+shift,86,9,PrimaryRaw,0,10,1,1.0,10,0.5411809682846069,,0,0,0,0,0,0,0,0,0,0
noise+fake_front,clean+shift,86,9,PrimaryTrustCalib,0,10,1,1.0,10,0.5404119491577148,downweight,0,0,0,0,0,0,0,0,0,0
noise+fake_front,clean+shift,86,9,MultiPeerObjectGuard,0,10,1,1.0,10,0.5257818698883057,downweight,0,1,0,0,6,3,6,3,0,23
noise+fake_front,clean+shift,86,10,EgoOnly,0,10,0,0.0,0,0.1582689881324768,,0,0,0,0,0,0,0,0,0,0
noise+fake_front,clean+shift,86,10,CleanCoop,0,10,1,0.0,0,0.5368629693984985,,0,0,0,0,0,0,0,0,0,0
noise+fake_front,clean+shift,86,10,PrimaryRaw,0,10,1,1.0,10,0.5303998589515686,,0,0,0,0,0,0,0,0,0,0
noise+fake_front,clean+shift,86,10,PrimaryTrustCalib,0,10,1,1.0,10,0.5260961651802063,downweight,0,0,0,0,0,0,0,0,0,0
noise+fake_front,clean+shift,86,10,MultiPeerObjectGuard,0,10,1,1.0,10,0.5313332676887512,downweight,0,1,0,0,8,2,8,2,0,24
noise+fake_front,clean+shift,86,11,EgoOnly,0,10,0,0.0,0,0.15948545932769775,,0,0,0,0,0,0,0,0,0,0
noise+fake_front,clean+shift,86,11,CleanCoop,0,10,1,0.0,0,0.52663654088974,,0,0,0,0,0,0,0,0,0,0
noise+fake_front,clean+shift,86,11,PrimaryRaw,0,10,1,1.0,10,0.4786526560783386,,0,0,0,0,0,0,0,0,0,0
noise+fake_front,clean+shift,86,11,PrimaryTrustCalib,0,10,0,0.0,0,0.15948545932769775,quarantine,0,0,0,0,0,0,0,0,0,0
noise+fake_front,clean+shift,86,11,MultiPeerObjectGuard,0,10,1,0.0,0,0.52663654088974,quarantine,0,0,0,0,28,25,28,25,0,0
noise+fake_front,clean+shift,86,12,EgoOnly,0,10,0,0.0,0,0.24978876113891602,,0,0,0,0,0,0,0,0,0,0
noise+fake_front,clean+shift,86,12,CleanCoop,0,10,1,0.0,0,0.5109419226646423,,0,0,0,0,0,0,0,0,0,0
noise+fake_front,clean+shift,86,12,PrimaryRaw,0,10,1,1.0,10,0.5153058767318726,,0,0,0,0,0,0,0,0,0,0
noise+fake_front,clean+shift,86,12,PrimaryTrustCalib,0,10,0,0.0,0,0.24978876113891602,quarantine,0,0,0,0,0,0,0,0,0,0
noise+fake_front,clean+shift,86,12,MultiPeerObjectGuard,0,10,1,0.0,0,0.5109419226646423,quarantine,0,0,0,0,26,23,26,23,0,0
noise+fake_front,clean+shift,86,13,EgoOnly,0,10,1,0.0,0,0.4184597432613373,,0,0,0,0,0,0,0,0,0,0
noise+fake_front,clean+shift,86,13,CleanCoop,0,10,1,0.0,0,0.45001688599586487,,0,0,0,0,0,0,0,0,0,0
noise+fake_front,clean+shift,86,13,PrimaryRaw,0,10,1,1.0,10,0.25124895572662354,,0,0,0,0,0,0,0,0,0,0
noise+fake_front,clean+shift,86,13,PrimaryTrustCalib,0,10,1,1.0,10,0.2507093548774719,downweight,0,0,0,0,0,0,0,0,0,0
noise+fake_front,clean+shift,86,13,MultiPeerObjectGuard,0,10,1,1.0,10,0.26384031772613525,downweight,0,1,0,0,8,3,8,3,0,25
noise+fake_front,clean+shift,86,14,EgoOnly,0,10,1,0.0,0,0.3290228843688965,,0,0,0,0,0,0,0,0,0,0
noise+fake_front,clean+shift,86,14,CleanCoop,0,10,1,0.0,0,0.45378270745277405,,0,0,0,0,0,0,0,0,0,0
noise+fake_front,clean+shift,86,14,PrimaryRaw,0,10,1,1.0,10,0.4910747706890106,,0,0,0,0,0,0,0,0,0,0
noise+fake_front,clean+shift,86,14,PrimaryTrustCalib,0,10,1,1.0,10,0.5031348466873169,correct,0,0,0,0,0,0,0,0,0,0
noise+fake_front,clean+shift,86,14,MultiPeerObjectGuard,0,10,1,1.0,10,0.45494335889816284,correct,0,1,0,0,7,3,7,3,0,24
noise+fake_front,clean+shift,86,15,EgoOnly,0,10,0,0.0,0,0.16197246313095093,,0,0,0,0,0,0,0,0,0,0
noise+fake_front,clean+shift,86,15,CleanCoop,0,10,1,0.0,0,0.3521636724472046,,0,0,0,0,0,0,0,0,0,0
noise+fake_front,clean+shift,86,15,PrimaryRaw,0,10,1,1.0,10,0.32137370109558105,,0,0,0,0,0,0,0,0,0,0
noise+fake_front,clean+shift,86,15,PrimaryTrustCalib,0,10,1,1.0,10,0.2754063010215759,downweight,0,0,0,0,0,0,0,0,0,0
noise+fake_front,clean+shift,86,15,MultiPeerObjectGuard,0,10,1,1.0,10,0.3511888086795807,downweight,0,1,0,0,14,4,14,4,0,30
noise+fake_front,clean+shift,86,16,EgoOnly,0,10,1,0.0,0,0.39353546500205994,,0,0,0,0,0,0,0,0,0,0
noise+fake_front,clean+shift,86,16,CleanCoop,0,10,1,0.0,0,0.32942700386047363,,0,0,0,0,0,0,0,0,0,0
noise+fake_front,clean+shift,86,16,PrimaryRaw,0,10,1,1.0,10,0.30339667201042175,,0,0,0,0,0,0,0,0,0,0
noise+fake_front,clean+shift,86,16,PrimaryTrustCalib,0,10,1,0.0,0,0.39353546500205994,quarantine,0,0,0,0,0,0,0,0,0,0
noise+fake_front,clean+shift,86,16,MultiPeerObjectGuard,0,10,1,0.0,0,0.32942700386047363,quarantine,0,0,0,0,29,28,29,28,0,0
noise+fake_front,clean+shift,86,17,EgoOnly,0,10,0,0.0,0,0.14881467819213867,,0,0,0,0,0,0,0,0,0,0
noise+fake_front,clean+shift,86,17,CleanCoop,0,10,0,0.0,0,0.2902887761592865,,0,0,0,0,0,0,0,0,0,0
noise+fake_front,clean+shift,86,17,PrimaryRaw,0,10,1,1.0,10,0.2749437093734741,,0,0,0,0,0,0,0,0,0,0
noise+fake_front,clean+shift,86,17,PrimaryTrustCalib,0,10,1,1.0,10,0.2632644474506378,downweight,0,0,0,0,0,0,0,0,0,0
noise+fake_front,clean+shift,86,17,MultiPeerObjectGuard,0,10,1,1.0,10,0.28906556963920593,downweight,0,1,0,0,9,1,9,1,0,30
noise+fake_front,clean+shift,86,18,EgoOnly,0,10,0,0.0,0,0.2187369167804718,,0,0,0,0,0,0,0,0,0,0
noise+fake_front,clean+shift,86,18,CleanCoop,0,10,0,0.0,0,0.28301361203193665,,0,0,0,0,0,0,0,0,0,0
noise+fake_front,clean+shift,86,18,PrimaryRaw,0,10,1,1.0,10,0.2863948941230774,,0,0,0,0,0,0,0,0,0,0
noise+fake_front,clean+shift,86,18,PrimaryTrustCalib,0,10,1,1.0,10,0.2902528941631317,downweight,0,0,0,0,0,0,0,0,0,0
noise+fake_front,clean+shift,86,18,MultiPeerObjectGuard,0,10,1,1.0,10,0.29103150963783264,downweight,0,1,0,0,10,6,10,6,0,21
noise+fake_front,clean+shift,86,19,EgoOnly,0,10,0,0.0,0,0.12827841937541962,,0,0,0,0,0,0,0,0,0,0
noise+fake_front,clean+shift,86,19,CleanCoop,0,10,0,0.0,0,0.26988333463668823,,0,0,0,0,0,0,0,0,0,0
noise+fake_front,clean+shift,86,19,PrimaryRaw,0,10,1,1.0,10,0.2627010643482208,,0,0,0,0,0,0,0,0,0,0
noise+fake_front,clean+shift,86,19,PrimaryTrustCalib,0,10,1,1.0,10,0.26406794786453247,downweight,0,0,0,0,0,0,0,0,0,0
noise+fake_front,clean+shift,86,19,MultiPeerObjectGuard,0,10,1,1.0,10,0.26870039105415344,downweight,0,1,0,0,7,1,7,1,0,29
noise+fake_front,clean+shift,92,0,EgoOnly,0,10,1,0.0,0,0.3633694350719452,,0,0,0,0,0,0,0,0,0,0
noise+fake_front,clean+shift,92,0,CleanCoop,0,10,0,0.0,0,0.1817886233329773,,0,0,0,0,0,0,0,0,0,0
noise+fake_front,clean+shift,92,0,PrimaryRaw,0,10,1,1.0,10,0.18528415262699127,,0,0,0,0,0,0,0,0,0,0
noise+fake_front,clean+shift,92,0,PrimaryTrustCalib,0,10,1,0.0,0,0.3633694350719452,quarantine,0,0,0,0,0,0,0,0,0,0
noise+fake_front,clean+shift,92,0,MultiPeerObjectGuard,0,10,0,0.0,0,0.1817886233329773,quarantine,0,0,0,0,6,6,6,6,0,0
noise+fake_front,clean+shift,92,1,EgoOnly,0,10,1,0.0,0,0.33302822709083557,,0,0,0,0,0,0,0,0,0,0
noise+fake_front,clean+shift,92,1,CleanCoop,0,10,0,0.0,0,0.18299297988414764,,0,0,0,0,0,0,0,0,0,0
noise+fake_front,clean+shift,92,1,PrimaryRaw,0,10,1,1.0,10,0.18472155928611755,,0,0,0,0,0,0,0,0,0,0
noise+fake_front,clean+shift,92,1,PrimaryTrustCalib,0,10,1,1.0,10,0.182168647646904,downweight,0,0,0,0,0,0,0,0,0,0
noise+fake_front,clean+shift,92,1,MultiPeerObjectGuard,0,10,1,1.0,10,0.17945271730422974,downweight,0,1,0,0,2,0,2,0,0,6
noise+fake_front,clean+shift,92,2,EgoOnly,0,10,1,0.0,0,0.31321704387664795,,0,0,0,0,0,0,0,0,0,0
noise+fake_front,clean+shift,92,2,CleanCoop,0,10,0,0.0,0,0.18491201102733612,,0,0,0,0,0,0,0,0,0,0
noise+fake_front,clean+shift,92,2,PrimaryRaw,0,10,1,1.0,10,0.1797245740890503,,0,0,0,0,0,0,0,0,0,0
noise+fake_front,clean+shift,92,2,PrimaryTrustCalib,0,10,1,0.0,0,0.31321704387664795,quarantine,0,0,0,0,0,0,0,0,0,0
noise+fake_front,clean+shift,92,2,MultiPeerObjectGuard,0,10,0,0.0,0,0.18491201102733612,quarantine,0,0,0,0,6,6,6,6,0,0
noise+fake_front,clean+shift,92,3,EgoOnly,0,10,0,0.0,0,0.29902780055999756,,0,0,0,0,0,0,0,0,0,0
noise+fake_front,clean+shift,92,3,CleanCoop,0,10,0,0.0,0,0.18720032274723053,,0,0,0,0,0,0,0,0,0,0
noise+fake_front,clean+shift,92,3,PrimaryRaw,0,10,1,1.0,10,0.1833302527666092,,0,0,0,0,0,0,0,0,0,0
noise+fake_front,clean+shift,92,3,PrimaryTrustCalib,0,10,1,1.0,10,0.18500155210494995,downweight,0,0,0,0,0,0,0,0,0,0
noise+fake_front,clean+shift,92,3,MultiPeerObjectGuard,0,10,1,1.0,10,0.1833743453025818,downweight,0,1,0,0,0,0,0,0,0,6
noise+fake_front,clean+shift,92,4,EgoOnly,0,10,0,0.0,0,0.2853088974952698,,0,0,0,0,0,0,0,0,0,0
noise+fake_front,clean+shift,92,4,CleanCoop,0,10,0,0.0,0,0.1889786273241043,,0,0,0,0,0,0,0,0,0,0
noise+fake_front,clean+shift,92,4,PrimaryRaw,0,10,1,1.0,10,0.17901423573493958,,0,0,0,0,0,0,0,0,0,0
noise+fake_front,clean+shift,92,4,PrimaryTrustCalib,0,10,1,1.0,10,0.18870972096920013,correct,0,0,0,0,0,0,0,0,0,0
noise+fake_front,clean+shift,92,4,MultiPeerObjectGuard,0,10,1,1.0,10,0.20715837180614471,correct,0,1,0,0,4,2,4,2,0,4
noise+fake_front,clean+shift,92,5,EgoOnly,0,10,0,0.0,0,0.2790740430355072,,0,0,0,0,0,0,0,0,0,0
noise+fake_front,clean+shift,92,5,CleanCoop,0,10,0,0.0,0,0.18470990657806396,,0,0,0,0,0,0,0,0,0,0
noise+fake_front,clean+shift,92,5,PrimaryRaw,0,10,1,1.0,10,0.16413526237010956,,0,0,0,0,0,0,0,0,0,0
noise+fake_front,clean+shift,92,5,PrimaryTrustCalib,0,10,1,1.0,10,0.16160914301872253,downweight,0,0,0,0,0,0,0,0,0,0
noise+fake_front,clean+shift,92,5,MultiPeerObjectGuard,0,10,1,1.0,10,0.17620369791984558,downweight,0,1,0,0,3,2,3,2,0,4
noise+fake_front,clean+shift,92,6,EgoOnly,0,10,0,0.0,0,0.27021825313568115,,0,0,0,0,0,0,0,0,0,0
noise+fake_front,clean+shift,92,6,CleanCoop,0,10,0,0.0,0,0.18898332118988037,,0,0,0,0,0,0,0,0,0,0
noise+fake_front,clean+shift,92,6,PrimaryRaw,0,10,1,1.0,10,0.18206413090229034,,0,0,0,0,0,0,0,0,0,0
noise+fake_front,clean+shift,92,6,PrimaryTrustCalib,0,10,1,1.0,10,0.17921896278858185,downweight,0,0,0,0,0,0,0,0,0,0
noise+fake_front,clean+shift,92,6,MultiPeerObjectGuard,0,10,1,1.0,10,0.1835644543170929,downweight,0,1,0,0,1,0,1,0,0,6
noise+fake_front,clean+shift,92,7,EgoOnly,0,10,0,0.0,0,0.15367485582828522,,0,0,0,0,0,0,0,0,0,0
noise+fake_front,clean+shift,92,7,CleanCoop,0,10,0,0.0,0,0.19530244171619415,,0,0,0,0,0,0,0,0,0,0
noise+fake_front,clean+shift,92,7,PrimaryRaw,0,10,1,1.0,10,0.18854771554470062,,0,0,0,0,0,0,0,0,0,0
noise+fake_front,clean+shift,92,7,PrimaryTrustCalib,0,10,1,1.0,10,0.1913551390171051,correct,0,0,0,0,0,0,0,0,0,0
noise+fake_front,clean+shift,92,7,MultiPeerObjectGuard,0,10,1,1.0,10,0.18998229503631592,correct,0,1,0,0,0,0,0,0,0,5
noise+fake_front,clean+shift,92,8,EgoOnly,0,10,0,0.0,0,0.15734031796455383,,0,0,0,0,0,0,0,0,0,0
noise+fake_front,clean+shift,92,8,CleanCoop,0,10,0,0.0,0,0.19649843871593475,,0,0,0,0,0,0,0,0,0,0
noise+fake_front,clean+shift,92,8,PrimaryRaw,0,10,1,1.0,10,0.1895553171634674,,0,0,0,0,0,0,0,0,0,0
noise+fake_front,clean+shift,92,8,PrimaryTrustCalib,0,10,1,1.0,10,0.1966671645641327,downweight,0,0,0,0,0,0,0,0,0,0
noise+fake_front,clean+shift,92,8,MultiPeerObjectGuard,0,10,1,1.0,10,0.191584974527359,downweight,0,1,0,0,3,0,3,0,0,5
noise+fake_front,clean+shift,92,9,EgoOnly,0,10,0,0.0,0,0.1606803983449936,,0,0,0,0,0,0,0,0,0,0
noise+fake_front,clean+shift,92,9,CleanCoop,0,10,0,0.0,0,0.22096456587314606,,0,0,0,0,0,0,0,0,0,0
noise+fake_front,clean+shift,92,9,PrimaryRaw,0,10,1,1.0,10,0.21831829845905304,,0,0,0,0,0,0,0,0,0,0
noise+fake_front,clean+shift,92,9,PrimaryTrustCalib,0,10,1,1.0,10,0.2275998294353485,downweight,0,0,0,0,0,0,0,0,0,0
noise+fake_front,clean+shift,92,9,MultiPeerObjectGuard,0,10,1,1.0,10,0.2309006005525589,downweight,0,1,0,0,3,2,3,2,0,3
noise+fake_front,clean+shift,92,10,EgoOnly,0,10,0,0.0,0,0.1438668966293335,,0,0,0,0,0,0,0,0,0,0
noise+fake_front,clean+shift,92,10,CleanCoop,0,10,0,0.0,0,0.18318825960159302,,0,0,0,0,0,0,0,0,0,0
noise+fake_front,clean+shift,92,10,PrimaryRaw,0,10,1,1.0,10,0.18060022592544556,,0,0,0,0,0,0,0,0,0,0
noise+fake_front,clean+shift,92,10,PrimaryTrustCalib,0,10,0,0.0,0,0.1438668966293335,quarantine,0,0,0,0,0,0,0,0,0,0
noise+fake_front,clean+shift,92,10,MultiPeerObjectGuard,0,10,0,0.0,0,0.18318825960159302,quarantine,0,0,0,0,5,5,5,5,0,0
noise+fake_front,clean+shift,92,11,EgoOnly,0,10,0,0.0,0,0.1701749712228775,,0,0,0,0,0,0,0,0,0,0
noise+fake_front,clean+shift,92,11,CleanCoop,0,10,0,0.0,0,0.18944185972213745,,0,0,0,0,0,0,0,0,0,0
noise+fake_front,clean+shift,92,11,PrimaryRaw,0,10,1,1.0,10,0.1800655573606491,,0,0,0,0,0,0,0,0,0,0
noise+fake_front,clean+shift,92,11,PrimaryTrustCalib,0,10,1,1.0,10,0.177447110414505,downweight,0,0,0,0,0,0,0,0,0,0
noise+fake_front,clean+shift,92,11,MultiPeerObjectGuard,0,10,1,1.0,10,0.17890752851963043,downweight,0,1,0,0,0,0,0,0,0,4
noise+fake_front,clean+shift,92,12,EgoOnly,0,10,0,0.0,0,0.17622432112693787,,0,0,0,0,0,0,0,0,0,0
noise+fake_front,clean+shift,92,12,CleanCoop,0,10,0,0.0,0,0.19356577098369598,,0,0,0,0,0,0,0,0,0,0
noise+fake_front,clean+shift,92,12,PrimaryRaw,0,10,1,1.0,10,0.18173696100711823,,0,0,0,0,0,0,0,0,0,0
noise+fake_front,clean+shift,92,12,PrimaryTrustCalib,0,10,1,1.0,10,0.18292881548404694,downweight,0,0,0,0,0,0,0,0,0,0
noise+fake_front,clean+shift,92,12,MultiPeerObjectGuard,0,10,1,1.0,10,0.18306979537010193,downweight,0,1,0,0,1,0,1,0,0,3
noise+fake_front,clean+shift,92,13,EgoOnly,0,10,0,0.0,0,0.18716631829738617,,0,0,0,0,0,0,0,0,0,0
noise+fake_front,clean+shift,92,13,CleanCoop,0,10,0,0.0,0,0.19663114845752716,,0,0,0,0,0,0,0,0,0,0
noise+fake_front,clean+shift,92,13,PrimaryRaw,0,10,1,1.0,10,0.18383751809597015,,0,0,0,0,0,0,0,0,0,0
noise+fake_front,clean+shift,92,13,PrimaryTrustCalib,0,10,1,1.0,10,0.18728254735469818,downweight,0,0,0,0,0,0,0,0,0,0
noise+fake_front,clean+shift,92,13,MultiPeerObjectGuard,0,10,1,1.0,10,0.18656909465789795,downweight,0,1,0,0,1,0,1,0,0,2
noise+fake_front,clean+shift,92,14,EgoOnly,0,10,0,0.0,0,0.19341765344142914,,0,0,0,0,0,0,0,0,0,0
noise+fake_front,clean+shift,92,14,CleanCoop,0,10,0,0.0,0,0.19907043874263763,,0,0,0,0,0,0,0,0,0,0
noise+fake_front,clean+shift,92,14,PrimaryRaw,0,10,1,1.0,10,0.1864854097366333,,0,0,0,0,0,0,0,0,0,0
noise+fake_front,clean+shift,92,14,PrimaryTrustCalib,0,10,1,1.0,10,0.18475525081157684,downweight,0,0,0,0,0,0,0,0,0,0
noise+fake_front,clean+shift,92,14,MultiPeerObjectGuard,0,10,1,1.0,10,0.18522728979587555,downweight,0,1,0,0,0,0,0,0,0,1
noise+fake_front,clean+shift,92,15,EgoOnly,0,10,0,0.0,0,0.1951228529214859,,0,0,0,0,0,0,0,0,0,0
noise+fake_front,clean+shift,92,15,CleanCoop,0,10,0,0.0,0,0.20191070437431335,,0,0,0,0,0,0,0,0,0,0
noise+fake_front,clean+shift,92,15,PrimaryRaw,0,10,1,1.0,10,0.18824772536754608,,0,0,0,0,0,0,0,0,0,0
noise+fake_front,clean+shift,92,15,PrimaryTrustCalib,0,10,1,1.0,10,0.19018948078155518,downweight,0,0,0,0,0,0,0,0,0,0
noise+fake_front,clean+shift,92,15,MultiPeerObjectGuard,0,10,1,1.0,10,0.19034944474697113,downweight,0,1,0,0,0,0,0,0,0,1
noise+fake_front,clean+shift,92,16,EgoOnly,0,10,0,0.0,0,0.1962694227695465,,0,0,0,0,0,0,0,0,0,0
noise+fake_front,clean+shift,92,16,CleanCoop,0,10,0,0.0,0,0.20387233793735504,,0,0,0,0,0,0,0,0,0,0
noise+fake_front,clean+shift,92,16,PrimaryRaw,0,10,1,1.0,10,0.19025534391403198,,0,0,0,0,0,0,0,0,0,0
noise+fake_front,clean+shift,92,16,PrimaryTrustCalib,0,10,1,1.0,10,0.18901968002319336,downweight,0,0,0,0,0,0,0,0,0,0
noise+fake_front,clean+shift,92,16,MultiPeerObjectGuard,0,10,1,1.0,10,0.18946635723114014,downweight,0,1,0,0,0,0,0,0,0,1
noise+fake_front,clean+shift,92,17,EgoOnly,0,10,0,0.0,0,0.20211383700370789,,0,0,0,0,0,0,0,0,0,0
noise+fake_front,clean+shift,92,17,CleanCoop,0,10,0,0.0,0,0.21002523601055145,,0,0,0,0,0,0,0,0,0,0
noise+fake_front,clean+shift,92,17,PrimaryRaw,0,10,1,1.0,10,0.1956009417772293,,0,0,0,0,0,0,0,0,0,0
noise+fake_front,clean+shift,92,17,PrimaryTrustCalib,0,10,0,0.0,0,0.20211383700370789,quarantine,0,0,0,0,0,0,0,0,0,0
noise+fake_front,clean+shift,92,17,MultiPeerObjectGuard,0,10,0,0.0,0,0.21002523601055145,quarantine,0,0,0,0,1,1,1,1,0,0
noise+fake_front,clean+shift,92,18,EgoOnly,0,10,0,0.0,0,0.21610702574253082,,0,0,0,0,0,0,0,0,0,0
noise+fake_front,clean+shift,92,18,CleanCoop,0,10,0,0.0,0,0.2271798998117447,,0,0,0,0,0,0,0,0,0,0
noise+fake_front,clean+shift,92,18,PrimaryRaw,0,10,1,1.0,10,0.21016718447208405,,0,0,0,0,0,0,0,0,0,0
noise+fake_front,clean+shift,92,18,PrimaryTrustCalib,0,10,1,1.0,10,0.20947301387786865,downweight,0,0,0,0,0,0,0,0,0,0
noise+fake_front,clean+shift,92,18,MultiPeerObjectGuard,0,10,1,1.0,10,0.20881801843643188,downweight,0,1,0,0,1,0,1,0,0,1
noise+fake_front,clean+shift,92,19,EgoOnly,0,10,0,0.0,0,0.22649435698986053,,0,0,0,0,0,0,0,0,0,0
noise+fake_front,clean+shift,92,19,CleanCoop,0,10,0,0.0,0,0.2406124323606491,,0,0,0,0,0,0,0,0,0,0
noise+fake_front,clean+shift,92,19,PrimaryRaw,0,10,1,1.0,10,0.2169438600540161,,0,0,0,0,0,0,0,0,0,0
noise+fake_front,clean+shift,92,19,PrimaryTrustCalib,0,10,1,1.0,10,0.21711419522762299,downweight,0,0,0,0,0,0,0,0,0,0
noise+fake_front,clean+shift,92,19,MultiPeerObjectGuard,0,10,1,1.0,10,0.21693995594978333,downweight,0,1,0,0,0,0,0,0,0,1
